joueur_id;colonne;provenance;source_url;date_reference
DFCO_001;joueur_id;metadonnee;;2026-10-08
DFCO_001;nom;source_publique_dfco;https://www.dfco.fr/effectifs/effectif-pro/;2026-10-08
DFCO_001;type_joueur;metadonnee;;2026-10-08
DFCO_001;club;source_publique_dfco;https://www.dfco.fr/effectifs/effectif-pro/;2026-10-08
DFCO_001;groupe_poste;source_publique_dfco;https://www.dfco.fr/effectifs/effectif-pro/;2026-10-08
DFCO_001;gardien;simule;;2026-10-08
DFCO_001;date_reference;metadonnee;;2026-10-08
DFCO_001;date_naissance_simulee;simule;;2026-10-08
DFCO_001;age;simule;;2026-10-08
DFCO_001;taille_cm;simule;;2026-10-08
DFCO_001;poids_kg;simule;;2026-10-08
DFCO_001;pied_fort;simule;;2026-10-08
DFCO_001;personnalite_tags;simule;;2026-10-08
DFCO_001;specialite_tags;simule;;2026-10-08
DFCO_001;langues_parlees;simule;;2026-10-08
DFCO_001;relation_equipe_score;simule;;2026-10-08
DFCO_001;satisfaction_score;simule;;2026-10-08
DFCO_001;satisfaction_motif;simule;;2026-10-08
DFCO_001;fatigue_score;simule;;2026-10-08
DFCO_001;sante_score;simule;;2026-10-08
DFCO_001;statut_sante;simule;;2026-10-08
DFCO_001;indicateur_sante;simule;;2026-10-08
DFCO_001;disponibilite;simule;;2026-10-08
DFCO_001;retour_prevu;non_disponible;;2026-10-08
DFCO_001;nb_blessures_12_mois;simule;;2026-10-08
DFCO_001;affinites_positives_ids;simule;;2026-10-08
DFCO_001;affinites_negatives_ids;simule;;2026-10-08
DFCO_001;provenance_identite;metadonnee;;2026-10-08
DFCO_001;provenance_groupe_poste;metadonnee;;2026-10-08
DFCO_001;provenance_autres_champs;metadonnee;;2026-10-08
DFCO_001;source_url;metadonnee;;2026-10-08
DFCO_001;source_consultee_le;metadonnee;;2026-10-08
DFCO_001;relation_equipe_general;simule;;2026-10-08
DFCO_001;acceleration;simule;;2026-10-08
DFCO_001;vitesse_de_pointe;simule;;2026-10-08
DFCO_001;note_vitesse;simule;;2026-10-08
DFCO_001;placement_offensif;simule;;2026-10-08
DFCO_001;finition;simule;;2026-10-08
DFCO_001;puissance_de_tir;simule;;2026-10-08
DFCO_001;tir_de_loin;simule;;2026-10-08
DFCO_001;volee;simule;;2026-10-08
DFCO_001;penalty;simule;;2026-10-08
DFCO_001;note_frappe;simule;;2026-10-08
DFCO_001;vista;simule;;2026-10-08
DFCO_001;centre;simule;;2026-10-08
DFCO_001;precision_coup_franc;simule;;2026-10-08
DFCO_001;passe_courte;simule;;2026-10-08
DFCO_001;passe_longue;simule;;2026-10-08
DFCO_001;effet;simule;;2026-10-08
DFCO_001;note_passe;simule;;2026-10-08
DFCO_001;agilite;simule;;2026-10-08
DFCO_001;equilibre;simule;;2026-10-08
DFCO_001;reactivite;simule;;2026-10-08
DFCO_001;conduite_de_balle;simule;;2026-10-08
DFCO_001;dribble;simule;;2026-10-08
DFCO_001;calme;simule;;2026-10-08
DFCO_001;note_dribble;simule;;2026-10-08
DFCO_001;interception;simule;;2026-10-08
DFCO_001;precision_de_la_tete;simule;;2026-10-08
DFCO_001;lucidite_defensive;simule;;2026-10-08
DFCO_001;tacle_debout;simule;;2026-10-08
DFCO_001;tacle_glisse;simule;;2026-10-08
DFCO_001;note_defense;simule;;2026-10-08
DFCO_001;detente;simule;;2026-10-08
DFCO_001;endurance;simule;;2026-10-08
DFCO_001;force;simule;;2026-10-08
DFCO_001;agressivite;simule;;2026-10-08
DFCO_001;note_physique;simule;;2026-10-08
DFCO_001;gardien_plongeon;simule;;2026-10-08
DFCO_001;gardien_prise_de_balle;simule;;2026-10-08
DFCO_001;gardien_jeu_au_pied;simule;;2026-10-08
DFCO_001;gardien_reflexes;simule;;2026-10-08
DFCO_001;gardien_sorties;simule;;2026-10-08
DFCO_001;gardien_placement;simule;;2026-10-08
DFCO_001;nom_fc27;non_disponible;;2026-10-08
DFCO_001;note_generale_fc27;non_disponible;;2026-10-08
DFCO_001;poste_fc27;non_disponible;;2026-10-08
DFCO_001;groupe_poste_fc27;non_disponible;;2026-10-08
DFCO_001;fc27_url;non_disponible;;2026-10-08
DFCO_001;fc27_id_fiche;non_disponible;;2026-10-08
DFCO_001;fc27_version_carte;non_disponible;;2026-10-08
DFCO_001;playstyles_fc27_observes;simule;;2026-10-08
DFCO_001;gardien_vitesse;non_disponible;;2026-10-08
DFCO_001;statut_import_fc27;metadonnee;;2026-10-08
DFCO_001;provenance_biometrie;metadonnee;;2026-10-08
DFCO_001;provenance_pied_fort;metadonnee;;2026-10-08
DFCO_001;provenance_attributs;metadonnee;;2026-10-08
DFCO_001;provenance_notes_groupes;metadonnee;;2026-10-08
DFCO_001;provenance_scenario;metadonnee;;2026-10-08
DFCO_002;joueur_id;metadonnee;;2026-10-08
DFCO_002;nom;source_publique_dfco;https://www.dfco.fr/effectifs/effectif-pro/;2026-10-08
DFCO_002;type_joueur;metadonnee;;2026-10-08
DFCO_002;club;source_publique_dfco;https://www.dfco.fr/effectifs/effectif-pro/;2026-10-08
DFCO_002;groupe_poste;source_publique_dfco;https://www.dfco.fr/effectifs/effectif-pro/;2026-10-08
DFCO_002;gardien;fc27_futwiz;https://www.futwiz.com/fc27/player/paul-delecroix/10308;2026-10-08
DFCO_002;date_reference;metadonnee;;2026-10-08
DFCO_002;date_naissance_simulee;simule;;2026-10-08
DFCO_002;age;simule;;2026-10-08
DFCO_002;taille_cm;simule;;2026-10-08
DFCO_002;poids_kg;simule;;2026-10-08
DFCO_002;pied_fort;fc27_futwiz;https://www.futwiz.com/fc27/player/paul-delecroix/10308;2026-10-08
DFCO_002;personnalite_tags;simule;;2026-10-08
DFCO_002;specialite_tags;simule;;2026-10-08
DFCO_002;langues_parlees;simule;;2026-10-08
DFCO_002;relation_equipe_score;simule;;2026-10-08
DFCO_002;satisfaction_score;simule;;2026-10-08
DFCO_002;satisfaction_motif;simule;;2026-10-08
DFCO_002;fatigue_score;simule;;2026-10-08
DFCO_002;sante_score;simule;;2026-10-08
DFCO_002;statut_sante;simule;;2026-10-08
DFCO_002;indicateur_sante;simule;;2026-10-08
DFCO_002;disponibilite;simule;;2026-10-08
DFCO_002;retour_prevu;non_disponible;;2026-10-08
DFCO_002;nb_blessures_12_mois;simule;;2026-10-08
DFCO_002;affinites_positives_ids;simule;;2026-10-08
DFCO_002;affinites_negatives_ids;simule;;2026-10-08
DFCO_002;provenance_identite;metadonnee;;2026-10-08
DFCO_002;provenance_groupe_poste;metadonnee;;2026-10-08
DFCO_002;provenance_autres_champs;metadonnee;;2026-10-08
DFCO_002;source_url;metadonnee;;2026-10-08
DFCO_002;source_consultee_le;metadonnee;;2026-10-08
DFCO_002;relation_equipe_general;simule;;2026-10-08
DFCO_002;acceleration;fc27_futwiz;https://www.futwiz.com/fc27/player/paul-delecroix/10308;2026-10-08
DFCO_002;vitesse_de_pointe;fc27_futwiz;https://www.futwiz.com/fc27/player/paul-delecroix/10308;2026-10-08
DFCO_002;note_vitesse;fc27_futwiz;https://www.futwiz.com/fc27/player/paul-delecroix/10308;2026-10-08
DFCO_002;placement_offensif;fc27_futwiz;https://www.futwiz.com/fc27/player/paul-delecroix/10308;2026-10-08
DFCO_002;finition;fc27_futwiz;https://www.futwiz.com/fc27/player/paul-delecroix/10308;2026-10-08
DFCO_002;puissance_de_tir;fc27_futwiz;https://www.futwiz.com/fc27/player/paul-delecroix/10308;2026-10-08
DFCO_002;tir_de_loin;fc27_futwiz;https://www.futwiz.com/fc27/player/paul-delecroix/10308;2026-10-08
DFCO_002;volee;fc27_futwiz;https://www.futwiz.com/fc27/player/paul-delecroix/10308;2026-10-08
DFCO_002;penalty;fc27_futwiz;https://www.futwiz.com/fc27/player/paul-delecroix/10308;2026-10-08
DFCO_002;note_frappe;fc27_futwiz;https://www.futwiz.com/fc27/player/paul-delecroix/10308;2026-10-08
DFCO_002;vista;fc27_futwiz;https://www.futwiz.com/fc27/player/paul-delecroix/10308;2026-10-08
DFCO_002;centre;fc27_futwiz;https://www.futwiz.com/fc27/player/paul-delecroix/10308;2026-10-08
DFCO_002;precision_coup_franc;fc27_futwiz;https://www.futwiz.com/fc27/player/paul-delecroix/10308;2026-10-08
DFCO_002;passe_courte;fc27_futwiz;https://www.futwiz.com/fc27/player/paul-delecroix/10308;2026-10-08
DFCO_002;passe_longue;fc27_futwiz;https://www.futwiz.com/fc27/player/paul-delecroix/10308;2026-10-08
DFCO_002;effet;fc27_futwiz;https://www.futwiz.com/fc27/player/paul-delecroix/10308;2026-10-08
DFCO_002;note_passe;fc27_futwiz;https://www.futwiz.com/fc27/player/paul-delecroix/10308;2026-10-08
DFCO_002;agilite;fc27_futwiz;https://www.futwiz.com/fc27/player/paul-delecroix/10308;2026-10-08
DFCO_002;equilibre;fc27_futwiz;https://www.futwiz.com/fc27/player/paul-delecroix/10308;2026-10-08
DFCO_002;reactivite;fc27_futwiz;https://www.futwiz.com/fc27/player/paul-delecroix/10308;2026-10-08
DFCO_002;conduite_de_balle;fc27_futwiz;https://www.futwiz.com/fc27/player/paul-delecroix/10308;2026-10-08
DFCO_002;dribble;fc27_futwiz;https://www.futwiz.com/fc27/player/paul-delecroix/10308;2026-10-08
DFCO_002;calme;fc27_futwiz;https://www.futwiz.com/fc27/player/paul-delecroix/10308;2026-10-08
DFCO_002;note_dribble;fc27_futwiz;https://www.futwiz.com/fc27/player/paul-delecroix/10308;2026-10-08
DFCO_002;interception;fc27_futwiz;https://www.futwiz.com/fc27/player/paul-delecroix/10308;2026-10-08
DFCO_002;precision_de_la_tete;fc27_futwiz;https://www.futwiz.com/fc27/player/paul-delecroix/10308;2026-10-08
DFCO_002;lucidite_defensive;fc27_futwiz;https://www.futwiz.com/fc27/player/paul-delecroix/10308;2026-10-08
DFCO_002;tacle_debout;fc27_futwiz;https://www.futwiz.com/fc27/player/paul-delecroix/10308;2026-10-08
DFCO_002;tacle_glisse;fc27_futwiz;https://www.futwiz.com/fc27/player/paul-delecroix/10308;2026-10-08
DFCO_002;note_defense;fc27_futwiz;https://www.futwiz.com/fc27/player/paul-delecroix/10308;2026-10-08
DFCO_002;detente;fc27_futwiz;https://www.futwiz.com/fc27/player/paul-delecroix/10308;2026-10-08
DFCO_002;endurance;fc27_futwiz;https://www.futwiz.com/fc27/player/paul-delecroix/10308;2026-10-08
DFCO_002;force;fc27_futwiz;https://www.futwiz.com/fc27/player/paul-delecroix/10308;2026-10-08
DFCO_002;agressivite;fc27_futwiz;https://www.futwiz.com/fc27/player/paul-delecroix/10308;2026-10-08
DFCO_002;note_physique;fc27_futwiz;https://www.futwiz.com/fc27/player/paul-delecroix/10308;2026-10-08
DFCO_002;gardien_plongeon;fc27_futwiz;https://www.futwiz.com/fc27/player/paul-delecroix/10308;2026-10-08
DFCO_002;gardien_prise_de_balle;fc27_futwiz;https://www.futwiz.com/fc27/player/paul-delecroix/10308;2026-10-08
DFCO_002;gardien_jeu_au_pied;fc27_futwiz;https://www.futwiz.com/fc27/player/paul-delecroix/10308;2026-10-08
DFCO_002;gardien_reflexes;fc27_futwiz;https://www.futwiz.com/fc27/player/paul-delecroix/10308;2026-10-08
DFCO_002;gardien_sorties;simule;;2026-10-08
DFCO_002;gardien_placement;fc27_futwiz;https://www.futwiz.com/fc27/player/paul-delecroix/10308;2026-10-08
DFCO_002;nom_fc27;fc27_futwiz;https://www.futwiz.com/fc27/player/paul-delecroix/10308;2026-10-08
DFCO_002;note_generale_fc27;fc27_futwiz;https://www.futwiz.com/fc27/player/paul-delecroix/10308;2026-10-08
DFCO_002;poste_fc27;fc27_futwiz;https://www.futwiz.com/fc27/player/paul-delecroix/10308;2026-10-08
DFCO_002;groupe_poste_fc27;derive_fc27;https://www.futwiz.com/fc27/player/paul-delecroix/10308;2026-10-08
DFCO_002;fc27_url;metadonnee;;2026-10-08
DFCO_002;fc27_id_fiche;metadonnee;;2026-10-08
DFCO_002;fc27_version_carte;metadonnee;;2026-10-08
DFCO_002;playstyles_fc27_observes;fc27_futwiz;https://www.futwiz.com/fc27/player/paul-delecroix/10308;2026-10-08
DFCO_002;gardien_vitesse;fc27_futwiz;https://www.futwiz.com/fc27/player/paul-delecroix/10308;2026-10-08
DFCO_002;statut_import_fc27;metadonnee;;2026-10-08
DFCO_002;provenance_biometrie;metadonnee;;2026-10-08
DFCO_002;provenance_pied_fort;metadonnee;;2026-10-08
DFCO_002;provenance_attributs;metadonnee;;2026-10-08
DFCO_002;provenance_notes_groupes;metadonnee;;2026-10-08
DFCO_002;provenance_scenario;metadonnee;;2026-10-08
DFCO_003;joueur_id;metadonnee;;2026-10-08
DFCO_003;nom;source_publique_dfco;https://www.dfco.fr/effectifs/effectif-pro/;2026-10-08
DFCO_003;type_joueur;metadonnee;;2026-10-08
DFCO_003;club;source_publique_dfco;https://www.dfco.fr/effectifs/effectif-pro/;2026-10-08
DFCO_003;groupe_poste;source_publique_dfco;https://www.dfco.fr/effectifs/effectif-pro/;2026-10-08
DFCO_003;gardien;fc27_futwiz;https://www.futwiz.com/fc27/player/ylann-marie-rose/21169;2026-10-08
DFCO_003;date_reference;metadonnee;;2026-10-08
DFCO_003;date_naissance_simulee;simule;;2026-10-08
DFCO_003;age;simule;;2026-10-08
DFCO_003;taille_cm;simule;;2026-10-08
DFCO_003;poids_kg;simule;;2026-10-08
DFCO_003;pied_fort;fc27_futwiz;https://www.futwiz.com/fc27/player/ylann-marie-rose/21169;2026-10-08
DFCO_003;personnalite_tags;simule;;2026-10-08
DFCO_003;specialite_tags;simule;;2026-10-08
DFCO_003;langues_parlees;simule;;2026-10-08
DFCO_003;relation_equipe_score;simule;;2026-10-08
DFCO_003;satisfaction_score;simule;;2026-10-08
DFCO_003;satisfaction_motif;simule;;2026-10-08
DFCO_003;fatigue_score;simule;;2026-10-08
DFCO_003;sante_score;simule;;2026-10-08
DFCO_003;statut_sante;simule;;2026-10-08
DFCO_003;indicateur_sante;simule;;2026-10-08
DFCO_003;disponibilite;simule;;2026-10-08
DFCO_003;retour_prevu;non_disponible;;2026-10-08
DFCO_003;nb_blessures_12_mois;simule;;2026-10-08
DFCO_003;affinites_positives_ids;simule;;2026-10-08
DFCO_003;affinites_negatives_ids;simule;;2026-10-08
DFCO_003;provenance_identite;metadonnee;;2026-10-08
DFCO_003;provenance_groupe_poste;metadonnee;;2026-10-08
DFCO_003;provenance_autres_champs;metadonnee;;2026-10-08
DFCO_003;source_url;metadonnee;;2026-10-08
DFCO_003;source_consultee_le;metadonnee;;2026-10-08
DFCO_003;relation_equipe_general;simule;;2026-10-08
DFCO_003;acceleration;fc27_futwiz;https://www.futwiz.com/fc27/player/ylann-marie-rose/21169;2026-10-08
DFCO_003;vitesse_de_pointe;fc27_futwiz;https://www.futwiz.com/fc27/player/ylann-marie-rose/21169;2026-10-08
DFCO_003;note_vitesse;fc27_futwiz;https://www.futwiz.com/fc27/player/ylann-marie-rose/21169;2026-10-08
DFCO_003;placement_offensif;fc27_futwiz;https://www.futwiz.com/fc27/player/ylann-marie-rose/21169;2026-10-08
DFCO_003;finition;fc27_futwiz;https://www.futwiz.com/fc27/player/ylann-marie-rose/21169;2026-10-08
DFCO_003;puissance_de_tir;fc27_futwiz;https://www.futwiz.com/fc27/player/ylann-marie-rose/21169;2026-10-08
DFCO_003;tir_de_loin;fc27_futwiz;https://www.futwiz.com/fc27/player/ylann-marie-rose/21169;2026-10-08
DFCO_003;volee;fc27_futwiz;https://www.futwiz.com/fc27/player/ylann-marie-rose/21169;2026-10-08
DFCO_003;penalty;fc27_futwiz;https://www.futwiz.com/fc27/player/ylann-marie-rose/21169;2026-10-08
DFCO_003;note_frappe;fc27_futwiz;https://www.futwiz.com/fc27/player/ylann-marie-rose/21169;2026-10-08
DFCO_003;vista;fc27_futwiz;https://www.futwiz.com/fc27/player/ylann-marie-rose/21169;2026-10-08
DFCO_003;centre;fc27_futwiz;https://www.futwiz.com/fc27/player/ylann-marie-rose/21169;2026-10-08
DFCO_003;precision_coup_franc;fc27_futwiz;https://www.futwiz.com/fc27/player/ylann-marie-rose/21169;2026-10-08
DFCO_003;passe_courte;fc27_futwiz;https://www.futwiz.com/fc27/player/ylann-marie-rose/21169;2026-10-08
DFCO_003;passe_longue;fc27_futwiz;https://www.futwiz.com/fc27/player/ylann-marie-rose/21169;2026-10-08
DFCO_003;effet;fc27_futwiz;https://www.futwiz.com/fc27/player/ylann-marie-rose/21169;2026-10-08
DFCO_003;note_passe;fc27_futwiz;https://www.futwiz.com/fc27/player/ylann-marie-rose/21169;2026-10-08
DFCO_003;agilite;fc27_futwiz;https://www.futwiz.com/fc27/player/ylann-marie-rose/21169;2026-10-08
DFCO_003;equilibre;fc27_futwiz;https://www.futwiz.com/fc27/player/ylann-marie-rose/21169;2026-10-08
DFCO_003;reactivite;fc27_futwiz;https://www.futwiz.com/fc27/player/ylann-marie-rose/21169;2026-10-08
DFCO_003;conduite_de_balle;fc27_futwiz;https://www.futwiz.com/fc27/player/ylann-marie-rose/21169;2026-10-08
DFCO_003;dribble;fc27_futwiz;https://www.futwiz.com/fc27/player/ylann-marie-rose/21169;2026-10-08
DFCO_003;calme;fc27_futwiz;https://www.futwiz.com/fc27/player/ylann-marie-rose/21169;2026-10-08
DFCO_003;note_dribble;fc27_futwiz;https://www.futwiz.com/fc27/player/ylann-marie-rose/21169;2026-10-08
DFCO_003;interception;fc27_futwiz;https://www.futwiz.com/fc27/player/ylann-marie-rose/21169;2026-10-08
DFCO_003;precision_de_la_tete;fc27_futwiz;https://www.futwiz.com/fc27/player/ylann-marie-rose/21169;2026-10-08
DFCO_003;lucidite_defensive;fc27_futwiz;https://www.futwiz.com/fc27/player/ylann-marie-rose/21169;2026-10-08
DFCO_003;tacle_debout;fc27_futwiz;https://www.futwiz.com/fc27/player/ylann-marie-rose/21169;2026-10-08
DFCO_003;tacle_glisse;fc27_futwiz;https://www.futwiz.com/fc27/player/ylann-marie-rose/21169;2026-10-08
DFCO_003;note_defense;fc27_futwiz;https://www.futwiz.com/fc27/player/ylann-marie-rose/21169;2026-10-08
DFCO_003;detente;fc27_futwiz;https://www.futwiz.com/fc27/player/ylann-marie-rose/21169;2026-10-08
DFCO_003;endurance;fc27_futwiz;https://www.futwiz.com/fc27/player/ylann-marie-rose/21169;2026-10-08
DFCO_003;force;fc27_futwiz;https://www.futwiz.com/fc27/player/ylann-marie-rose/21169;2026-10-08
DFCO_003;agressivite;fc27_futwiz;https://www.futwiz.com/fc27/player/ylann-marie-rose/21169;2026-10-08
DFCO_003;note_physique;fc27_futwiz;https://www.futwiz.com/fc27/player/ylann-marie-rose/21169;2026-10-08
DFCO_003;gardien_plongeon;fc27_futwiz;https://www.futwiz.com/fc27/player/ylann-marie-rose/21169;2026-10-08
DFCO_003;gardien_prise_de_balle;fc27_futwiz;https://www.futwiz.com/fc27/player/ylann-marie-rose/21169;2026-10-08
DFCO_003;gardien_jeu_au_pied;fc27_futwiz;https://www.futwiz.com/fc27/player/ylann-marie-rose/21169;2026-10-08
DFCO_003;gardien_reflexes;fc27_futwiz;https://www.futwiz.com/fc27/player/ylann-marie-rose/21169;2026-10-08
DFCO_003;gardien_sorties;simule;;2026-10-08
DFCO_003;gardien_placement;fc27_futwiz;https://www.futwiz.com/fc27/player/ylann-marie-rose/21169;2026-10-08
DFCO_003;nom_fc27;fc27_futwiz;https://www.futwiz.com/fc27/player/ylann-marie-rose/21169;2026-10-08
DFCO_003;note_generale_fc27;fc27_futwiz;https://www.futwiz.com/fc27/player/ylann-marie-rose/21169;2026-10-08
DFCO_003;poste_fc27;fc27_futwiz;https://www.futwiz.com/fc27/player/ylann-marie-rose/21169;2026-10-08
DFCO_003;groupe_poste_fc27;derive_fc27;https://www.futwiz.com/fc27/player/ylann-marie-rose/21169;2026-10-08
DFCO_003;fc27_url;metadonnee;;2026-10-08
DFCO_003;fc27_id_fiche;metadonnee;;2026-10-08
DFCO_003;fc27_version_carte;metadonnee;;2026-10-08
DFCO_003;playstyles_fc27_observes;fc27_futwiz;https://www.futwiz.com/fc27/player/ylann-marie-rose/21169;2026-10-08
DFCO_003;gardien_vitesse;fc27_futwiz;https://www.futwiz.com/fc27/player/ylann-marie-rose/21169;2026-10-08
DFCO_003;statut_import_fc27;metadonnee;;2026-10-08
DFCO_003;provenance_biometrie;metadonnee;;2026-10-08
DFCO_003;provenance_pied_fort;metadonnee;;2026-10-08
DFCO_003;provenance_attributs;metadonnee;;2026-10-08
DFCO_003;provenance_notes_groupes;metadonnee;;2026-10-08
DFCO_003;provenance_scenario;metadonnee;;2026-10-08
DFCO_004;joueur_id;metadonnee;;2026-10-08
DFCO_004;nom;source_publique_dfco;https://www.dfco.fr/effectifs/effectif-pro/;2026-10-08
DFCO_004;type_joueur;metadonnee;;2026-10-08
DFCO_004;club;source_publique_dfco;https://www.dfco.fr/effectifs/effectif-pro/;2026-10-08
DFCO_004;groupe_poste;source_publique_dfco;https://www.dfco.fr/effectifs/effectif-pro/;2026-10-08
DFCO_004;gardien;simule;;2026-10-08
DFCO_004;date_reference;metadonnee;;2026-10-08
DFCO_004;date_naissance_simulee;simule;;2026-10-08
DFCO_004;age;simule;;2026-10-08
DFCO_004;taille_cm;simule;;2026-10-08
DFCO_004;poids_kg;simule;;2026-10-08
DFCO_004;pied_fort;simule;;2026-10-08
DFCO_004;personnalite_tags;simule;;2026-10-08
DFCO_004;specialite_tags;simule;;2026-10-08
DFCO_004;langues_parlees;simule;;2026-10-08
DFCO_004;relation_equipe_score;simule;;2026-10-08
DFCO_004;satisfaction_score;simule;;2026-10-08
DFCO_004;satisfaction_motif;simule;;2026-10-08
DFCO_004;fatigue_score;simule;;2026-10-08
DFCO_004;sante_score;simule;;2026-10-08
DFCO_004;statut_sante;simule;;2026-10-08
DFCO_004;indicateur_sante;simule;;2026-10-08
DFCO_004;disponibilite;simule;;2026-10-08
DFCO_004;retour_prevu;non_disponible;;2026-10-08
DFCO_004;nb_blessures_12_mois;simule;;2026-10-08
DFCO_004;affinites_positives_ids;simule;;2026-10-08
DFCO_004;affinites_negatives_ids;simule;;2026-10-08
DFCO_004;provenance_identite;metadonnee;;2026-10-08
DFCO_004;provenance_groupe_poste;metadonnee;;2026-10-08
DFCO_004;provenance_autres_champs;metadonnee;;2026-10-08
DFCO_004;source_url;metadonnee;;2026-10-08
DFCO_004;source_consultee_le;metadonnee;;2026-10-08
DFCO_004;relation_equipe_general;simule;;2026-10-08
DFCO_004;acceleration;simule;;2026-10-08
DFCO_004;vitesse_de_pointe;simule;;2026-10-08
DFCO_004;note_vitesse;simule;;2026-10-08
DFCO_004;placement_offensif;simule;;2026-10-08
DFCO_004;finition;simule;;2026-10-08
DFCO_004;puissance_de_tir;simule;;2026-10-08
DFCO_004;tir_de_loin;simule;;2026-10-08
DFCO_004;volee;simule;;2026-10-08
DFCO_004;penalty;simule;;2026-10-08
DFCO_004;note_frappe;simule;;2026-10-08
DFCO_004;vista;simule;;2026-10-08
DFCO_004;centre;simule;;2026-10-08
DFCO_004;precision_coup_franc;simule;;2026-10-08
DFCO_004;passe_courte;simule;;2026-10-08
DFCO_004;passe_longue;simule;;2026-10-08
DFCO_004;effet;simule;;2026-10-08
DFCO_004;note_passe;simule;;2026-10-08
DFCO_004;agilite;simule;;2026-10-08
DFCO_004;equilibre;simule;;2026-10-08
DFCO_004;reactivite;simule;;2026-10-08
DFCO_004;conduite_de_balle;simule;;2026-10-08
DFCO_004;dribble;simule;;2026-10-08
DFCO_004;calme;simule;;2026-10-08
DFCO_004;note_dribble;simule;;2026-10-08
DFCO_004;interception;simule;;2026-10-08
DFCO_004;precision_de_la_tete;simule;;2026-10-08
DFCO_004;lucidite_defensive;simule;;2026-10-08
DFCO_004;tacle_debout;simule;;2026-10-08
DFCO_004;tacle_glisse;simule;;2026-10-08
DFCO_004;note_defense;simule;;2026-10-08
DFCO_004;detente;simule;;2026-10-08
DFCO_004;endurance;simule;;2026-10-08
DFCO_004;force;simule;;2026-10-08
DFCO_004;agressivite;simule;;2026-10-08
DFCO_004;note_physique;simule;;2026-10-08
DFCO_004;gardien_plongeon;non_applicable;;2026-10-08
DFCO_004;gardien_prise_de_balle;non_applicable;;2026-10-08
DFCO_004;gardien_jeu_au_pied;non_applicable;;2026-10-08
DFCO_004;gardien_reflexes;non_applicable;;2026-10-08
DFCO_004;gardien_sorties;non_applicable;;2026-10-08
DFCO_004;gardien_placement;non_applicable;;2026-10-08
DFCO_004;nom_fc27;non_disponible;;2026-10-08
DFCO_004;note_generale_fc27;non_disponible;;2026-10-08
DFCO_004;poste_fc27;non_disponible;;2026-10-08
DFCO_004;groupe_poste_fc27;non_disponible;;2026-10-08
DFCO_004;fc27_url;non_disponible;;2026-10-08
DFCO_004;fc27_id_fiche;non_disponible;;2026-10-08
DFCO_004;fc27_version_carte;non_disponible;;2026-10-08
DFCO_004;playstyles_fc27_observes;simule;;2026-10-08
DFCO_004;gardien_vitesse;non_applicable;;2026-10-08
DFCO_004;statut_import_fc27;metadonnee;;2026-10-08
DFCO_004;provenance_biometrie;metadonnee;;2026-10-08
DFCO_004;provenance_pied_fort;metadonnee;;2026-10-08
DFCO_004;provenance_attributs;metadonnee;;2026-10-08
DFCO_004;provenance_notes_groupes;metadonnee;;2026-10-08
DFCO_004;provenance_scenario;metadonnee;;2026-10-08
DFCO_005;joueur_id;metadonnee;;2026-10-08
DFCO_005;nom;source_publique_dfco;https://www.dfco.fr/effectifs/effectif-pro/;2026-10-08
DFCO_005;type_joueur;metadonnee;;2026-10-08
DFCO_005;club;source_publique_dfco;https://www.dfco.fr/effectifs/effectif-pro/;2026-10-08
DFCO_005;groupe_poste;source_publique_dfco;https://www.dfco.fr/effectifs/effectif-pro/;2026-10-08
DFCO_005;gardien;simule;;2026-10-08
DFCO_005;date_reference;metadonnee;;2026-10-08
DFCO_005;date_naissance_simulee;simule;;2026-10-08
DFCO_005;age;simule;;2026-10-08
DFCO_005;taille_cm;simule;;2026-10-08
DFCO_005;poids_kg;simule;;2026-10-08
DFCO_005;pied_fort;simule;;2026-10-08
DFCO_005;personnalite_tags;simule;;2026-10-08
DFCO_005;specialite_tags;simule;;2026-10-08
DFCO_005;langues_parlees;simule;;2026-10-08
DFCO_005;relation_equipe_score;simule;;2026-10-08
DFCO_005;satisfaction_score;simule;;2026-10-08
DFCO_005;satisfaction_motif;simule;;2026-10-08
DFCO_005;fatigue_score;simule;;2026-10-08
DFCO_005;sante_score;simule;;2026-10-08
DFCO_005;statut_sante;simule;;2026-10-08
DFCO_005;indicateur_sante;simule;;2026-10-08
DFCO_005;disponibilite;simule;;2026-10-08
DFCO_005;retour_prevu;non_disponible;;2026-10-08
DFCO_005;nb_blessures_12_mois;simule;;2026-10-08
DFCO_005;affinites_positives_ids;simule;;2026-10-08
DFCO_005;affinites_negatives_ids;simule;;2026-10-08
DFCO_005;provenance_identite;metadonnee;;2026-10-08
DFCO_005;provenance_groupe_poste;metadonnee;;2026-10-08
DFCO_005;provenance_autres_champs;metadonnee;;2026-10-08
DFCO_005;source_url;metadonnee;;2026-10-08
DFCO_005;source_consultee_le;metadonnee;;2026-10-08
DFCO_005;relation_equipe_general;simule;;2026-10-08
DFCO_005;acceleration;simule;;2026-10-08
DFCO_005;vitesse_de_pointe;simule;;2026-10-08
DFCO_005;note_vitesse;simule;;2026-10-08
DFCO_005;placement_offensif;simule;;2026-10-08
DFCO_005;finition;simule;;2026-10-08
DFCO_005;puissance_de_tir;simule;;2026-10-08
DFCO_005;tir_de_loin;simule;;2026-10-08
DFCO_005;volee;simule;;2026-10-08
DFCO_005;penalty;simule;;2026-10-08
DFCO_005;note_frappe;simule;;2026-10-08
DFCO_005;vista;simule;;2026-10-08
DFCO_005;centre;simule;;2026-10-08
DFCO_005;precision_coup_franc;simule;;2026-10-08
DFCO_005;passe_courte;simule;;2026-10-08
DFCO_005;passe_longue;simule;;2026-10-08
DFCO_005;effet;simule;;2026-10-08
DFCO_005;note_passe;simule;;2026-10-08
DFCO_005;agilite;simule;;2026-10-08
DFCO_005;equilibre;simule;;2026-10-08
DFCO_005;reactivite;simule;;2026-10-08
DFCO_005;conduite_de_balle;simule;;2026-10-08
DFCO_005;dribble;simule;;2026-10-08
DFCO_005;calme;simule;;2026-10-08
DFCO_005;note_dribble;simule;;2026-10-08
DFCO_005;interception;simule;;2026-10-08
DFCO_005;precision_de_la_tete;simule;;2026-10-08
DFCO_005;lucidite_defensive;simule;;2026-10-08
DFCO_005;tacle_debout;simule;;2026-10-08
DFCO_005;tacle_glisse;simule;;2026-10-08
DFCO_005;note_defense;simule;;2026-10-08
DFCO_005;detente;simule;;2026-10-08
DFCO_005;endurance;simule;;2026-10-08
DFCO_005;force;simule;;2026-10-08
DFCO_005;agressivite;simule;;2026-10-08
DFCO_005;note_physique;simule;;2026-10-08
DFCO_005;gardien_plongeon;non_applicable;;2026-10-08
DFCO_005;gardien_prise_de_balle;non_applicable;;2026-10-08
DFCO_005;gardien_jeu_au_pied;non_applicable;;2026-10-08
DFCO_005;gardien_reflexes;non_applicable;;2026-10-08
DFCO_005;gardien_sorties;non_applicable;;2026-10-08
DFCO_005;gardien_placement;non_applicable;;2026-10-08
DFCO_005;nom_fc27;non_disponible;;2026-10-08
DFCO_005;note_generale_fc27;non_disponible;;2026-10-08
DFCO_005;poste_fc27;non_disponible;;2026-10-08
DFCO_005;groupe_poste_fc27;non_disponible;;2026-10-08
DFCO_005;fc27_url;non_disponible;;2026-10-08
DFCO_005;fc27_id_fiche;non_disponible;;2026-10-08
DFCO_005;fc27_version_carte;non_disponible;;2026-10-08
DFCO_005;playstyles_fc27_observes;simule;;2026-10-08
DFCO_005;gardien_vitesse;non_applicable;;2026-10-08
DFCO_005;statut_import_fc27;metadonnee;;2026-10-08
DFCO_005;provenance_biometrie;metadonnee;;2026-10-08
DFCO_005;provenance_pied_fort;metadonnee;;2026-10-08
DFCO_005;provenance_attributs;metadonnee;;2026-10-08
DFCO_005;provenance_notes_groupes;metadonnee;;2026-10-08
DFCO_005;provenance_scenario;metadonnee;;2026-10-08
DFCO_006;joueur_id;metadonnee;;2026-10-08
DFCO_006;nom;source_publique_dfco;https://www.dfco.fr/effectifs/effectif-pro/;2026-10-08
DFCO_006;type_joueur;metadonnee;;2026-10-08
DFCO_006;club;source_publique_dfco;https://www.dfco.fr/effectifs/effectif-pro/;2026-10-08
DFCO_006;groupe_poste;source_publique_dfco;https://www.dfco.fr/effectifs/effectif-pro/;2026-10-08
DFCO_006;gardien;fc27_futwiz;https://www.futwiz.com/fc27/player/moussa-faty/15002;2026-10-08
DFCO_006;date_reference;metadonnee;;2026-10-08
DFCO_006;date_naissance_simulee;simule;;2026-10-08
DFCO_006;age;simule;;2026-10-08
DFCO_006;taille_cm;simule;;2026-10-08
DFCO_006;poids_kg;simule;;2026-10-08
DFCO_006;pied_fort;fc27_futwiz;https://www.futwiz.com/fc27/player/moussa-faty/15002;2026-10-08
DFCO_006;personnalite_tags;simule;;2026-10-08
DFCO_006;specialite_tags;simule;;2026-10-08
DFCO_006;langues_parlees;simule;;2026-10-08
DFCO_006;relation_equipe_score;simule;;2026-10-08
DFCO_006;satisfaction_score;simule;;2026-10-08
DFCO_006;satisfaction_motif;simule;;2026-10-08
DFCO_006;fatigue_score;simule;;2026-10-08
DFCO_006;sante_score;simule;;2026-10-08
DFCO_006;statut_sante;simule;;2026-10-08
DFCO_006;indicateur_sante;simule;;2026-10-08
DFCO_006;disponibilite;simule;;2026-10-08
DFCO_006;retour_prevu;non_disponible;;2026-10-08
DFCO_006;nb_blessures_12_mois;simule;;2026-10-08
DFCO_006;affinites_positives_ids;simule;;2026-10-08
DFCO_006;affinites_negatives_ids;simule;;2026-10-08
DFCO_006;provenance_identite;metadonnee;;2026-10-08
DFCO_006;provenance_groupe_poste;metadonnee;;2026-10-08
DFCO_006;provenance_autres_champs;metadonnee;;2026-10-08
DFCO_006;source_url;metadonnee;;2026-10-08
DFCO_006;source_consultee_le;metadonnee;;2026-10-08
DFCO_006;relation_equipe_general;simule;;2026-10-08
DFCO_006;acceleration;fc27_futwiz;https://www.futwiz.com/fc27/player/moussa-faty/15002;2026-10-08
DFCO_006;vitesse_de_pointe;fc27_futwiz;https://www.futwiz.com/fc27/player/moussa-faty/15002;2026-10-08
DFCO_006;note_vitesse;fc27_futwiz;https://www.futwiz.com/fc27/player/moussa-faty/15002;2026-10-08
DFCO_006;placement_offensif;fc27_futwiz;https://www.futwiz.com/fc27/player/moussa-faty/15002;2026-10-08
DFCO_006;finition;fc27_futwiz;https://www.futwiz.com/fc27/player/moussa-faty/15002;2026-10-08
DFCO_006;puissance_de_tir;fc27_futwiz;https://www.futwiz.com/fc27/player/moussa-faty/15002;2026-10-08
DFCO_006;tir_de_loin;fc27_futwiz;https://www.futwiz.com/fc27/player/moussa-faty/15002;2026-10-08
DFCO_006;volee;fc27_futwiz;https://www.futwiz.com/fc27/player/moussa-faty/15002;2026-10-08
DFCO_006;penalty;fc27_futwiz;https://www.futwiz.com/fc27/player/moussa-faty/15002;2026-10-08
DFCO_006;note_frappe;fc27_futwiz;https://www.futwiz.com/fc27/player/moussa-faty/15002;2026-10-08
DFCO_006;vista;fc27_futwiz;https://www.futwiz.com/fc27/player/moussa-faty/15002;2026-10-08
DFCO_006;centre;fc27_futwiz;https://www.futwiz.com/fc27/player/moussa-faty/15002;2026-10-08
DFCO_006;precision_coup_franc;fc27_futwiz;https://www.futwiz.com/fc27/player/moussa-faty/15002;2026-10-08
DFCO_006;passe_courte;fc27_futwiz;https://www.futwiz.com/fc27/player/moussa-faty/15002;2026-10-08
DFCO_006;passe_longue;fc27_futwiz;https://www.futwiz.com/fc27/player/moussa-faty/15002;2026-10-08
DFCO_006;effet;fc27_futwiz;https://www.futwiz.com/fc27/player/moussa-faty/15002;2026-10-08
DFCO_006;note_passe;fc27_futwiz;https://www.futwiz.com/fc27/player/moussa-faty/15002;2026-10-08
DFCO_006;agilite;fc27_futwiz;https://www.futwiz.com/fc27/player/moussa-faty/15002;2026-10-08
DFCO_006;equilibre;fc27_futwiz;https://www.futwiz.com/fc27/player/moussa-faty/15002;2026-10-08
DFCO_006;reactivite;fc27_futwiz;https://www.futwiz.com/fc27/player/moussa-faty/15002;2026-10-08
DFCO_006;conduite_de_balle;fc27_futwiz;https://www.futwiz.com/fc27/player/moussa-faty/15002;2026-10-08
DFCO_006;dribble;fc27_futwiz;https://www.futwiz.com/fc27/player/moussa-faty/15002;2026-10-08
DFCO_006;calme;fc27_futwiz;https://www.futwiz.com/fc27/player/moussa-faty/15002;2026-10-08
DFCO_006;note_dribble;fc27_futwiz;https://www.futwiz.com/fc27/player/moussa-faty/15002;2026-10-08
DFCO_006;interception;fc27_futwiz;https://www.futwiz.com/fc27/player/moussa-faty/15002;2026-10-08
DFCO_006;precision_de_la_tete;fc27_futwiz;https://www.futwiz.com/fc27/player/moussa-faty/15002;2026-10-08
DFCO_006;lucidite_defensive;fc27_futwiz;https://www.futwiz.com/fc27/player/moussa-faty/15002;2026-10-08
DFCO_006;tacle_debout;fc27_futwiz;https://www.futwiz.com/fc27/player/moussa-faty/15002;2026-10-08
DFCO_006;tacle_glisse;fc27_futwiz;https://www.futwiz.com/fc27/player/moussa-faty/15002;2026-10-08
DFCO_006;note_defense;fc27_futwiz;https://www.futwiz.com/fc27/player/moussa-faty/15002;2026-10-08
DFCO_006;detente;fc27_futwiz;https://www.futwiz.com/fc27/player/moussa-faty/15002;2026-10-08
DFCO_006;endurance;fc27_futwiz;https://www.futwiz.com/fc27/player/moussa-faty/15002;2026-10-08
DFCO_006;force;fc27_futwiz;https://www.futwiz.com/fc27/player/moussa-faty/15002;2026-10-08
DFCO_006;agressivite;fc27_futwiz;https://www.futwiz.com/fc27/player/moussa-faty/15002;2026-10-08
DFCO_006;note_physique;fc27_futwiz;https://www.futwiz.com/fc27/player/moussa-faty/15002;2026-10-08
DFCO_006;gardien_plongeon;non_applicable;;2026-10-08
DFCO_006;gardien_prise_de_balle;non_applicable;;2026-10-08
DFCO_006;gardien_jeu_au_pied;non_applicable;;2026-10-08
DFCO_006;gardien_reflexes;non_applicable;;2026-10-08
DFCO_006;gardien_sorties;non_applicable;;2026-10-08
DFCO_006;gardien_placement;non_applicable;;2026-10-08
DFCO_006;nom_fc27;fc27_futwiz;https://www.futwiz.com/fc27/player/moussa-faty/15002;2026-10-08
DFCO_006;note_generale_fc27;fc27_futwiz;https://www.futwiz.com/fc27/player/moussa-faty/15002;2026-10-08
DFCO_006;poste_fc27;fc27_futwiz;https://www.futwiz.com/fc27/player/moussa-faty/15002;2026-10-08
DFCO_006;groupe_poste_fc27;derive_fc27;https://www.futwiz.com/fc27/player/moussa-faty/15002;2026-10-08
DFCO_006;fc27_url;metadonnee;;2026-10-08
DFCO_006;fc27_id_fiche;metadonnee;;2026-10-08
DFCO_006;fc27_version_carte;metadonnee;;2026-10-08
DFCO_006;playstyles_fc27_observes;fc27_futwiz;https://www.futwiz.com/fc27/player/moussa-faty/15002;2026-10-08
DFCO_006;gardien_vitesse;non_applicable;;2026-10-08
DFCO_006;statut_import_fc27;metadonnee;;2026-10-08
DFCO_006;provenance_biometrie;metadonnee;;2026-10-08
DFCO_006;provenance_pied_fort;metadonnee;;2026-10-08
DFCO_006;provenance_attributs;metadonnee;;2026-10-08
DFCO_006;provenance_notes_groupes;metadonnee;;2026-10-08
DFCO_006;provenance_scenario;metadonnee;;2026-10-08
DFCO_007;joueur_id;metadonnee;;2026-10-08
DFCO_007;nom;source_publique_dfco;https://www.dfco.fr/effectifs/effectif-pro/;2026-10-08
DFCO_007;type_joueur;metadonnee;;2026-10-08
DFCO_007;club;source_publique_dfco;https://www.dfco.fr/effectifs/effectif-pro/;2026-10-08
DFCO_007;groupe_poste;source_publique_dfco;https://www.dfco.fr/effectifs/effectif-pro/;2026-10-08
DFCO_007;gardien;fc27_futwiz;https://www.futwiz.com/fc27/player/axel-bargain/17986;2026-10-08
DFCO_007;date_reference;metadonnee;;2026-10-08
DFCO_007;date_naissance_simulee;simule;;2026-10-08
DFCO_007;age;simule;;2026-10-08
DFCO_007;taille_cm;simule;;2026-10-08
DFCO_007;poids_kg;simule;;2026-10-08
DFCO_007;pied_fort;fc27_futwiz;https://www.futwiz.com/fc27/player/axel-bargain/17986;2026-10-08
DFCO_007;personnalite_tags;simule;;2026-10-08
DFCO_007;specialite_tags;simule;;2026-10-08
DFCO_007;langues_parlees;simule;;2026-10-08
DFCO_007;relation_equipe_score;simule;;2026-10-08
DFCO_007;satisfaction_score;simule;;2026-10-08
DFCO_007;satisfaction_motif;simule;;2026-10-08
DFCO_007;fatigue_score;simule;;2026-10-08
DFCO_007;sante_score;simule;;2026-10-08
DFCO_007;statut_sante;simule;;2026-10-08
DFCO_007;indicateur_sante;simule;;2026-10-08
DFCO_007;disponibilite;simule;;2026-10-08
DFCO_007;retour_prevu;non_disponible;;2026-10-08
DFCO_007;nb_blessures_12_mois;simule;;2026-10-08
DFCO_007;affinites_positives_ids;simule;;2026-10-08
DFCO_007;affinites_negatives_ids;simule;;2026-10-08
DFCO_007;provenance_identite;metadonnee;;2026-10-08
DFCO_007;provenance_groupe_poste;metadonnee;;2026-10-08
DFCO_007;provenance_autres_champs;metadonnee;;2026-10-08
DFCO_007;source_url;metadonnee;;2026-10-08
DFCO_007;source_consultee_le;metadonnee;;2026-10-08
DFCO_007;relation_equipe_general;simule;;2026-10-08
DFCO_007;acceleration;fc27_futwiz;https://www.futwiz.com/fc27/player/axel-bargain/17986;2026-10-08
DFCO_007;vitesse_de_pointe;fc27_futwiz;https://www.futwiz.com/fc27/player/axel-bargain/17986;2026-10-08
DFCO_007;note_vitesse;fc27_futwiz;https://www.futwiz.com/fc27/player/axel-bargain/17986;2026-10-08
DFCO_007;placement_offensif;fc27_futwiz;https://www.futwiz.com/fc27/player/axel-bargain/17986;2026-10-08
DFCO_007;finition;fc27_futwiz;https://www.futwiz.com/fc27/player/axel-bargain/17986;2026-10-08
DFCO_007;puissance_de_tir;fc27_futwiz;https://www.futwiz.com/fc27/player/axel-bargain/17986;2026-10-08
DFCO_007;tir_de_loin;fc27_futwiz;https://www.futwiz.com/fc27/player/axel-bargain/17986;2026-10-08
DFCO_007;volee;fc27_futwiz;https://www.futwiz.com/fc27/player/axel-bargain/17986;2026-10-08
DFCO_007;penalty;fc27_futwiz;https://www.futwiz.com/fc27/player/axel-bargain/17986;2026-10-08
DFCO_007;note_frappe;fc27_futwiz;https://www.futwiz.com/fc27/player/axel-bargain/17986;2026-10-08
DFCO_007;vista;fc27_futwiz;https://www.futwiz.com/fc27/player/axel-bargain/17986;2026-10-08
DFCO_007;centre;fc27_futwiz;https://www.futwiz.com/fc27/player/axel-bargain/17986;2026-10-08
DFCO_007;precision_coup_franc;fc27_futwiz;https://www.futwiz.com/fc27/player/axel-bargain/17986;2026-10-08
DFCO_007;passe_courte;fc27_futwiz;https://www.futwiz.com/fc27/player/axel-bargain/17986;2026-10-08
DFCO_007;passe_longue;fc27_futwiz;https://www.futwiz.com/fc27/player/axel-bargain/17986;2026-10-08
DFCO_007;effet;fc27_futwiz;https://www.futwiz.com/fc27/player/axel-bargain/17986;2026-10-08
DFCO_007;note_passe;fc27_futwiz;https://www.futwiz.com/fc27/player/axel-bargain/17986;2026-10-08
DFCO_007;agilite;fc27_futwiz;https://www.futwiz.com/fc27/player/axel-bargain/17986;2026-10-08
DFCO_007;equilibre;fc27_futwiz;https://www.futwiz.com/fc27/player/axel-bargain/17986;2026-10-08
DFCO_007;reactivite;fc27_futwiz;https://www.futwiz.com/fc27/player/axel-bargain/17986;2026-10-08
DFCO_007;conduite_de_balle;fc27_futwiz;https://www.futwiz.com/fc27/player/axel-bargain/17986;2026-10-08
DFCO_007;dribble;fc27_futwiz;https://www.futwiz.com/fc27/player/axel-bargain/17986;2026-10-08
DFCO_007;calme;fc27_futwiz;https://www.futwiz.com/fc27/player/axel-bargain/17986;2026-10-08
DFCO_007;note_dribble;fc27_futwiz;https://www.futwiz.com/fc27/player/axel-bargain/17986;2026-10-08
DFCO_007;interception;fc27_futwiz;https://www.futwiz.com/fc27/player/axel-bargain/17986;2026-10-08
DFCO_007;precision_de_la_tete;fc27_futwiz;https://www.futwiz.com/fc27/player/axel-bargain/17986;2026-10-08
DFCO_007;lucidite_defensive;fc27_futwiz;https://www.futwiz.com/fc27/player/axel-bargain/17986;2026-10-08
DFCO_007;tacle_debout;fc27_futwiz;https://www.futwiz.com/fc27/player/axel-bargain/17986;2026-10-08
DFCO_007;tacle_glisse;fc27_futwiz;https://www.futwiz.com/fc27/player/axel-bargain/17986;2026-10-08
DFCO_007;note_defense;fc27_futwiz;https://www.futwiz.com/fc27/player/axel-bargain/17986;2026-10-08
DFCO_007;detente;fc27_futwiz;https://www.futwiz.com/fc27/player/axel-bargain/17986;2026-10-08
DFCO_007;endurance;fc27_futwiz;https://www.futwiz.com/fc27/player/axel-bargain/17986;2026-10-08
DFCO_007;force;fc27_futwiz;https://www.futwiz.com/fc27/player/axel-bargain/17986;2026-10-08
DFCO_007;agressivite;fc27_futwiz;https://www.futwiz.com/fc27/player/axel-bargain/17986;2026-10-08
DFCO_007;note_physique;fc27_futwiz;https://www.futwiz.com/fc27/player/axel-bargain/17986;2026-10-08
DFCO_007;gardien_plongeon;non_applicable;;2026-10-08
DFCO_007;gardien_prise_de_balle;non_applicable;;2026-10-08
DFCO_007;gardien_jeu_au_pied;non_applicable;;2026-10-08
DFCO_007;gardien_reflexes;non_applicable;;2026-10-08
DFCO_007;gardien_sorties;non_applicable;;2026-10-08
DFCO_007;gardien_placement;non_applicable;;2026-10-08
DFCO_007;nom_fc27;fc27_futwiz;https://www.futwiz.com/fc27/player/axel-bargain/17986;2026-10-08
DFCO_007;note_generale_fc27;fc27_futwiz;https://www.futwiz.com/fc27/player/axel-bargain/17986;2026-10-08
DFCO_007;poste_fc27;fc27_futwiz;https://www.futwiz.com/fc27/player/axel-bargain/17986;2026-10-08
DFCO_007;groupe_poste_fc27;derive_fc27;https://www.futwiz.com/fc27/player/axel-bargain/17986;2026-10-08
DFCO_007;fc27_url;metadonnee;;2026-10-08
DFCO_007;fc27_id_fiche;metadonnee;;2026-10-08
DFCO_007;fc27_version_carte;metadonnee;;2026-10-08
DFCO_007;playstyles_fc27_observes;fc27_futwiz;https://www.futwiz.com/fc27/player/axel-bargain/17986;2026-10-08
DFCO_007;gardien_vitesse;non_applicable;;2026-10-08
DFCO_007;statut_import_fc27;metadonnee;;2026-10-08
DFCO_007;provenance_biometrie;metadonnee;;2026-10-08
DFCO_007;provenance_pied_fort;metadonnee;;2026-10-08
DFCO_007;provenance_attributs;metadonnee;;2026-10-08
DFCO_007;provenance_notes_groupes;metadonnee;;2026-10-08
DFCO_007;provenance_scenario;metadonnee;;2026-10-08
DFCO_008;joueur_id;metadonnee;;2026-10-08
DFCO_008;nom;source_publique_dfco;https://www.dfco.fr/effectifs/effectif-pro/;2026-10-08
DFCO_008;type_joueur;metadonnee;;2026-10-08
DFCO_008;club;source_publique_dfco;https://www.dfco.fr/effectifs/effectif-pro/;2026-10-08
DFCO_008;groupe_poste;source_publique_dfco;https://www.dfco.fr/effectifs/effectif-pro/;2026-10-08
DFCO_008;gardien;fc27_futwiz;https://www.futwiz.com/fc27/player/ismail-bouleghcha/13938;2026-10-08
DFCO_008;date_reference;metadonnee;;2026-10-08
DFCO_008;date_naissance_simulee;simule;;2026-10-08
DFCO_008;age;simule;;2026-10-08
DFCO_008;taille_cm;simule;;2026-10-08
DFCO_008;poids_kg;simule;;2026-10-08
DFCO_008;pied_fort;fc27_futwiz;https://www.futwiz.com/fc27/player/ismail-bouleghcha/13938;2026-10-08
DFCO_008;personnalite_tags;simule;;2026-10-08
DFCO_008;specialite_tags;simule;;2026-10-08
DFCO_008;langues_parlees;simule;;2026-10-08
DFCO_008;relation_equipe_score;simule;;2026-10-08
DFCO_008;satisfaction_score;simule;;2026-10-08
DFCO_008;satisfaction_motif;simule;;2026-10-08
DFCO_008;fatigue_score;simule;;2026-10-08
DFCO_008;sante_score;simule;;2026-10-08
DFCO_008;statut_sante;simule;;2026-10-08
DFCO_008;indicateur_sante;simule;;2026-10-08
DFCO_008;disponibilite;simule;;2026-10-08
DFCO_008;retour_prevu;simule;;2026-10-08
DFCO_008;nb_blessures_12_mois;simule;;2026-10-08
DFCO_008;affinites_positives_ids;simule;;2026-10-08
DFCO_008;affinites_negatives_ids;simule;;2026-10-08
DFCO_008;provenance_identite;metadonnee;;2026-10-08
DFCO_008;provenance_groupe_poste;metadonnee;;2026-10-08
DFCO_008;provenance_autres_champs;metadonnee;;2026-10-08
DFCO_008;source_url;metadonnee;;2026-10-08
DFCO_008;source_consultee_le;metadonnee;;2026-10-08
DFCO_008;relation_equipe_general;simule;;2026-10-08
DFCO_008;acceleration;fc27_futwiz;https://www.futwiz.com/fc27/player/ismail-bouleghcha/13938;2026-10-08
DFCO_008;vitesse_de_pointe;fc27_futwiz;https://www.futwiz.com/fc27/player/ismail-bouleghcha/13938;2026-10-08
DFCO_008;note_vitesse;fc27_futwiz;https://www.futwiz.com/fc27/player/ismail-bouleghcha/13938;2026-10-08
DFCO_008;placement_offensif;fc27_futwiz;https://www.futwiz.com/fc27/player/ismail-bouleghcha/13938;2026-10-08
DFCO_008;finition;fc27_futwiz;https://www.futwiz.com/fc27/player/ismail-bouleghcha/13938;2026-10-08
DFCO_008;puissance_de_tir;fc27_futwiz;https://www.futwiz.com/fc27/player/ismail-bouleghcha/13938;2026-10-08
DFCO_008;tir_de_loin;fc27_futwiz;https://www.futwiz.com/fc27/player/ismail-bouleghcha/13938;2026-10-08
DFCO_008;volee;fc27_futwiz;https://www.futwiz.com/fc27/player/ismail-bouleghcha/13938;2026-10-08
DFCO_008;penalty;fc27_futwiz;https://www.futwiz.com/fc27/player/ismail-bouleghcha/13938;2026-10-08
DFCO_008;note_frappe;fc27_futwiz;https://www.futwiz.com/fc27/player/ismail-bouleghcha/13938;2026-10-08
DFCO_008;vista;fc27_futwiz;https://www.futwiz.com/fc27/player/ismail-bouleghcha/13938;2026-10-08
DFCO_008;centre;fc27_futwiz;https://www.futwiz.com/fc27/player/ismail-bouleghcha/13938;2026-10-08
DFCO_008;precision_coup_franc;fc27_futwiz;https://www.futwiz.com/fc27/player/ismail-bouleghcha/13938;2026-10-08
DFCO_008;passe_courte;fc27_futwiz;https://www.futwiz.com/fc27/player/ismail-bouleghcha/13938;2026-10-08
DFCO_008;passe_longue;fc27_futwiz;https://www.futwiz.com/fc27/player/ismail-bouleghcha/13938;2026-10-08
DFCO_008;effet;fc27_futwiz;https://www.futwiz.com/fc27/player/ismail-bouleghcha/13938;2026-10-08
DFCO_008;note_passe;fc27_futwiz;https://www.futwiz.com/fc27/player/ismail-bouleghcha/13938;2026-10-08
DFCO_008;agilite;fc27_futwiz;https://www.futwiz.com/fc27/player/ismail-bouleghcha/13938;2026-10-08
DFCO_008;equilibre;fc27_futwiz;https://www.futwiz.com/fc27/player/ismail-bouleghcha/13938;2026-10-08
DFCO_008;reactivite;fc27_futwiz;https://www.futwiz.com/fc27/player/ismail-bouleghcha/13938;2026-10-08
DFCO_008;conduite_de_balle;fc27_futwiz;https://www.futwiz.com/fc27/player/ismail-bouleghcha/13938;2026-10-08
DFCO_008;dribble;fc27_futwiz;https://www.futwiz.com/fc27/player/ismail-bouleghcha/13938;2026-10-08
DFCO_008;calme;fc27_futwiz;https://www.futwiz.com/fc27/player/ismail-bouleghcha/13938;2026-10-08
DFCO_008;note_dribble;fc27_futwiz;https://www.futwiz.com/fc27/player/ismail-bouleghcha/13938;2026-10-08
DFCO_008;interception;fc27_futwiz;https://www.futwiz.com/fc27/player/ismail-bouleghcha/13938;2026-10-08
DFCO_008;precision_de_la_tete;fc27_futwiz;https://www.futwiz.com/fc27/player/ismail-bouleghcha/13938;2026-10-08
DFCO_008;lucidite_defensive;fc27_futwiz;https://www.futwiz.com/fc27/player/ismail-bouleghcha/13938;2026-10-08
DFCO_008;tacle_debout;fc27_futwiz;https://www.futwiz.com/fc27/player/ismail-bouleghcha/13938;2026-10-08
DFCO_008;tacle_glisse;fc27_futwiz;https://www.futwiz.com/fc27/player/ismail-bouleghcha/13938;2026-10-08
DFCO_008;note_defense;fc27_futwiz;https://www.futwiz.com/fc27/player/ismail-bouleghcha/13938;2026-10-08
DFCO_008;detente;fc27_futwiz;https://www.futwiz.com/fc27/player/ismail-bouleghcha/13938;2026-10-08
DFCO_008;endurance;fc27_futwiz;https://www.futwiz.com/fc27/player/ismail-bouleghcha/13938;2026-10-08
DFCO_008;force;fc27_futwiz;https://www.futwiz.com/fc27/player/ismail-bouleghcha/13938;2026-10-08
DFCO_008;agressivite;fc27_futwiz;https://www.futwiz.com/fc27/player/ismail-bouleghcha/13938;2026-10-08
DFCO_008;note_physique;fc27_futwiz;https://www.futwiz.com/fc27/player/ismail-bouleghcha/13938;2026-10-08
DFCO_008;gardien_plongeon;non_applicable;;2026-10-08
DFCO_008;gardien_prise_de_balle;non_applicable;;2026-10-08
DFCO_008;gardien_jeu_au_pied;non_applicable;;2026-10-08
DFCO_008;gardien_reflexes;non_applicable;;2026-10-08
DFCO_008;gardien_sorties;non_applicable;;2026-10-08
DFCO_008;gardien_placement;non_applicable;;2026-10-08
DFCO_008;nom_fc27;fc27_futwiz;https://www.futwiz.com/fc27/player/ismail-bouleghcha/13938;2026-10-08
DFCO_008;note_generale_fc27;fc27_futwiz;https://www.futwiz.com/fc27/player/ismail-bouleghcha/13938;2026-10-08
DFCO_008;poste_fc27;fc27_futwiz;https://www.futwiz.com/fc27/player/ismail-bouleghcha/13938;2026-10-08
DFCO_008;groupe_poste_fc27;derive_fc27;https://www.futwiz.com/fc27/player/ismail-bouleghcha/13938;2026-10-08
DFCO_008;fc27_url;metadonnee;;2026-10-08
DFCO_008;fc27_id_fiche;metadonnee;;2026-10-08
DFCO_008;fc27_version_carte;metadonnee;;2026-10-08
DFCO_008;playstyles_fc27_observes;fc27_futwiz;https://www.futwiz.com/fc27/player/ismail-bouleghcha/13938;2026-10-08
DFCO_008;gardien_vitesse;non_applicable;;2026-10-08
DFCO_008;statut_import_fc27;metadonnee;;2026-10-08
DFCO_008;provenance_biometrie;metadonnee;;2026-10-08
DFCO_008;provenance_pied_fort;metadonnee;;2026-10-08
DFCO_008;provenance_attributs;metadonnee;;2026-10-08
DFCO_008;provenance_notes_groupes;metadonnee;;2026-10-08
DFCO_008;provenance_scenario;metadonnee;;2026-10-08
DFCO_009;joueur_id;metadonnee;;2026-10-08
DFCO_009;nom;source_publique_dfco;https://www.dfco.fr/effectifs/effectif-pro/;2026-10-08
DFCO_009;type_joueur;metadonnee;;2026-10-08
DFCO_009;club;source_publique_dfco;https://www.dfco.fr/effectifs/effectif-pro/;2026-10-08
DFCO_009;groupe_poste;source_publique_dfco;https://www.dfco.fr/effectifs/effectif-pro/;2026-10-08
DFCO_009;gardien;fc27_futwiz;https://www.futwiz.com/fc27/player/lenny-lacroix/13935;2026-10-08
DFCO_009;date_reference;metadonnee;;2026-10-08
DFCO_009;date_naissance_simulee;simule;;2026-10-08
DFCO_009;age;simule;;2026-10-08
DFCO_009;taille_cm;simule;;2026-10-08
DFCO_009;poids_kg;simule;;2026-10-08
DFCO_009;pied_fort;fc27_futwiz;https://www.futwiz.com/fc27/player/lenny-lacroix/13935;2026-10-08
DFCO_009;personnalite_tags;simule;;2026-10-08
DFCO_009;specialite_tags;simule;;2026-10-08
DFCO_009;langues_parlees;simule;;2026-10-08
DFCO_009;relation_equipe_score;simule;;2026-10-08
DFCO_009;satisfaction_score;simule;;2026-10-08
DFCO_009;satisfaction_motif;simule;;2026-10-08
DFCO_009;fatigue_score;simule;;2026-10-08
DFCO_009;sante_score;simule;;2026-10-08
DFCO_009;statut_sante;simule;;2026-10-08
DFCO_009;indicateur_sante;simule;;2026-10-08
DFCO_009;disponibilite;simule;;2026-10-08
DFCO_009;retour_prevu;non_disponible;;2026-10-08
DFCO_009;nb_blessures_12_mois;simule;;2026-10-08
DFCO_009;affinites_positives_ids;simule;;2026-10-08
DFCO_009;affinites_negatives_ids;simule;;2026-10-08
DFCO_009;provenance_identite;metadonnee;;2026-10-08
DFCO_009;provenance_groupe_poste;metadonnee;;2026-10-08
DFCO_009;provenance_autres_champs;metadonnee;;2026-10-08
DFCO_009;source_url;metadonnee;;2026-10-08
DFCO_009;source_consultee_le;metadonnee;;2026-10-08
DFCO_009;relation_equipe_general;simule;;2026-10-08
DFCO_009;acceleration;fc27_futwiz;https://www.futwiz.com/fc27/player/lenny-lacroix/13935;2026-10-08
DFCO_009;vitesse_de_pointe;fc27_futwiz;https://www.futwiz.com/fc27/player/lenny-lacroix/13935;2026-10-08
DFCO_009;note_vitesse;fc27_futwiz;https://www.futwiz.com/fc27/player/lenny-lacroix/13935;2026-10-08
DFCO_009;placement_offensif;fc27_futwiz;https://www.futwiz.com/fc27/player/lenny-lacroix/13935;2026-10-08
DFCO_009;finition;fc27_futwiz;https://www.futwiz.com/fc27/player/lenny-lacroix/13935;2026-10-08
DFCO_009;puissance_de_tir;fc27_futwiz;https://www.futwiz.com/fc27/player/lenny-lacroix/13935;2026-10-08
DFCO_009;tir_de_loin;fc27_futwiz;https://www.futwiz.com/fc27/player/lenny-lacroix/13935;2026-10-08
DFCO_009;volee;fc27_futwiz;https://www.futwiz.com/fc27/player/lenny-lacroix/13935;2026-10-08
DFCO_009;penalty;fc27_futwiz;https://www.futwiz.com/fc27/player/lenny-lacroix/13935;2026-10-08
DFCO_009;note_frappe;fc27_futwiz;https://www.futwiz.com/fc27/player/lenny-lacroix/13935;2026-10-08
DFCO_009;vista;fc27_futwiz;https://www.futwiz.com/fc27/player/lenny-lacroix/13935;2026-10-08
DFCO_009;centre;fc27_futwiz;https://www.futwiz.com/fc27/player/lenny-lacroix/13935;2026-10-08
DFCO_009;precision_coup_franc;fc27_futwiz;https://www.futwiz.com/fc27/player/lenny-lacroix/13935;2026-10-08
DFCO_009;passe_courte;fc27_futwiz;https://www.futwiz.com/fc27/player/lenny-lacroix/13935;2026-10-08
DFCO_009;passe_longue;fc27_futwiz;https://www.futwiz.com/fc27/player/lenny-lacroix/13935;2026-10-08
DFCO_009;effet;fc27_futwiz;https://www.futwiz.com/fc27/player/lenny-lacroix/13935;2026-10-08
DFCO_009;note_passe;fc27_futwiz;https://www.futwiz.com/fc27/player/lenny-lacroix/13935;2026-10-08
DFCO_009;agilite;fc27_futwiz;https://www.futwiz.com/fc27/player/lenny-lacroix/13935;2026-10-08
DFCO_009;equilibre;fc27_futwiz;https://www.futwiz.com/fc27/player/lenny-lacroix/13935;2026-10-08
DFCO_009;reactivite;fc27_futwiz;https://www.futwiz.com/fc27/player/lenny-lacroix/13935;2026-10-08
DFCO_009;conduite_de_balle;fc27_futwiz;https://www.futwiz.com/fc27/player/lenny-lacroix/13935;2026-10-08
DFCO_009;dribble;fc27_futwiz;https://www.futwiz.com/fc27/player/lenny-lacroix/13935;2026-10-08
DFCO_009;calme;fc27_futwiz;https://www.futwiz.com/fc27/player/lenny-lacroix/13935;2026-10-08
DFCO_009;note_dribble;fc27_futwiz;https://www.futwiz.com/fc27/player/lenny-lacroix/13935;2026-10-08
DFCO_009;interception;fc27_futwiz;https://www.futwiz.com/fc27/player/lenny-lacroix/13935;2026-10-08
DFCO_009;precision_de_la_tete;fc27_futwiz;https://www.futwiz.com/fc27/player/lenny-lacroix/13935;2026-10-08
DFCO_009;lucidite_defensive;fc27_futwiz;https://www.futwiz.com/fc27/player/lenny-lacroix/13935;2026-10-08
DFCO_009;tacle_debout;fc27_futwiz;https://www.futwiz.com/fc27/player/lenny-lacroix/13935;2026-10-08
DFCO_009;tacle_glisse;fc27_futwiz;https://www.futwiz.com/fc27/player/lenny-lacroix/13935;2026-10-08
DFCO_009;note_defense;fc27_futwiz;https://www.futwiz.com/fc27/player/lenny-lacroix/13935;2026-10-08
DFCO_009;detente;fc27_futwiz;https://www.futwiz.com/fc27/player/lenny-lacroix/13935;2026-10-08
DFCO_009;endurance;fc27_futwiz;https://www.futwiz.com/fc27/player/lenny-lacroix/13935;2026-10-08
DFCO_009;force;fc27_futwiz;https://www.futwiz.com/fc27/player/lenny-lacroix/13935;2026-10-08
DFCO_009;agressivite;fc27_futwiz;https://www.futwiz.com/fc27/player/lenny-lacroix/13935;2026-10-08
DFCO_009;note_physique;fc27_futwiz;https://www.futwiz.com/fc27/player/lenny-lacroix/13935;2026-10-08
DFCO_009;gardien_plongeon;non_applicable;;2026-10-08
DFCO_009;gardien_prise_de_balle;non_applicable;;2026-10-08
DFCO_009;gardien_jeu_au_pied;non_applicable;;2026-10-08
DFCO_009;gardien_reflexes;non_applicable;;2026-10-08
DFCO_009;gardien_sorties;non_applicable;;2026-10-08
DFCO_009;gardien_placement;non_applicable;;2026-10-08
DFCO_009;nom_fc27;fc27_futwiz;https://www.futwiz.com/fc27/player/lenny-lacroix/13935;2026-10-08
DFCO_009;note_generale_fc27;fc27_futwiz;https://www.futwiz.com/fc27/player/lenny-lacroix/13935;2026-10-08
DFCO_009;poste_fc27;fc27_futwiz;https://www.futwiz.com/fc27/player/lenny-lacroix/13935;2026-10-08
DFCO_009;groupe_poste_fc27;derive_fc27;https://www.futwiz.com/fc27/player/lenny-lacroix/13935;2026-10-08
DFCO_009;fc27_url;metadonnee;;2026-10-08
DFCO_009;fc27_id_fiche;metadonnee;;2026-10-08
DFCO_009;fc27_version_carte;metadonnee;;2026-10-08
DFCO_009;playstyles_fc27_observes;fc27_futwiz;https://www.futwiz.com/fc27/player/lenny-lacroix/13935;2026-10-08
DFCO_009;gardien_vitesse;non_applicable;;2026-10-08
DFCO_009;statut_import_fc27;metadonnee;;2026-10-08
DFCO_009;provenance_biometrie;metadonnee;;2026-10-08
DFCO_009;provenance_pied_fort;metadonnee;;2026-10-08
DFCO_009;provenance_attributs;metadonnee;;2026-10-08
DFCO_009;provenance_notes_groupes;metadonnee;;2026-10-08
DFCO_009;provenance_scenario;metadonnee;;2026-10-08
DFCO_010;joueur_id;metadonnee;;2026-10-08
DFCO_010;nom;source_publique_dfco;https://www.dfco.fr/effectifs/effectif-pro/;2026-10-08
DFCO_010;type_joueur;metadonnee;;2026-10-08
DFCO_010;club;source_publique_dfco;https://www.dfco.fr/effectifs/effectif-pro/;2026-10-08
DFCO_010;groupe_poste;source_publique_dfco;https://www.dfco.fr/effectifs/effectif-pro/;2026-10-08
DFCO_010;gardien;fc27_futwiz;https://www.futwiz.com/fc27/player/anass-benyahya/17988;2026-10-08
DFCO_010;date_reference;metadonnee;;2026-10-08
DFCO_010;date_naissance_simulee;simule;;2026-10-08
DFCO_010;age;simule;;2026-10-08
DFCO_010;taille_cm;simule;;2026-10-08
DFCO_010;poids_kg;simule;;2026-10-08
DFCO_010;pied_fort;fc27_futwiz;https://www.futwiz.com/fc27/player/anass-benyahya/17988;2026-10-08
DFCO_010;personnalite_tags;simule;;2026-10-08
DFCO_010;specialite_tags;simule;;2026-10-08
DFCO_010;langues_parlees;simule;;2026-10-08
DFCO_010;relation_equipe_score;simule;;2026-10-08
DFCO_010;satisfaction_score;simule;;2026-10-08
DFCO_010;satisfaction_motif;simule;;2026-10-08
DFCO_010;fatigue_score;simule;;2026-10-08
DFCO_010;sante_score;simule;;2026-10-08
DFCO_010;statut_sante;simule;;2026-10-08
DFCO_010;indicateur_sante;simule;;2026-10-08
DFCO_010;disponibilite;simule;;2026-10-08
DFCO_010;retour_prevu;non_disponible;;2026-10-08
DFCO_010;nb_blessures_12_mois;simule;;2026-10-08
DFCO_010;affinites_positives_ids;simule;;2026-10-08
DFCO_010;affinites_negatives_ids;simule;;2026-10-08
DFCO_010;provenance_identite;metadonnee;;2026-10-08
DFCO_010;provenance_groupe_poste;metadonnee;;2026-10-08
DFCO_010;provenance_autres_champs;metadonnee;;2026-10-08
DFCO_010;source_url;metadonnee;;2026-10-08
DFCO_010;source_consultee_le;metadonnee;;2026-10-08
DFCO_010;relation_equipe_general;simule;;2026-10-08
DFCO_010;acceleration;fc27_futwiz;https://www.futwiz.com/fc27/player/anass-benyahya/17988;2026-10-08
DFCO_010;vitesse_de_pointe;fc27_futwiz;https://www.futwiz.com/fc27/player/anass-benyahya/17988;2026-10-08
DFCO_010;note_vitesse;fc27_futwiz;https://www.futwiz.com/fc27/player/anass-benyahya/17988;2026-10-08
DFCO_010;placement_offensif;fc27_futwiz;https://www.futwiz.com/fc27/player/anass-benyahya/17988;2026-10-08
DFCO_010;finition;fc27_futwiz;https://www.futwiz.com/fc27/player/anass-benyahya/17988;2026-10-08
DFCO_010;puissance_de_tir;fc27_futwiz;https://www.futwiz.com/fc27/player/anass-benyahya/17988;2026-10-08
DFCO_010;tir_de_loin;fc27_futwiz;https://www.futwiz.com/fc27/player/anass-benyahya/17988;2026-10-08
DFCO_010;volee;fc27_futwiz;https://www.futwiz.com/fc27/player/anass-benyahya/17988;2026-10-08
DFCO_010;penalty;fc27_futwiz;https://www.futwiz.com/fc27/player/anass-benyahya/17988;2026-10-08
DFCO_010;note_frappe;fc27_futwiz;https://www.futwiz.com/fc27/player/anass-benyahya/17988;2026-10-08
DFCO_010;vista;fc27_futwiz;https://www.futwiz.com/fc27/player/anass-benyahya/17988;2026-10-08
DFCO_010;centre;fc27_futwiz;https://www.futwiz.com/fc27/player/anass-benyahya/17988;2026-10-08
DFCO_010;precision_coup_franc;fc27_futwiz;https://www.futwiz.com/fc27/player/anass-benyahya/17988;2026-10-08
DFCO_010;passe_courte;fc27_futwiz;https://www.futwiz.com/fc27/player/anass-benyahya/17988;2026-10-08
DFCO_010;passe_longue;fc27_futwiz;https://www.futwiz.com/fc27/player/anass-benyahya/17988;2026-10-08
DFCO_010;effet;fc27_futwiz;https://www.futwiz.com/fc27/player/anass-benyahya/17988;2026-10-08
DFCO_010;note_passe;fc27_futwiz;https://www.futwiz.com/fc27/player/anass-benyahya/17988;2026-10-08
DFCO_010;agilite;fc27_futwiz;https://www.futwiz.com/fc27/player/anass-benyahya/17988;2026-10-08
DFCO_010;equilibre;fc27_futwiz;https://www.futwiz.com/fc27/player/anass-benyahya/17988;2026-10-08
DFCO_010;reactivite;fc27_futwiz;https://www.futwiz.com/fc27/player/anass-benyahya/17988;2026-10-08
DFCO_010;conduite_de_balle;fc27_futwiz;https://www.futwiz.com/fc27/player/anass-benyahya/17988;2026-10-08
DFCO_010;dribble;fc27_futwiz;https://www.futwiz.com/fc27/player/anass-benyahya/17988;2026-10-08
DFCO_010;calme;fc27_futwiz;https://www.futwiz.com/fc27/player/anass-benyahya/17988;2026-10-08
DFCO_010;note_dribble;fc27_futwiz;https://www.futwiz.com/fc27/player/anass-benyahya/17988;2026-10-08
DFCO_010;interception;fc27_futwiz;https://www.futwiz.com/fc27/player/anass-benyahya/17988;2026-10-08
DFCO_010;precision_de_la_tete;fc27_futwiz;https://www.futwiz.com/fc27/player/anass-benyahya/17988;2026-10-08
DFCO_010;lucidite_defensive;fc27_futwiz;https://www.futwiz.com/fc27/player/anass-benyahya/17988;2026-10-08
DFCO_010;tacle_debout;fc27_futwiz;https://www.futwiz.com/fc27/player/anass-benyahya/17988;2026-10-08
DFCO_010;tacle_glisse;fc27_futwiz;https://www.futwiz.com/fc27/player/anass-benyahya/17988;2026-10-08
DFCO_010;note_defense;fc27_futwiz;https://www.futwiz.com/fc27/player/anass-benyahya/17988;2026-10-08
DFCO_010;detente;fc27_futwiz;https://www.futwiz.com/fc27/player/anass-benyahya/17988;2026-10-08
DFCO_010;endurance;fc27_futwiz;https://www.futwiz.com/fc27/player/anass-benyahya/17988;2026-10-08
DFCO_010;force;fc27_futwiz;https://www.futwiz.com/fc27/player/anass-benyahya/17988;2026-10-08
DFCO_010;agressivite;fc27_futwiz;https://www.futwiz.com/fc27/player/anass-benyahya/17988;2026-10-08
DFCO_010;note_physique;fc27_futwiz;https://www.futwiz.com/fc27/player/anass-benyahya/17988;2026-10-08
DFCO_010;gardien_plongeon;non_applicable;;2026-10-08
DFCO_010;gardien_prise_de_balle;non_applicable;;2026-10-08
DFCO_010;gardien_jeu_au_pied;non_applicable;;2026-10-08
DFCO_010;gardien_reflexes;non_applicable;;2026-10-08
DFCO_010;gardien_sorties;non_applicable;;2026-10-08
DFCO_010;gardien_placement;non_applicable;;2026-10-08
DFCO_010;nom_fc27;fc27_futwiz;https://www.futwiz.com/fc27/player/anass-benyahya/17988;2026-10-08
DFCO_010;note_generale_fc27;fc27_futwiz;https://www.futwiz.com/fc27/player/anass-benyahya/17988;2026-10-08
DFCO_010;poste_fc27;fc27_futwiz;https://www.futwiz.com/fc27/player/anass-benyahya/17988;2026-10-08
DFCO_010;groupe_poste_fc27;derive_fc27;https://www.futwiz.com/fc27/player/anass-benyahya/17988;2026-10-08
DFCO_010;fc27_url;metadonnee;;2026-10-08
DFCO_010;fc27_id_fiche;metadonnee;;2026-10-08
DFCO_010;fc27_version_carte;metadonnee;;2026-10-08
DFCO_010;playstyles_fc27_observes;fc27_futwiz;https://www.futwiz.com/fc27/player/anass-benyahya/17988;2026-10-08
DFCO_010;gardien_vitesse;non_applicable;;2026-10-08
DFCO_010;statut_import_fc27;metadonnee;;2026-10-08
DFCO_010;provenance_biometrie;metadonnee;;2026-10-08
DFCO_010;provenance_pied_fort;metadonnee;;2026-10-08
DFCO_010;provenance_attributs;metadonnee;;2026-10-08
DFCO_010;provenance_notes_groupes;metadonnee;;2026-10-08
DFCO_010;provenance_scenario;metadonnee;;2026-10-08
DFCO_011;joueur_id;metadonnee;;2026-10-08
DFCO_011;nom;source_publique_dfco;https://www.dfco.fr/effectifs/effectif-pro/;2026-10-08
DFCO_011;type_joueur;metadonnee;;2026-10-08
DFCO_011;club;source_publique_dfco;https://www.dfco.fr/effectifs/effectif-pro/;2026-10-08
DFCO_011;groupe_poste;source_publique_dfco;https://www.dfco.fr/effectifs/effectif-pro/;2026-10-08
DFCO_011;gardien;fc27_futwiz;https://www.futwiz.com/fc27/player/waly-diouf/12739;2026-10-08
DFCO_011;date_reference;metadonnee;;2026-10-08
DFCO_011;date_naissance_simulee;simule;;2026-10-08
DFCO_011;age;simule;;2026-10-08
DFCO_011;taille_cm;simule;;2026-10-08
DFCO_011;poids_kg;simule;;2026-10-08
DFCO_011;pied_fort;fc27_futwiz;https://www.futwiz.com/fc27/player/waly-diouf/12739;2026-10-08
DFCO_011;personnalite_tags;simule;;2026-10-08
DFCO_011;specialite_tags;simule;;2026-10-08
DFCO_011;langues_parlees;simule;;2026-10-08
DFCO_011;relation_equipe_score;simule;;2026-10-08
DFCO_011;satisfaction_score;simule;;2026-10-08
DFCO_011;satisfaction_motif;simule;;2026-10-08
DFCO_011;fatigue_score;simule;;2026-10-08
DFCO_011;sante_score;simule;;2026-10-08
DFCO_011;statut_sante;simule;;2026-10-08
DFCO_011;indicateur_sante;simule;;2026-10-08
DFCO_011;disponibilite;simule;;2026-10-08
DFCO_011;retour_prevu;non_disponible;;2026-10-08
DFCO_011;nb_blessures_12_mois;simule;;2026-10-08
DFCO_011;affinites_positives_ids;simule;;2026-10-08
DFCO_011;affinites_negatives_ids;simule;;2026-10-08
DFCO_011;provenance_identite;metadonnee;;2026-10-08
DFCO_011;provenance_groupe_poste;metadonnee;;2026-10-08
DFCO_011;provenance_autres_champs;metadonnee;;2026-10-08
DFCO_011;source_url;metadonnee;;2026-10-08
DFCO_011;source_consultee_le;metadonnee;;2026-10-08
DFCO_011;relation_equipe_general;simule;;2026-10-08
DFCO_011;acceleration;fc27_futwiz;https://www.futwiz.com/fc27/player/waly-diouf/12739;2026-10-08
DFCO_011;vitesse_de_pointe;fc27_futwiz;https://www.futwiz.com/fc27/player/waly-diouf/12739;2026-10-08
DFCO_011;note_vitesse;fc27_futwiz;https://www.futwiz.com/fc27/player/waly-diouf/12739;2026-10-08
DFCO_011;placement_offensif;fc27_futwiz;https://www.futwiz.com/fc27/player/waly-diouf/12739;2026-10-08
DFCO_011;finition;fc27_futwiz;https://www.futwiz.com/fc27/player/waly-diouf/12739;2026-10-08
DFCO_011;puissance_de_tir;fc27_futwiz;https://www.futwiz.com/fc27/player/waly-diouf/12739;2026-10-08
DFCO_011;tir_de_loin;fc27_futwiz;https://www.futwiz.com/fc27/player/waly-diouf/12739;2026-10-08
DFCO_011;volee;fc27_futwiz;https://www.futwiz.com/fc27/player/waly-diouf/12739;2026-10-08
DFCO_011;penalty;fc27_futwiz;https://www.futwiz.com/fc27/player/waly-diouf/12739;2026-10-08
DFCO_011;note_frappe;fc27_futwiz;https://www.futwiz.com/fc27/player/waly-diouf/12739;2026-10-08
DFCO_011;vista;fc27_futwiz;https://www.futwiz.com/fc27/player/waly-diouf/12739;2026-10-08
DFCO_011;centre;fc27_futwiz;https://www.futwiz.com/fc27/player/waly-diouf/12739;2026-10-08
DFCO_011;precision_coup_franc;fc27_futwiz;https://www.futwiz.com/fc27/player/waly-diouf/12739;2026-10-08
DFCO_011;passe_courte;fc27_futwiz;https://www.futwiz.com/fc27/player/waly-diouf/12739;2026-10-08
DFCO_011;passe_longue;fc27_futwiz;https://www.futwiz.com/fc27/player/waly-diouf/12739;2026-10-08
DFCO_011;effet;fc27_futwiz;https://www.futwiz.com/fc27/player/waly-diouf/12739;2026-10-08
DFCO_011;note_passe;fc27_futwiz;https://www.futwiz.com/fc27/player/waly-diouf/12739;2026-10-08
DFCO_011;agilite;fc27_futwiz;https://www.futwiz.com/fc27/player/waly-diouf/12739;2026-10-08
DFCO_011;equilibre;fc27_futwiz;https://www.futwiz.com/fc27/player/waly-diouf/12739;2026-10-08
DFCO_011;reactivite;fc27_futwiz;https://www.futwiz.com/fc27/player/waly-diouf/12739;2026-10-08
DFCO_011;conduite_de_balle;fc27_futwiz;https://www.futwiz.com/fc27/player/waly-diouf/12739;2026-10-08
DFCO_011;dribble;fc27_futwiz;https://www.futwiz.com/fc27/player/waly-diouf/12739;2026-10-08
DFCO_011;calme;fc27_futwiz;https://www.futwiz.com/fc27/player/waly-diouf/12739;2026-10-08
DFCO_011;note_dribble;fc27_futwiz;https://www.futwiz.com/fc27/player/waly-diouf/12739;2026-10-08
DFCO_011;interception;fc27_futwiz;https://www.futwiz.com/fc27/player/waly-diouf/12739;2026-10-08
DFCO_011;precision_de_la_tete;fc27_futwiz;https://www.futwiz.com/fc27/player/waly-diouf/12739;2026-10-08
DFCO_011;lucidite_defensive;fc27_futwiz;https://www.futwiz.com/fc27/player/waly-diouf/12739;2026-10-08
DFCO_011;tacle_debout;fc27_futwiz;https://www.futwiz.com/fc27/player/waly-diouf/12739;2026-10-08
DFCO_011;tacle_glisse;fc27_futwiz;https://www.futwiz.com/fc27/player/waly-diouf/12739;2026-10-08
DFCO_011;note_defense;fc27_futwiz;https://www.futwiz.com/fc27/player/waly-diouf/12739;2026-10-08
DFCO_011;detente;fc27_futwiz;https://www.futwiz.com/fc27/player/waly-diouf/12739;2026-10-08
DFCO_011;endurance;fc27_futwiz;https://www.futwiz.com/fc27/player/waly-diouf/12739;2026-10-08
DFCO_011;force;fc27_futwiz;https://www.futwiz.com/fc27/player/waly-diouf/12739;2026-10-08
DFCO_011;agressivite;fc27_futwiz;https://www.futwiz.com/fc27/player/waly-diouf/12739;2026-10-08
DFCO_011;note_physique;fc27_futwiz;https://www.futwiz.com/fc27/player/waly-diouf/12739;2026-10-08
DFCO_011;gardien_plongeon;non_applicable;;2026-10-08
DFCO_011;gardien_prise_de_balle;non_applicable;;2026-10-08
DFCO_011;gardien_jeu_au_pied;non_applicable;;2026-10-08
DFCO_011;gardien_reflexes;non_applicable;;2026-10-08
DFCO_011;gardien_sorties;non_applicable;;2026-10-08
DFCO_011;gardien_placement;non_applicable;;2026-10-08
DFCO_011;nom_fc27;fc27_futwiz;https://www.futwiz.com/fc27/player/waly-diouf/12739;2026-10-08
DFCO_011;note_generale_fc27;fc27_futwiz;https://www.futwiz.com/fc27/player/waly-diouf/12739;2026-10-08
DFCO_011;poste_fc27;fc27_futwiz;https://www.futwiz.com/fc27/player/waly-diouf/12739;2026-10-08
DFCO_011;groupe_poste_fc27;derive_fc27;https://www.futwiz.com/fc27/player/waly-diouf/12739;2026-10-08
DFCO_011;fc27_url;metadonnee;;2026-10-08
DFCO_011;fc27_id_fiche;metadonnee;;2026-10-08
DFCO_011;fc27_version_carte;metadonnee;;2026-10-08
DFCO_011;playstyles_fc27_observes;fc27_futwiz;https://www.futwiz.com/fc27/player/waly-diouf/12739;2026-10-08
DFCO_011;gardien_vitesse;non_applicable;;2026-10-08
DFCO_011;statut_import_fc27;metadonnee;;2026-10-08
DFCO_011;provenance_biometrie;metadonnee;;2026-10-08
DFCO_011;provenance_pied_fort;metadonnee;;2026-10-08
DFCO_011;provenance_attributs;metadonnee;;2026-10-08
DFCO_011;provenance_notes_groupes;metadonnee;;2026-10-08
DFCO_011;provenance_scenario;metadonnee;;2026-10-08
DFCO_012;joueur_id;metadonnee;;2026-10-08
DFCO_012;nom;source_publique_dfco;https://www.dfco.fr/effectifs/effectif-pro/;2026-10-08
DFCO_012;type_joueur;metadonnee;;2026-10-08
DFCO_012;club;source_publique_dfco;https://www.dfco.fr/effectifs/effectif-pro/;2026-10-08
DFCO_012;groupe_poste;source_publique_dfco;https://www.dfco.fr/effectifs/effectif-pro/;2026-10-08
DFCO_012;gardien;fc27_futwiz;https://www.futwiz.com/fc27/player/quentin-bernard/10311;2026-10-08
DFCO_012;date_reference;metadonnee;;2026-10-08
DFCO_012;date_naissance_simulee;simule;;2026-10-08
DFCO_012;age;simule;;2026-10-08
DFCO_012;taille_cm;simule;;2026-10-08
DFCO_012;poids_kg;simule;;2026-10-08
DFCO_012;pied_fort;fc27_futwiz;https://www.futwiz.com/fc27/player/quentin-bernard/10311;2026-10-08
DFCO_012;personnalite_tags;simule;;2026-10-08
DFCO_012;specialite_tags;simule;;2026-10-08
DFCO_012;langues_parlees;simule;;2026-10-08
DFCO_012;relation_equipe_score;simule;;2026-10-08
DFCO_012;satisfaction_score;simule;;2026-10-08
DFCO_012;satisfaction_motif;simule;;2026-10-08
DFCO_012;fatigue_score;simule;;2026-10-08
DFCO_012;sante_score;simule;;2026-10-08
DFCO_012;statut_sante;simule;;2026-10-08
DFCO_012;indicateur_sante;simule;;2026-10-08
DFCO_012;disponibilite;simule;;2026-10-08
DFCO_012;retour_prevu;non_disponible;;2026-10-08
DFCO_012;nb_blessures_12_mois;simule;;2026-10-08
DFCO_012;affinites_positives_ids;simule;;2026-10-08
DFCO_012;affinites_negatives_ids;simule;;2026-10-08
DFCO_012;provenance_identite;metadonnee;;2026-10-08
DFCO_012;provenance_groupe_poste;metadonnee;;2026-10-08
DFCO_012;provenance_autres_champs;metadonnee;;2026-10-08
DFCO_012;source_url;metadonnee;;2026-10-08
DFCO_012;source_consultee_le;metadonnee;;2026-10-08
DFCO_012;relation_equipe_general;simule;;2026-10-08
DFCO_012;acceleration;fc27_futwiz;https://www.futwiz.com/fc27/player/quentin-bernard/10311;2026-10-08
DFCO_012;vitesse_de_pointe;fc27_futwiz;https://www.futwiz.com/fc27/player/quentin-bernard/10311;2026-10-08
DFCO_012;note_vitesse;fc27_futwiz;https://www.futwiz.com/fc27/player/quentin-bernard/10311;2026-10-08
DFCO_012;placement_offensif;fc27_futwiz;https://www.futwiz.com/fc27/player/quentin-bernard/10311;2026-10-08
DFCO_012;finition;fc27_futwiz;https://www.futwiz.com/fc27/player/quentin-bernard/10311;2026-10-08
DFCO_012;puissance_de_tir;fc27_futwiz;https://www.futwiz.com/fc27/player/quentin-bernard/10311;2026-10-08
DFCO_012;tir_de_loin;fc27_futwiz;https://www.futwiz.com/fc27/player/quentin-bernard/10311;2026-10-08
DFCO_012;volee;fc27_futwiz;https://www.futwiz.com/fc27/player/quentin-bernard/10311;2026-10-08
DFCO_012;penalty;fc27_futwiz;https://www.futwiz.com/fc27/player/quentin-bernard/10311;2026-10-08
DFCO_012;note_frappe;fc27_futwiz;https://www.futwiz.com/fc27/player/quentin-bernard/10311;2026-10-08
DFCO_012;vista;fc27_futwiz;https://www.futwiz.com/fc27/player/quentin-bernard/10311;2026-10-08
DFCO_012;centre;fc27_futwiz;https://www.futwiz.com/fc27/player/quentin-bernard/10311;2026-10-08
DFCO_012;precision_coup_franc;fc27_futwiz;https://www.futwiz.com/fc27/player/quentin-bernard/10311;2026-10-08
DFCO_012;passe_courte;fc27_futwiz;https://www.futwiz.com/fc27/player/quentin-bernard/10311;2026-10-08
DFCO_012;passe_longue;fc27_futwiz;https://www.futwiz.com/fc27/player/quentin-bernard/10311;2026-10-08
DFCO_012;effet;fc27_futwiz;https://www.futwiz.com/fc27/player/quentin-bernard/10311;2026-10-08
DFCO_012;note_passe;fc27_futwiz;https://www.futwiz.com/fc27/player/quentin-bernard/10311;2026-10-08
DFCO_012;agilite;fc27_futwiz;https://www.futwiz.com/fc27/player/quentin-bernard/10311;2026-10-08
DFCO_012;equilibre;fc27_futwiz;https://www.futwiz.com/fc27/player/quentin-bernard/10311;2026-10-08
DFCO_012;reactivite;fc27_futwiz;https://www.futwiz.com/fc27/player/quentin-bernard/10311;2026-10-08
DFCO_012;conduite_de_balle;fc27_futwiz;https://www.futwiz.com/fc27/player/quentin-bernard/10311;2026-10-08
DFCO_012;dribble;fc27_futwiz;https://www.futwiz.com/fc27/player/quentin-bernard/10311;2026-10-08
DFCO_012;calme;fc27_futwiz;https://www.futwiz.com/fc27/player/quentin-bernard/10311;2026-10-08
DFCO_012;note_dribble;fc27_futwiz;https://www.futwiz.com/fc27/player/quentin-bernard/10311;2026-10-08
DFCO_012;interception;fc27_futwiz;https://www.futwiz.com/fc27/player/quentin-bernard/10311;2026-10-08
DFCO_012;precision_de_la_tete;fc27_futwiz;https://www.futwiz.com/fc27/player/quentin-bernard/10311;2026-10-08
DFCO_012;lucidite_defensive;fc27_futwiz;https://www.futwiz.com/fc27/player/quentin-bernard/10311;2026-10-08
DFCO_012;tacle_debout;fc27_futwiz;https://www.futwiz.com/fc27/player/quentin-bernard/10311;2026-10-08
DFCO_012;tacle_glisse;fc27_futwiz;https://www.futwiz.com/fc27/player/quentin-bernard/10311;2026-10-08
DFCO_012;note_defense;fc27_futwiz;https://www.futwiz.com/fc27/player/quentin-bernard/10311;2026-10-08
DFCO_012;detente;fc27_futwiz;https://www.futwiz.com/fc27/player/quentin-bernard/10311;2026-10-08
DFCO_012;endurance;fc27_futwiz;https://www.futwiz.com/fc27/player/quentin-bernard/10311;2026-10-08
DFCO_012;force;fc27_futwiz;https://www.futwiz.com/fc27/player/quentin-bernard/10311;2026-10-08
DFCO_012;agressivite;fc27_futwiz;https://www.futwiz.com/fc27/player/quentin-bernard/10311;2026-10-08
DFCO_012;note_physique;fc27_futwiz;https://www.futwiz.com/fc27/player/quentin-bernard/10311;2026-10-08
DFCO_012;gardien_plongeon;non_applicable;;2026-10-08
DFCO_012;gardien_prise_de_balle;non_applicable;;2026-10-08
DFCO_012;gardien_jeu_au_pied;non_applicable;;2026-10-08
DFCO_012;gardien_reflexes;non_applicable;;2026-10-08
DFCO_012;gardien_sorties;non_applicable;;2026-10-08
DFCO_012;gardien_placement;non_applicable;;2026-10-08
DFCO_012;nom_fc27;fc27_futwiz;https://www.futwiz.com/fc27/player/quentin-bernard/10311;2026-10-08
DFCO_012;note_generale_fc27;fc27_futwiz;https://www.futwiz.com/fc27/player/quentin-bernard/10311;2026-10-08
DFCO_012;poste_fc27;fc27_futwiz;https://www.futwiz.com/fc27/player/quentin-bernard/10311;2026-10-08
DFCO_012;groupe_poste_fc27;derive_fc27;https://www.futwiz.com/fc27/player/quentin-bernard/10311;2026-10-08
DFCO_012;fc27_url;metadonnee;;2026-10-08
DFCO_012;fc27_id_fiche;metadonnee;;2026-10-08
DFCO_012;fc27_version_carte;metadonnee;;2026-10-08
DFCO_012;playstyles_fc27_observes;fc27_futwiz;https://www.futwiz.com/fc27/player/quentin-bernard/10311;2026-10-08
DFCO_012;gardien_vitesse;non_applicable;;2026-10-08
DFCO_012;statut_import_fc27;metadonnee;;2026-10-08
DFCO_012;provenance_biometrie;metadonnee;;2026-10-08
DFCO_012;provenance_pied_fort;metadonnee;;2026-10-08
DFCO_012;provenance_attributs;metadonnee;;2026-10-08
DFCO_012;provenance_notes_groupes;metadonnee;;2026-10-08
DFCO_012;provenance_scenario;metadonnee;;2026-10-08
DFCO_013;joueur_id;metadonnee;;2026-10-08
DFCO_013;nom;source_publique_dfco;https://www.dfco.fr/effectifs/effectif-pro/;2026-10-08
DFCO_013;type_joueur;metadonnee;;2026-10-08
DFCO_013;club;source_publique_dfco;https://www.dfco.fr/effectifs/effectif-pro/;2026-10-08
DFCO_013;groupe_poste;source_publique_dfco;https://www.dfco.fr/effectifs/effectif-pro/;2026-10-08
DFCO_013;gardien;fc27_futwiz;https://www.futwiz.com/fc27/player/cesar-obongo/16694;2026-10-08
DFCO_013;date_reference;metadonnee;;2026-10-08
DFCO_013;date_naissance_simulee;simule;;2026-10-08
DFCO_013;age;simule;;2026-10-08
DFCO_013;taille_cm;simule;;2026-10-08
DFCO_013;poids_kg;simule;;2026-10-08
DFCO_013;pied_fort;fc27_futwiz;https://www.futwiz.com/fc27/player/cesar-obongo/16694;2026-10-08
DFCO_013;personnalite_tags;simule;;2026-10-08
DFCO_013;specialite_tags;simule;;2026-10-08
DFCO_013;langues_parlees;simule;;2026-10-08
DFCO_013;relation_equipe_score;simule;;2026-10-08
DFCO_013;satisfaction_score;simule;;2026-10-08
DFCO_013;satisfaction_motif;simule;;2026-10-08
DFCO_013;fatigue_score;simule;;2026-10-08
DFCO_013;sante_score;simule;;2026-10-08
DFCO_013;statut_sante;simule;;2026-10-08
DFCO_013;indicateur_sante;simule;;2026-10-08
DFCO_013;disponibilite;simule;;2026-10-08
DFCO_013;retour_prevu;non_disponible;;2026-10-08
DFCO_013;nb_blessures_12_mois;simule;;2026-10-08
DFCO_013;affinites_positives_ids;simule;;2026-10-08
DFCO_013;affinites_negatives_ids;simule;;2026-10-08
DFCO_013;provenance_identite;metadonnee;;2026-10-08
DFCO_013;provenance_groupe_poste;metadonnee;;2026-10-08
DFCO_013;provenance_autres_champs;metadonnee;;2026-10-08
DFCO_013;source_url;metadonnee;;2026-10-08
DFCO_013;source_consultee_le;metadonnee;;2026-10-08
DFCO_013;relation_equipe_general;simule;;2026-10-08
DFCO_013;acceleration;fc27_futwiz;https://www.futwiz.com/fc27/player/cesar-obongo/16694;2026-10-08
DFCO_013;vitesse_de_pointe;fc27_futwiz;https://www.futwiz.com/fc27/player/cesar-obongo/16694;2026-10-08
DFCO_013;note_vitesse;fc27_futwiz;https://www.futwiz.com/fc27/player/cesar-obongo/16694;2026-10-08
DFCO_013;placement_offensif;fc27_futwiz;https://www.futwiz.com/fc27/player/cesar-obongo/16694;2026-10-08
DFCO_013;finition;fc27_futwiz;https://www.futwiz.com/fc27/player/cesar-obongo/16694;2026-10-08
DFCO_013;puissance_de_tir;fc27_futwiz;https://www.futwiz.com/fc27/player/cesar-obongo/16694;2026-10-08
DFCO_013;tir_de_loin;fc27_futwiz;https://www.futwiz.com/fc27/player/cesar-obongo/16694;2026-10-08
DFCO_013;volee;fc27_futwiz;https://www.futwiz.com/fc27/player/cesar-obongo/16694;2026-10-08
DFCO_013;penalty;fc27_futwiz;https://www.futwiz.com/fc27/player/cesar-obongo/16694;2026-10-08
DFCO_013;note_frappe;fc27_futwiz;https://www.futwiz.com/fc27/player/cesar-obongo/16694;2026-10-08
DFCO_013;vista;fc27_futwiz;https://www.futwiz.com/fc27/player/cesar-obongo/16694;2026-10-08
DFCO_013;centre;fc27_futwiz;https://www.futwiz.com/fc27/player/cesar-obongo/16694;2026-10-08
DFCO_013;precision_coup_franc;fc27_futwiz;https://www.futwiz.com/fc27/player/cesar-obongo/16694;2026-10-08
DFCO_013;passe_courte;fc27_futwiz;https://www.futwiz.com/fc27/player/cesar-obongo/16694;2026-10-08
DFCO_013;passe_longue;fc27_futwiz;https://www.futwiz.com/fc27/player/cesar-obongo/16694;2026-10-08
DFCO_013;effet;fc27_futwiz;https://www.futwiz.com/fc27/player/cesar-obongo/16694;2026-10-08
DFCO_013;note_passe;fc27_futwiz;https://www.futwiz.com/fc27/player/cesar-obongo/16694;2026-10-08
DFCO_013;agilite;fc27_futwiz;https://www.futwiz.com/fc27/player/cesar-obongo/16694;2026-10-08
DFCO_013;equilibre;fc27_futwiz;https://www.futwiz.com/fc27/player/cesar-obongo/16694;2026-10-08
DFCO_013;reactivite;fc27_futwiz;https://www.futwiz.com/fc27/player/cesar-obongo/16694;2026-10-08
DFCO_013;conduite_de_balle;fc27_futwiz;https://www.futwiz.com/fc27/player/cesar-obongo/16694;2026-10-08
DFCO_013;dribble;fc27_futwiz;https://www.futwiz.com/fc27/player/cesar-obongo/16694;2026-10-08
DFCO_013;calme;fc27_futwiz;https://www.futwiz.com/fc27/player/cesar-obongo/16694;2026-10-08
DFCO_013;note_dribble;fc27_futwiz;https://www.futwiz.com/fc27/player/cesar-obongo/16694;2026-10-08
DFCO_013;interception;fc27_futwiz;https://www.futwiz.com/fc27/player/cesar-obongo/16694;2026-10-08
DFCO_013;precision_de_la_tete;fc27_futwiz;https://www.futwiz.com/fc27/player/cesar-obongo/16694;2026-10-08
DFCO_013;lucidite_defensive;fc27_futwiz;https://www.futwiz.com/fc27/player/cesar-obongo/16694;2026-10-08
DFCO_013;tacle_debout;fc27_futwiz;https://www.futwiz.com/fc27/player/cesar-obongo/16694;2026-10-08
DFCO_013;tacle_glisse;fc27_futwiz;https://www.futwiz.com/fc27/player/cesar-obongo/16694;2026-10-08
DFCO_013;note_defense;fc27_futwiz;https://www.futwiz.com/fc27/player/cesar-obongo/16694;2026-10-08
DFCO_013;detente;fc27_futwiz;https://www.futwiz.com/fc27/player/cesar-obongo/16694;2026-10-08
DFCO_013;endurance;fc27_futwiz;https://www.futwiz.com/fc27/player/cesar-obongo/16694;2026-10-08
DFCO_013;force;fc27_futwiz;https://www.futwiz.com/fc27/player/cesar-obongo/16694;2026-10-08
DFCO_013;agressivite;fc27_futwiz;https://www.futwiz.com/fc27/player/cesar-obongo/16694;2026-10-08
DFCO_013;note_physique;fc27_futwiz;https://www.futwiz.com/fc27/player/cesar-obongo/16694;2026-10-08
DFCO_013;gardien_plongeon;non_applicable;;2026-10-08
DFCO_013;gardien_prise_de_balle;non_applicable;;2026-10-08
DFCO_013;gardien_jeu_au_pied;non_applicable;;2026-10-08
DFCO_013;gardien_reflexes;non_applicable;;2026-10-08
DFCO_013;gardien_sorties;non_applicable;;2026-10-08
DFCO_013;gardien_placement;non_applicable;;2026-10-08
DFCO_013;nom_fc27;fc27_futwiz;https://www.futwiz.com/fc27/player/cesar-obongo/16694;2026-10-08
DFCO_013;note_generale_fc27;fc27_futwiz;https://www.futwiz.com/fc27/player/cesar-obongo/16694;2026-10-08
DFCO_013;poste_fc27;fc27_futwiz;https://www.futwiz.com/fc27/player/cesar-obongo/16694;2026-10-08
DFCO_013;groupe_poste_fc27;derive_fc27;https://www.futwiz.com/fc27/player/cesar-obongo/16694;2026-10-08
DFCO_013;fc27_url;metadonnee;;2026-10-08
DFCO_013;fc27_id_fiche;metadonnee;;2026-10-08
DFCO_013;fc27_version_carte;metadonnee;;2026-10-08
DFCO_013;playstyles_fc27_observes;fc27_futwiz;https://www.futwiz.com/fc27/player/cesar-obongo/16694;2026-10-08
DFCO_013;gardien_vitesse;non_applicable;;2026-10-08
DFCO_013;statut_import_fc27;metadonnee;;2026-10-08
DFCO_013;provenance_biometrie;metadonnee;;2026-10-08
DFCO_013;provenance_pied_fort;metadonnee;;2026-10-08
DFCO_013;provenance_attributs;metadonnee;;2026-10-08
DFCO_013;provenance_notes_groupes;metadonnee;;2026-10-08
DFCO_013;provenance_scenario;metadonnee;;2026-10-08
DFCO_014;joueur_id;metadonnee;;2026-10-08
DFCO_014;nom;source_publique_dfco;https://www.dfco.fr/effectifs/effectif-pro/;2026-10-08
DFCO_014;type_joueur;metadonnee;;2026-10-08
DFCO_014;club;source_publique_dfco;https://www.dfco.fr/effectifs/effectif-pro/;2026-10-08
DFCO_014;groupe_poste;source_publique_dfco;https://www.dfco.fr/effectifs/effectif-pro/;2026-10-08
DFCO_014;gardien;fc27_futwiz;https://www.futwiz.com/fc27/player/michael-barreto/10310;2026-10-08
DFCO_014;date_reference;metadonnee;;2026-10-08
DFCO_014;date_naissance_simulee;simule;;2026-10-08
DFCO_014;age;simule;;2026-10-08
DFCO_014;taille_cm;simule;;2026-10-08
DFCO_014;poids_kg;simule;;2026-10-08
DFCO_014;pied_fort;fc27_futwiz;https://www.futwiz.com/fc27/player/michael-barreto/10310;2026-10-08
DFCO_014;personnalite_tags;simule;;2026-10-08
DFCO_014;specialite_tags;simule;;2026-10-08
DFCO_014;langues_parlees;simule;;2026-10-08
DFCO_014;relation_equipe_score;simule;;2026-10-08
DFCO_014;satisfaction_score;simule;;2026-10-08
DFCO_014;satisfaction_motif;simule;;2026-10-08
DFCO_014;fatigue_score;simule;;2026-10-08
DFCO_014;sante_score;simule;;2026-10-08
DFCO_014;statut_sante;simule;;2026-10-08
DFCO_014;indicateur_sante;simule;;2026-10-08
DFCO_014;disponibilite;simule;;2026-10-08
DFCO_014;retour_prevu;non_disponible;;2026-10-08
DFCO_014;nb_blessures_12_mois;simule;;2026-10-08
DFCO_014;affinites_positives_ids;simule;;2026-10-08
DFCO_014;affinites_negatives_ids;simule;;2026-10-08
DFCO_014;provenance_identite;metadonnee;;2026-10-08
DFCO_014;provenance_groupe_poste;metadonnee;;2026-10-08
DFCO_014;provenance_autres_champs;metadonnee;;2026-10-08
DFCO_014;source_url;metadonnee;;2026-10-08
DFCO_014;source_consultee_le;metadonnee;;2026-10-08
DFCO_014;relation_equipe_general;simule;;2026-10-08
DFCO_014;acceleration;fc27_futwiz;https://www.futwiz.com/fc27/player/michael-barreto/10310;2026-10-08
DFCO_014;vitesse_de_pointe;fc27_futwiz;https://www.futwiz.com/fc27/player/michael-barreto/10310;2026-10-08
DFCO_014;note_vitesse;fc27_futwiz;https://www.futwiz.com/fc27/player/michael-barreto/10310;2026-10-08
DFCO_014;placement_offensif;fc27_futwiz;https://www.futwiz.com/fc27/player/michael-barreto/10310;2026-10-08
DFCO_014;finition;fc27_futwiz;https://www.futwiz.com/fc27/player/michael-barreto/10310;2026-10-08
DFCO_014;puissance_de_tir;fc27_futwiz;https://www.futwiz.com/fc27/player/michael-barreto/10310;2026-10-08
DFCO_014;tir_de_loin;fc27_futwiz;https://www.futwiz.com/fc27/player/michael-barreto/10310;2026-10-08
DFCO_014;volee;fc27_futwiz;https://www.futwiz.com/fc27/player/michael-barreto/10310;2026-10-08
DFCO_014;penalty;fc27_futwiz;https://www.futwiz.com/fc27/player/michael-barreto/10310;2026-10-08
DFCO_014;note_frappe;fc27_futwiz;https://www.futwiz.com/fc27/player/michael-barreto/10310;2026-10-08
DFCO_014;vista;fc27_futwiz;https://www.futwiz.com/fc27/player/michael-barreto/10310;2026-10-08
DFCO_014;centre;fc27_futwiz;https://www.futwiz.com/fc27/player/michael-barreto/10310;2026-10-08
DFCO_014;precision_coup_franc;fc27_futwiz;https://www.futwiz.com/fc27/player/michael-barreto/10310;2026-10-08
DFCO_014;passe_courte;fc27_futwiz;https://www.futwiz.com/fc27/player/michael-barreto/10310;2026-10-08
DFCO_014;passe_longue;fc27_futwiz;https://www.futwiz.com/fc27/player/michael-barreto/10310;2026-10-08
DFCO_014;effet;fc27_futwiz;https://www.futwiz.com/fc27/player/michael-barreto/10310;2026-10-08
DFCO_014;note_passe;fc27_futwiz;https://www.futwiz.com/fc27/player/michael-barreto/10310;2026-10-08
DFCO_014;agilite;fc27_futwiz;https://www.futwiz.com/fc27/player/michael-barreto/10310;2026-10-08
DFCO_014;equilibre;fc27_futwiz;https://www.futwiz.com/fc27/player/michael-barreto/10310;2026-10-08
DFCO_014;reactivite;fc27_futwiz;https://www.futwiz.com/fc27/player/michael-barreto/10310;2026-10-08
DFCO_014;conduite_de_balle;fc27_futwiz;https://www.futwiz.com/fc27/player/michael-barreto/10310;2026-10-08
DFCO_014;dribble;fc27_futwiz;https://www.futwiz.com/fc27/player/michael-barreto/10310;2026-10-08
DFCO_014;calme;fc27_futwiz;https://www.futwiz.com/fc27/player/michael-barreto/10310;2026-10-08
DFCO_014;note_dribble;fc27_futwiz;https://www.futwiz.com/fc27/player/michael-barreto/10310;2026-10-08
DFCO_014;interception;fc27_futwiz;https://www.futwiz.com/fc27/player/michael-barreto/10310;2026-10-08
DFCO_014;precision_de_la_tete;fc27_futwiz;https://www.futwiz.com/fc27/player/michael-barreto/10310;2026-10-08
DFCO_014;lucidite_defensive;fc27_futwiz;https://www.futwiz.com/fc27/player/michael-barreto/10310;2026-10-08
DFCO_014;tacle_debout;fc27_futwiz;https://www.futwiz.com/fc27/player/michael-barreto/10310;2026-10-08
DFCO_014;tacle_glisse;fc27_futwiz;https://www.futwiz.com/fc27/player/michael-barreto/10310;2026-10-08
DFCO_014;note_defense;fc27_futwiz;https://www.futwiz.com/fc27/player/michael-barreto/10310;2026-10-08
DFCO_014;detente;fc27_futwiz;https://www.futwiz.com/fc27/player/michael-barreto/10310;2026-10-08
DFCO_014;endurance;fc27_futwiz;https://www.futwiz.com/fc27/player/michael-barreto/10310;2026-10-08
DFCO_014;force;fc27_futwiz;https://www.futwiz.com/fc27/player/michael-barreto/10310;2026-10-08
DFCO_014;agressivite;fc27_futwiz;https://www.futwiz.com/fc27/player/michael-barreto/10310;2026-10-08
DFCO_014;note_physique;fc27_futwiz;https://www.futwiz.com/fc27/player/michael-barreto/10310;2026-10-08
DFCO_014;gardien_plongeon;non_applicable;;2026-10-08
DFCO_014;gardien_prise_de_balle;non_applicable;;2026-10-08
DFCO_014;gardien_jeu_au_pied;non_applicable;;2026-10-08
DFCO_014;gardien_reflexes;non_applicable;;2026-10-08
DFCO_014;gardien_sorties;non_applicable;;2026-10-08
DFCO_014;gardien_placement;non_applicable;;2026-10-08
DFCO_014;nom_fc27;fc27_futwiz;https://www.futwiz.com/fc27/player/michael-barreto/10310;2026-10-08
DFCO_014;note_generale_fc27;fc27_futwiz;https://www.futwiz.com/fc27/player/michael-barreto/10310;2026-10-08
DFCO_014;poste_fc27;fc27_futwiz;https://www.futwiz.com/fc27/player/michael-barreto/10310;2026-10-08
DFCO_014;groupe_poste_fc27;derive_fc27;https://www.futwiz.com/fc27/player/michael-barreto/10310;2026-10-08
DFCO_014;fc27_url;metadonnee;;2026-10-08
DFCO_014;fc27_id_fiche;metadonnee;;2026-10-08
DFCO_014;fc27_version_carte;metadonnee;;2026-10-08
DFCO_014;playstyles_fc27_observes;fc27_futwiz;https://www.futwiz.com/fc27/player/michael-barreto/10310;2026-10-08
DFCO_014;gardien_vitesse;non_applicable;;2026-10-08
DFCO_014;statut_import_fc27;metadonnee;;2026-10-08
DFCO_014;provenance_biometrie;metadonnee;;2026-10-08
DFCO_014;provenance_pied_fort;metadonnee;;2026-10-08
DFCO_014;provenance_attributs;metadonnee;;2026-10-08
DFCO_014;provenance_notes_groupes;metadonnee;;2026-10-08
DFCO_014;provenance_scenario;metadonnee;;2026-10-08
DFCO_015;joueur_id;metadonnee;;2026-10-08
DFCO_015;nom;source_publique_dfco;https://www.dfco.fr/effectifs/effectif-pro/;2026-10-08
DFCO_015;type_joueur;metadonnee;;2026-10-08
DFCO_015;club;source_publique_dfco;https://www.dfco.fr/effectifs/effectif-pro/;2026-10-08
DFCO_015;groupe_poste;source_publique_dfco;https://www.dfco.fr/effectifs/effectif-pro/;2026-10-08
DFCO_015;gardien;fc27_futwiz;https://www.futwiz.com/fc27/player/samy-chouchane/14989;2026-10-08
DFCO_015;date_reference;metadonnee;;2026-10-08
DFCO_015;date_naissance_simulee;simule;;2026-10-08
DFCO_015;age;simule;;2026-10-08
DFCO_015;taille_cm;simule;;2026-10-08
DFCO_015;poids_kg;simule;;2026-10-08
DFCO_015;pied_fort;fc27_futwiz;https://www.futwiz.com/fc27/player/samy-chouchane/14989;2026-10-08
DFCO_015;personnalite_tags;simule;;2026-10-08
DFCO_015;specialite_tags;simule;;2026-10-08
DFCO_015;langues_parlees;simule;;2026-10-08
DFCO_015;relation_equipe_score;simule;;2026-10-08
DFCO_015;satisfaction_score;simule;;2026-10-08
DFCO_015;satisfaction_motif;simule;;2026-10-08
DFCO_015;fatigue_score;simule;;2026-10-08
DFCO_015;sante_score;simule;;2026-10-08
DFCO_015;statut_sante;simule;;2026-10-08
DFCO_015;indicateur_sante;simule;;2026-10-08
DFCO_015;disponibilite;simule;;2026-10-08
DFCO_015;retour_prevu;simule;;2026-10-08
DFCO_015;nb_blessures_12_mois;simule;;2026-10-08
DFCO_015;affinites_positives_ids;simule;;2026-10-08
DFCO_015;affinites_negatives_ids;simule;;2026-10-08
DFCO_015;provenance_identite;metadonnee;;2026-10-08
DFCO_015;provenance_groupe_poste;metadonnee;;2026-10-08
DFCO_015;provenance_autres_champs;metadonnee;;2026-10-08
DFCO_015;source_url;metadonnee;;2026-10-08
DFCO_015;source_consultee_le;metadonnee;;2026-10-08
DFCO_015;relation_equipe_general;simule;;2026-10-08
DFCO_015;acceleration;fc27_futwiz;https://www.futwiz.com/fc27/player/samy-chouchane/14989;2026-10-08
DFCO_015;vitesse_de_pointe;fc27_futwiz;https://www.futwiz.com/fc27/player/samy-chouchane/14989;2026-10-08
DFCO_015;note_vitesse;fc27_futwiz;https://www.futwiz.com/fc27/player/samy-chouchane/14989;2026-10-08
DFCO_015;placement_offensif;fc27_futwiz;https://www.futwiz.com/fc27/player/samy-chouchane/14989;2026-10-08
DFCO_015;finition;fc27_futwiz;https://www.futwiz.com/fc27/player/samy-chouchane/14989;2026-10-08
DFCO_015;puissance_de_tir;fc27_futwiz;https://www.futwiz.com/fc27/player/samy-chouchane/14989;2026-10-08
DFCO_015;tir_de_loin;fc27_futwiz;https://www.futwiz.com/fc27/player/samy-chouchane/14989;2026-10-08
DFCO_015;volee;fc27_futwiz;https://www.futwiz.com/fc27/player/samy-chouchane/14989;2026-10-08
DFCO_015;penalty;fc27_futwiz;https://www.futwiz.com/fc27/player/samy-chouchane/14989;2026-10-08
DFCO_015;note_frappe;fc27_futwiz;https://www.futwiz.com/fc27/player/samy-chouchane/14989;2026-10-08
DFCO_015;vista;fc27_futwiz;https://www.futwiz.com/fc27/player/samy-chouchane/14989;2026-10-08
DFCO_015;centre;fc27_futwiz;https://www.futwiz.com/fc27/player/samy-chouchane/14989;2026-10-08
DFCO_015;precision_coup_franc;fc27_futwiz;https://www.futwiz.com/fc27/player/samy-chouchane/14989;2026-10-08
DFCO_015;passe_courte;fc27_futwiz;https://www.futwiz.com/fc27/player/samy-chouchane/14989;2026-10-08
DFCO_015;passe_longue;fc27_futwiz;https://www.futwiz.com/fc27/player/samy-chouchane/14989;2026-10-08
DFCO_015;effet;fc27_futwiz;https://www.futwiz.com/fc27/player/samy-chouchane/14989;2026-10-08
DFCO_015;note_passe;fc27_futwiz;https://www.futwiz.com/fc27/player/samy-chouchane/14989;2026-10-08
DFCO_015;agilite;fc27_futwiz;https://www.futwiz.com/fc27/player/samy-chouchane/14989;2026-10-08
DFCO_015;equilibre;fc27_futwiz;https://www.futwiz.com/fc27/player/samy-chouchane/14989;2026-10-08
DFCO_015;reactivite;fc27_futwiz;https://www.futwiz.com/fc27/player/samy-chouchane/14989;2026-10-08
DFCO_015;conduite_de_balle;fc27_futwiz;https://www.futwiz.com/fc27/player/samy-chouchane/14989;2026-10-08
DFCO_015;dribble;fc27_futwiz;https://www.futwiz.com/fc27/player/samy-chouchane/14989;2026-10-08
DFCO_015;calme;fc27_futwiz;https://www.futwiz.com/fc27/player/samy-chouchane/14989;2026-10-08
DFCO_015;note_dribble;fc27_futwiz;https://www.futwiz.com/fc27/player/samy-chouchane/14989;2026-10-08
DFCO_015;interception;fc27_futwiz;https://www.futwiz.com/fc27/player/samy-chouchane/14989;2026-10-08
DFCO_015;precision_de_la_tete;fc27_futwiz;https://www.futwiz.com/fc27/player/samy-chouchane/14989;2026-10-08
DFCO_015;lucidite_defensive;fc27_futwiz;https://www.futwiz.com/fc27/player/samy-chouchane/14989;2026-10-08
DFCO_015;tacle_debout;fc27_futwiz;https://www.futwiz.com/fc27/player/samy-chouchane/14989;2026-10-08
DFCO_015;tacle_glisse;fc27_futwiz;https://www.futwiz.com/fc27/player/samy-chouchane/14989;2026-10-08
DFCO_015;note_defense;fc27_futwiz;https://www.futwiz.com/fc27/player/samy-chouchane/14989;2026-10-08
DFCO_015;detente;fc27_futwiz;https://www.futwiz.com/fc27/player/samy-chouchane/14989;2026-10-08
DFCO_015;endurance;fc27_futwiz;https://www.futwiz.com/fc27/player/samy-chouchane/14989;2026-10-08
DFCO_015;force;fc27_futwiz;https://www.futwiz.com/fc27/player/samy-chouchane/14989;2026-10-08
DFCO_015;agressivite;fc27_futwiz;https://www.futwiz.com/fc27/player/samy-chouchane/14989;2026-10-08
DFCO_015;note_physique;fc27_futwiz;https://www.futwiz.com/fc27/player/samy-chouchane/14989;2026-10-08
DFCO_015;gardien_plongeon;non_applicable;;2026-10-08
DFCO_015;gardien_prise_de_balle;non_applicable;;2026-10-08
DFCO_015;gardien_jeu_au_pied;non_applicable;;2026-10-08
DFCO_015;gardien_reflexes;non_applicable;;2026-10-08
DFCO_015;gardien_sorties;non_applicable;;2026-10-08
DFCO_015;gardien_placement;non_applicable;;2026-10-08
DFCO_015;nom_fc27;fc27_futwiz;https://www.futwiz.com/fc27/player/samy-chouchane/14989;2026-10-08
DFCO_015;note_generale_fc27;fc27_futwiz;https://www.futwiz.com/fc27/player/samy-chouchane/14989;2026-10-08
DFCO_015;poste_fc27;fc27_futwiz;https://www.futwiz.com/fc27/player/samy-chouchane/14989;2026-10-08
DFCO_015;groupe_poste_fc27;derive_fc27;https://www.futwiz.com/fc27/player/samy-chouchane/14989;2026-10-08
DFCO_015;fc27_url;metadonnee;;2026-10-08
DFCO_015;fc27_id_fiche;metadonnee;;2026-10-08
DFCO_015;fc27_version_carte;metadonnee;;2026-10-08
DFCO_015;playstyles_fc27_observes;fc27_futwiz;https://www.futwiz.com/fc27/player/samy-chouchane/14989;2026-10-08
DFCO_015;gardien_vitesse;non_applicable;;2026-10-08
DFCO_015;statut_import_fc27;metadonnee;;2026-10-08
DFCO_015;provenance_biometrie;metadonnee;;2026-10-08
DFCO_015;provenance_pied_fort;metadonnee;;2026-10-08
DFCO_015;provenance_attributs;metadonnee;;2026-10-08
DFCO_015;provenance_notes_groupes;metadonnee;;2026-10-08
DFCO_015;provenance_scenario;metadonnee;;2026-10-08
DFCO_016;joueur_id;metadonnee;;2026-10-08
DFCO_016;nom;source_publique_dfco;https://www.dfco.fr/effectifs/effectif-pro/;2026-10-08
DFCO_016;type_joueur;metadonnee;;2026-10-08
DFCO_016;club;source_publique_dfco;https://www.dfco.fr/effectifs/effectif-pro/;2026-10-08
DFCO_016;groupe_poste;source_publique_dfco;https://www.dfco.fr/effectifs/effectif-pro/;2026-10-08
DFCO_016;gardien;fc27_futwiz;https://www.futwiz.com/fc27/player/brandon-nsimba-ndezi/15010;2026-10-08
DFCO_016;date_reference;metadonnee;;2026-10-08
DFCO_016;date_naissance_simulee;simule;;2026-10-08
DFCO_016;age;simule;;2026-10-08
DFCO_016;taille_cm;simule;;2026-10-08
DFCO_016;poids_kg;simule;;2026-10-08
DFCO_016;pied_fort;fc27_futwiz;https://www.futwiz.com/fc27/player/brandon-nsimba-ndezi/15010;2026-10-08
DFCO_016;personnalite_tags;simule;;2026-10-08
DFCO_016;specialite_tags;simule;;2026-10-08
DFCO_016;langues_parlees;simule;;2026-10-08
DFCO_016;relation_equipe_score;simule;;2026-10-08
DFCO_016;satisfaction_score;simule;;2026-10-08
DFCO_016;satisfaction_motif;simule;;2026-10-08
DFCO_016;fatigue_score;simule;;2026-10-08
DFCO_016;sante_score;simule;;2026-10-08
DFCO_016;statut_sante;simule;;2026-10-08
DFCO_016;indicateur_sante;simule;;2026-10-08
DFCO_016;disponibilite;simule;;2026-10-08
DFCO_016;retour_prevu;non_disponible;;2026-10-08
DFCO_016;nb_blessures_12_mois;simule;;2026-10-08
DFCO_016;affinites_positives_ids;simule;;2026-10-08
DFCO_016;affinites_negatives_ids;simule;;2026-10-08
DFCO_016;provenance_identite;metadonnee;;2026-10-08
DFCO_016;provenance_groupe_poste;metadonnee;;2026-10-08
DFCO_016;provenance_autres_champs;metadonnee;;2026-10-08
DFCO_016;source_url;metadonnee;;2026-10-08
DFCO_016;source_consultee_le;metadonnee;;2026-10-08
DFCO_016;relation_equipe_general;simule;;2026-10-08
DFCO_016;acceleration;fc27_futwiz;https://www.futwiz.com/fc27/player/brandon-nsimba-ndezi/15010;2026-10-08
DFCO_016;vitesse_de_pointe;fc27_futwiz;https://www.futwiz.com/fc27/player/brandon-nsimba-ndezi/15010;2026-10-08
DFCO_016;note_vitesse;fc27_futwiz;https://www.futwiz.com/fc27/player/brandon-nsimba-ndezi/15010;2026-10-08
DFCO_016;placement_offensif;fc27_futwiz;https://www.futwiz.com/fc27/player/brandon-nsimba-ndezi/15010;2026-10-08
DFCO_016;finition;fc27_futwiz;https://www.futwiz.com/fc27/player/brandon-nsimba-ndezi/15010;2026-10-08
DFCO_016;puissance_de_tir;fc27_futwiz;https://www.futwiz.com/fc27/player/brandon-nsimba-ndezi/15010;2026-10-08
DFCO_016;tir_de_loin;fc27_futwiz;https://www.futwiz.com/fc27/player/brandon-nsimba-ndezi/15010;2026-10-08
DFCO_016;volee;fc27_futwiz;https://www.futwiz.com/fc27/player/brandon-nsimba-ndezi/15010;2026-10-08
DFCO_016;penalty;fc27_futwiz;https://www.futwiz.com/fc27/player/brandon-nsimba-ndezi/15010;2026-10-08
DFCO_016;note_frappe;fc27_futwiz;https://www.futwiz.com/fc27/player/brandon-nsimba-ndezi/15010;2026-10-08
DFCO_016;vista;fc27_futwiz;https://www.futwiz.com/fc27/player/brandon-nsimba-ndezi/15010;2026-10-08
DFCO_016;centre;fc27_futwiz;https://www.futwiz.com/fc27/player/brandon-nsimba-ndezi/15010;2026-10-08
DFCO_016;precision_coup_franc;fc27_futwiz;https://www.futwiz.com/fc27/player/brandon-nsimba-ndezi/15010;2026-10-08
DFCO_016;passe_courte;fc27_futwiz;https://www.futwiz.com/fc27/player/brandon-nsimba-ndezi/15010;2026-10-08
DFCO_016;passe_longue;fc27_futwiz;https://www.futwiz.com/fc27/player/brandon-nsimba-ndezi/15010;2026-10-08
DFCO_016;effet;fc27_futwiz;https://www.futwiz.com/fc27/player/brandon-nsimba-ndezi/15010;2026-10-08
DFCO_016;note_passe;fc27_futwiz;https://www.futwiz.com/fc27/player/brandon-nsimba-ndezi/15010;2026-10-08
DFCO_016;agilite;fc27_futwiz;https://www.futwiz.com/fc27/player/brandon-nsimba-ndezi/15010;2026-10-08
DFCO_016;equilibre;fc27_futwiz;https://www.futwiz.com/fc27/player/brandon-nsimba-ndezi/15010;2026-10-08
DFCO_016;reactivite;fc27_futwiz;https://www.futwiz.com/fc27/player/brandon-nsimba-ndezi/15010;2026-10-08
DFCO_016;conduite_de_balle;fc27_futwiz;https://www.futwiz.com/fc27/player/brandon-nsimba-ndezi/15010;2026-10-08
DFCO_016;dribble;fc27_futwiz;https://www.futwiz.com/fc27/player/brandon-nsimba-ndezi/15010;2026-10-08
DFCO_016;calme;fc27_futwiz;https://www.futwiz.com/fc27/player/brandon-nsimba-ndezi/15010;2026-10-08
DFCO_016;note_dribble;fc27_futwiz;https://www.futwiz.com/fc27/player/brandon-nsimba-ndezi/15010;2026-10-08
DFCO_016;interception;fc27_futwiz;https://www.futwiz.com/fc27/player/brandon-nsimba-ndezi/15010;2026-10-08
DFCO_016;precision_de_la_tete;fc27_futwiz;https://www.futwiz.com/fc27/player/brandon-nsimba-ndezi/15010;2026-10-08
DFCO_016;lucidite_defensive;fc27_futwiz;https://www.futwiz.com/fc27/player/brandon-nsimba-ndezi/15010;2026-10-08
DFCO_016;tacle_debout;fc27_futwiz;https://www.futwiz.com/fc27/player/brandon-nsimba-ndezi/15010;2026-10-08
DFCO_016;tacle_glisse;fc27_futwiz;https://www.futwiz.com/fc27/player/brandon-nsimba-ndezi/15010;2026-10-08
DFCO_016;note_defense;fc27_futwiz;https://www.futwiz.com/fc27/player/brandon-nsimba-ndezi/15010;2026-10-08
DFCO_016;detente;fc27_futwiz;https://www.futwiz.com/fc27/player/brandon-nsimba-ndezi/15010;2026-10-08
DFCO_016;endurance;fc27_futwiz;https://www.futwiz.com/fc27/player/brandon-nsimba-ndezi/15010;2026-10-08
DFCO_016;force;fc27_futwiz;https://www.futwiz.com/fc27/player/brandon-nsimba-ndezi/15010;2026-10-08
DFCO_016;agressivite;fc27_futwiz;https://www.futwiz.com/fc27/player/brandon-nsimba-ndezi/15010;2026-10-08
DFCO_016;note_physique;fc27_futwiz;https://www.futwiz.com/fc27/player/brandon-nsimba-ndezi/15010;2026-10-08
DFCO_016;gardien_plongeon;non_applicable;;2026-10-08
DFCO_016;gardien_prise_de_balle;non_applicable;;2026-10-08
DFCO_016;gardien_jeu_au_pied;non_applicable;;2026-10-08
DFCO_016;gardien_reflexes;non_applicable;;2026-10-08
DFCO_016;gardien_sorties;non_applicable;;2026-10-08
DFCO_016;gardien_placement;non_applicable;;2026-10-08
DFCO_016;nom_fc27;fc27_futwiz;https://www.futwiz.com/fc27/player/brandon-nsimba-ndezi/15010;2026-10-08
DFCO_016;note_generale_fc27;fc27_futwiz;https://www.futwiz.com/fc27/player/brandon-nsimba-ndezi/15010;2026-10-08
DFCO_016;poste_fc27;fc27_futwiz;https://www.futwiz.com/fc27/player/brandon-nsimba-ndezi/15010;2026-10-08
DFCO_016;groupe_poste_fc27;derive_fc27;https://www.futwiz.com/fc27/player/brandon-nsimba-ndezi/15010;2026-10-08
DFCO_016;fc27_url;metadonnee;;2026-10-08
DFCO_016;fc27_id_fiche;metadonnee;;2026-10-08
DFCO_016;fc27_version_carte;metadonnee;;2026-10-08
DFCO_016;playstyles_fc27_observes;fc27_futwiz;https://www.futwiz.com/fc27/player/brandon-nsimba-ndezi/15010;2026-10-08
DFCO_016;gardien_vitesse;non_applicable;;2026-10-08
DFCO_016;statut_import_fc27;metadonnee;;2026-10-08
DFCO_016;provenance_biometrie;metadonnee;;2026-10-08
DFCO_016;provenance_pied_fort;metadonnee;;2026-10-08
DFCO_016;provenance_attributs;metadonnee;;2026-10-08
DFCO_016;provenance_notes_groupes;metadonnee;;2026-10-08
DFCO_016;provenance_scenario;metadonnee;;2026-10-08
DFCO_017;joueur_id;metadonnee;;2026-10-08
DFCO_017;nom;source_publique_dfco;https://www.dfco.fr/effectifs/effectif-pro/;2026-10-08
DFCO_017;type_joueur;metadonnee;;2026-10-08
DFCO_017;club;source_publique_dfco;https://www.dfco.fr/effectifs/effectif-pro/;2026-10-08
DFCO_017;groupe_poste;source_publique_dfco;https://www.dfco.fr/effectifs/effectif-pro/;2026-10-08
DFCO_017;gardien;fc27_futwiz;https://www.futwiz.com/fc27/player/paul-bellon/12749;2026-10-08
DFCO_017;date_reference;metadonnee;;2026-10-08
DFCO_017;date_naissance_simulee;simule;;2026-10-08
DFCO_017;age;simule;;2026-10-08
DFCO_017;taille_cm;simule;;2026-10-08
DFCO_017;poids_kg;simule;;2026-10-08
DFCO_017;pied_fort;fc27_futwiz;https://www.futwiz.com/fc27/player/paul-bellon/12749;2026-10-08
DFCO_017;personnalite_tags;simule;;2026-10-08
DFCO_017;specialite_tags;simule;;2026-10-08
DFCO_017;langues_parlees;simule;;2026-10-08
DFCO_017;relation_equipe_score;simule;;2026-10-08
DFCO_017;satisfaction_score;simule;;2026-10-08
DFCO_017;satisfaction_motif;simule;;2026-10-08
DFCO_017;fatigue_score;simule;;2026-10-08
DFCO_017;sante_score;simule;;2026-10-08
DFCO_017;statut_sante;simule;;2026-10-08
DFCO_017;indicateur_sante;simule;;2026-10-08
DFCO_017;disponibilite;simule;;2026-10-08
DFCO_017;retour_prevu;simule;;2026-10-08
DFCO_017;nb_blessures_12_mois;simule;;2026-10-08
DFCO_017;affinites_positives_ids;simule;;2026-10-08
DFCO_017;affinites_negatives_ids;simule;;2026-10-08
DFCO_017;provenance_identite;metadonnee;;2026-10-08
DFCO_017;provenance_groupe_poste;metadonnee;;2026-10-08
DFCO_017;provenance_autres_champs;metadonnee;;2026-10-08
DFCO_017;source_url;metadonnee;;2026-10-08
DFCO_017;source_consultee_le;metadonnee;;2026-10-08
DFCO_017;relation_equipe_general;simule;;2026-10-08
DFCO_017;acceleration;fc27_futwiz;https://www.futwiz.com/fc27/player/paul-bellon/12749;2026-10-08
DFCO_017;vitesse_de_pointe;fc27_futwiz;https://www.futwiz.com/fc27/player/paul-bellon/12749;2026-10-08
DFCO_017;note_vitesse;fc27_futwiz;https://www.futwiz.com/fc27/player/paul-bellon/12749;2026-10-08
DFCO_017;placement_offensif;fc27_futwiz;https://www.futwiz.com/fc27/player/paul-bellon/12749;2026-10-08
DFCO_017;finition;fc27_futwiz;https://www.futwiz.com/fc27/player/paul-bellon/12749;2026-10-08
DFCO_017;puissance_de_tir;fc27_futwiz;https://www.futwiz.com/fc27/player/paul-bellon/12749;2026-10-08
DFCO_017;tir_de_loin;fc27_futwiz;https://www.futwiz.com/fc27/player/paul-bellon/12749;2026-10-08
DFCO_017;volee;fc27_futwiz;https://www.futwiz.com/fc27/player/paul-bellon/12749;2026-10-08
DFCO_017;penalty;fc27_futwiz;https://www.futwiz.com/fc27/player/paul-bellon/12749;2026-10-08
DFCO_017;note_frappe;fc27_futwiz;https://www.futwiz.com/fc27/player/paul-bellon/12749;2026-10-08
DFCO_017;vista;fc27_futwiz;https://www.futwiz.com/fc27/player/paul-bellon/12749;2026-10-08
DFCO_017;centre;fc27_futwiz;https://www.futwiz.com/fc27/player/paul-bellon/12749;2026-10-08
DFCO_017;precision_coup_franc;fc27_futwiz;https://www.futwiz.com/fc27/player/paul-bellon/12749;2026-10-08
DFCO_017;passe_courte;fc27_futwiz;https://www.futwiz.com/fc27/player/paul-bellon/12749;2026-10-08
DFCO_017;passe_longue;fc27_futwiz;https://www.futwiz.com/fc27/player/paul-bellon/12749;2026-10-08
DFCO_017;effet;fc27_futwiz;https://www.futwiz.com/fc27/player/paul-bellon/12749;2026-10-08
DFCO_017;note_passe;fc27_futwiz;https://www.futwiz.com/fc27/player/paul-bellon/12749;2026-10-08
DFCO_017;agilite;fc27_futwiz;https://www.futwiz.com/fc27/player/paul-bellon/12749;2026-10-08
DFCO_017;equilibre;fc27_futwiz;https://www.futwiz.com/fc27/player/paul-bellon/12749;2026-10-08
DFCO_017;reactivite;fc27_futwiz;https://www.futwiz.com/fc27/player/paul-bellon/12749;2026-10-08
DFCO_017;conduite_de_balle;fc27_futwiz;https://www.futwiz.com/fc27/player/paul-bellon/12749;2026-10-08
DFCO_017;dribble;fc27_futwiz;https://www.futwiz.com/fc27/player/paul-bellon/12749;2026-10-08
DFCO_017;calme;fc27_futwiz;https://www.futwiz.com/fc27/player/paul-bellon/12749;2026-10-08
DFCO_017;note_dribble;fc27_futwiz;https://www.futwiz.com/fc27/player/paul-bellon/12749;2026-10-08
DFCO_017;interception;fc27_futwiz;https://www.futwiz.com/fc27/player/paul-bellon/12749;2026-10-08
DFCO_017;precision_de_la_tete;fc27_futwiz;https://www.futwiz.com/fc27/player/paul-bellon/12749;2026-10-08
DFCO_017;lucidite_defensive;fc27_futwiz;https://www.futwiz.com/fc27/player/paul-bellon/12749;2026-10-08
DFCO_017;tacle_debout;fc27_futwiz;https://www.futwiz.com/fc27/player/paul-bellon/12749;2026-10-08
DFCO_017;tacle_glisse;fc27_futwiz;https://www.futwiz.com/fc27/player/paul-bellon/12749;2026-10-08
DFCO_017;note_defense;fc27_futwiz;https://www.futwiz.com/fc27/player/paul-bellon/12749;2026-10-08
DFCO_017;detente;fc27_futwiz;https://www.futwiz.com/fc27/player/paul-bellon/12749;2026-10-08
DFCO_017;endurance;fc27_futwiz;https://www.futwiz.com/fc27/player/paul-bellon/12749;2026-10-08
DFCO_017;force;fc27_futwiz;https://www.futwiz.com/fc27/player/paul-bellon/12749;2026-10-08
DFCO_017;agressivite;fc27_futwiz;https://www.futwiz.com/fc27/player/paul-bellon/12749;2026-10-08
DFCO_017;note_physique;fc27_futwiz;https://www.futwiz.com/fc27/player/paul-bellon/12749;2026-10-08
DFCO_017;gardien_plongeon;non_applicable;;2026-10-08
DFCO_017;gardien_prise_de_balle;non_applicable;;2026-10-08
DFCO_017;gardien_jeu_au_pied;non_applicable;;2026-10-08
DFCO_017;gardien_reflexes;non_applicable;;2026-10-08
DFCO_017;gardien_sorties;non_applicable;;2026-10-08
DFCO_017;gardien_placement;non_applicable;;2026-10-08
DFCO_017;nom_fc27;fc27_futwiz;https://www.futwiz.com/fc27/player/paul-bellon/12749;2026-10-08
DFCO_017;note_generale_fc27;fc27_futwiz;https://www.futwiz.com/fc27/player/paul-bellon/12749;2026-10-08
DFCO_017;poste_fc27;fc27_futwiz;https://www.futwiz.com/fc27/player/paul-bellon/12749;2026-10-08
DFCO_017;groupe_poste_fc27;derive_fc27;https://www.futwiz.com/fc27/player/paul-bellon/12749;2026-10-08
DFCO_017;fc27_url;metadonnee;;2026-10-08
DFCO_017;fc27_id_fiche;metadonnee;;2026-10-08
DFCO_017;fc27_version_carte;metadonnee;;2026-10-08
DFCO_017;playstyles_fc27_observes;fc27_futwiz;https://www.futwiz.com/fc27/player/paul-bellon/12749;2026-10-08
DFCO_017;gardien_vitesse;non_applicable;;2026-10-08
DFCO_017;statut_import_fc27;metadonnee;;2026-10-08
DFCO_017;provenance_biometrie;metadonnee;;2026-10-08
DFCO_017;provenance_pied_fort;metadonnee;;2026-10-08
DFCO_017;provenance_attributs;metadonnee;;2026-10-08
DFCO_017;provenance_notes_groupes;metadonnee;;2026-10-08
DFCO_017;provenance_scenario;metadonnee;;2026-10-08
DFCO_018;joueur_id;metadonnee;;2026-10-08
DFCO_018;nom;source_publique_dfco;https://www.dfco.fr/effectifs/effectif-pro/;2026-10-08
DFCO_018;type_joueur;metadonnee;;2026-10-08
DFCO_018;club;source_publique_dfco;https://www.dfco.fr/effectifs/effectif-pro/;2026-10-08
DFCO_018;groupe_poste;source_publique_dfco;https://www.dfco.fr/effectifs/effectif-pro/;2026-10-08
DFCO_018;gardien;fc27_futwiz;https://www.futwiz.com/fc27/player/ben-chayeel-hamada/13922;2026-10-08
DFCO_018;date_reference;metadonnee;;2026-10-08
DFCO_018;date_naissance_simulee;simule;;2026-10-08
DFCO_018;age;simule;;2026-10-08
DFCO_018;taille_cm;simule;;2026-10-08
DFCO_018;poids_kg;simule;;2026-10-08
DFCO_018;pied_fort;fc27_futwiz;https://www.futwiz.com/fc27/player/ben-chayeel-hamada/13922;2026-10-08
DFCO_018;personnalite_tags;simule;;2026-10-08
DFCO_018;specialite_tags;simule;;2026-10-08
DFCO_018;langues_parlees;simule;;2026-10-08
DFCO_018;relation_equipe_score;simule;;2026-10-08
DFCO_018;satisfaction_score;simule;;2026-10-08
DFCO_018;satisfaction_motif;simule;;2026-10-08
DFCO_018;fatigue_score;simule;;2026-10-08
DFCO_018;sante_score;simule;;2026-10-08
DFCO_018;statut_sante;simule;;2026-10-08
DFCO_018;indicateur_sante;simule;;2026-10-08
DFCO_018;disponibilite;simule;;2026-10-08
DFCO_018;retour_prevu;simule;;2026-10-08
DFCO_018;nb_blessures_12_mois;simule;;2026-10-08
DFCO_018;affinites_positives_ids;simule;;2026-10-08
DFCO_018;affinites_negatives_ids;simule;;2026-10-08
DFCO_018;provenance_identite;metadonnee;;2026-10-08
DFCO_018;provenance_groupe_poste;metadonnee;;2026-10-08
DFCO_018;provenance_autres_champs;metadonnee;;2026-10-08
DFCO_018;source_url;metadonnee;;2026-10-08
DFCO_018;source_consultee_le;metadonnee;;2026-10-08
DFCO_018;relation_equipe_general;simule;;2026-10-08
DFCO_018;acceleration;fc27_futwiz;https://www.futwiz.com/fc27/player/ben-chayeel-hamada/13922;2026-10-08
DFCO_018;vitesse_de_pointe;fc27_futwiz;https://www.futwiz.com/fc27/player/ben-chayeel-hamada/13922;2026-10-08
DFCO_018;note_vitesse;fc27_futwiz;https://www.futwiz.com/fc27/player/ben-chayeel-hamada/13922;2026-10-08
DFCO_018;placement_offensif;fc27_futwiz;https://www.futwiz.com/fc27/player/ben-chayeel-hamada/13922;2026-10-08
DFCO_018;finition;fc27_futwiz;https://www.futwiz.com/fc27/player/ben-chayeel-hamada/13922;2026-10-08
DFCO_018;puissance_de_tir;fc27_futwiz;https://www.futwiz.com/fc27/player/ben-chayeel-hamada/13922;2026-10-08
DFCO_018;tir_de_loin;fc27_futwiz;https://www.futwiz.com/fc27/player/ben-chayeel-hamada/13922;2026-10-08
DFCO_018;volee;fc27_futwiz;https://www.futwiz.com/fc27/player/ben-chayeel-hamada/13922;2026-10-08
DFCO_018;penalty;fc27_futwiz;https://www.futwiz.com/fc27/player/ben-chayeel-hamada/13922;2026-10-08
DFCO_018;note_frappe;fc27_futwiz;https://www.futwiz.com/fc27/player/ben-chayeel-hamada/13922;2026-10-08
DFCO_018;vista;fc27_futwiz;https://www.futwiz.com/fc27/player/ben-chayeel-hamada/13922;2026-10-08
DFCO_018;centre;fc27_futwiz;https://www.futwiz.com/fc27/player/ben-chayeel-hamada/13922;2026-10-08
DFCO_018;precision_coup_franc;fc27_futwiz;https://www.futwiz.com/fc27/player/ben-chayeel-hamada/13922;2026-10-08
DFCO_018;passe_courte;fc27_futwiz;https://www.futwiz.com/fc27/player/ben-chayeel-hamada/13922;2026-10-08
DFCO_018;passe_longue;fc27_futwiz;https://www.futwiz.com/fc27/player/ben-chayeel-hamada/13922;2026-10-08
DFCO_018;effet;fc27_futwiz;https://www.futwiz.com/fc27/player/ben-chayeel-hamada/13922;2026-10-08
DFCO_018;note_passe;fc27_futwiz;https://www.futwiz.com/fc27/player/ben-chayeel-hamada/13922;2026-10-08
DFCO_018;agilite;fc27_futwiz;https://www.futwiz.com/fc27/player/ben-chayeel-hamada/13922;2026-10-08
DFCO_018;equilibre;fc27_futwiz;https://www.futwiz.com/fc27/player/ben-chayeel-hamada/13922;2026-10-08
DFCO_018;reactivite;fc27_futwiz;https://www.futwiz.com/fc27/player/ben-chayeel-hamada/13922;2026-10-08
DFCO_018;conduite_de_balle;fc27_futwiz;https://www.futwiz.com/fc27/player/ben-chayeel-hamada/13922;2026-10-08
DFCO_018;dribble;fc27_futwiz;https://www.futwiz.com/fc27/player/ben-chayeel-hamada/13922;2026-10-08
DFCO_018;calme;fc27_futwiz;https://www.futwiz.com/fc27/player/ben-chayeel-hamada/13922;2026-10-08
DFCO_018;note_dribble;fc27_futwiz;https://www.futwiz.com/fc27/player/ben-chayeel-hamada/13922;2026-10-08
DFCO_018;interception;fc27_futwiz;https://www.futwiz.com/fc27/player/ben-chayeel-hamada/13922;2026-10-08
DFCO_018;precision_de_la_tete;fc27_futwiz;https://www.futwiz.com/fc27/player/ben-chayeel-hamada/13922;2026-10-08
DFCO_018;lucidite_defensive;fc27_futwiz;https://www.futwiz.com/fc27/player/ben-chayeel-hamada/13922;2026-10-08
DFCO_018;tacle_debout;fc27_futwiz;https://www.futwiz.com/fc27/player/ben-chayeel-hamada/13922;2026-10-08
DFCO_018;tacle_glisse;fc27_futwiz;https://www.futwiz.com/fc27/player/ben-chayeel-hamada/13922;2026-10-08
DFCO_018;note_defense;fc27_futwiz;https://www.futwiz.com/fc27/player/ben-chayeel-hamada/13922;2026-10-08
DFCO_018;detente;fc27_futwiz;https://www.futwiz.com/fc27/player/ben-chayeel-hamada/13922;2026-10-08
DFCO_018;endurance;fc27_futwiz;https://www.futwiz.com/fc27/player/ben-chayeel-hamada/13922;2026-10-08
DFCO_018;force;fc27_futwiz;https://www.futwiz.com/fc27/player/ben-chayeel-hamada/13922;2026-10-08
DFCO_018;agressivite;fc27_futwiz;https://www.futwiz.com/fc27/player/ben-chayeel-hamada/13922;2026-10-08
DFCO_018;note_physique;fc27_futwiz;https://www.futwiz.com/fc27/player/ben-chayeel-hamada/13922;2026-10-08
DFCO_018;gardien_plongeon;non_applicable;;2026-10-08
DFCO_018;gardien_prise_de_balle;non_applicable;;2026-10-08
DFCO_018;gardien_jeu_au_pied;non_applicable;;2026-10-08
DFCO_018;gardien_reflexes;non_applicable;;2026-10-08
DFCO_018;gardien_sorties;non_applicable;;2026-10-08
DFCO_018;gardien_placement;non_applicable;;2026-10-08
DFCO_018;nom_fc27;fc27_futwiz;https://www.futwiz.com/fc27/player/ben-chayeel-hamada/13922;2026-10-08
DFCO_018;note_generale_fc27;fc27_futwiz;https://www.futwiz.com/fc27/player/ben-chayeel-hamada/13922;2026-10-08
DFCO_018;poste_fc27;fc27_futwiz;https://www.futwiz.com/fc27/player/ben-chayeel-hamada/13922;2026-10-08
DFCO_018;groupe_poste_fc27;derive_fc27;https://www.futwiz.com/fc27/player/ben-chayeel-hamada/13922;2026-10-08
DFCO_018;fc27_url;metadonnee;;2026-10-08
DFCO_018;fc27_id_fiche;metadonnee;;2026-10-08
DFCO_018;fc27_version_carte;metadonnee;;2026-10-08
DFCO_018;playstyles_fc27_observes;fc27_futwiz;https://www.futwiz.com/fc27/player/ben-chayeel-hamada/13922;2026-10-08
DFCO_018;gardien_vitesse;non_applicable;;2026-10-08
DFCO_018;statut_import_fc27;metadonnee;;2026-10-08
DFCO_018;provenance_biometrie;metadonnee;;2026-10-08
DFCO_018;provenance_pied_fort;metadonnee;;2026-10-08
DFCO_018;provenance_attributs;metadonnee;;2026-10-08
DFCO_018;provenance_notes_groupes;metadonnee;;2026-10-08
DFCO_018;provenance_scenario;metadonnee;;2026-10-08
DFCO_019;joueur_id;metadonnee;;2026-10-08
DFCO_019;nom;source_publique_dfco;https://www.dfco.fr/effectifs/effectif-pro/;2026-10-08
DFCO_019;type_joueur;metadonnee;;2026-10-08
DFCO_019;club;source_publique_dfco;https://www.dfco.fr/effectifs/effectif-pro/;2026-10-08
DFCO_019;groupe_poste;source_publique_dfco;https://www.dfco.fr/effectifs/effectif-pro/;2026-10-08
DFCO_019;gardien;fc27_futwiz;https://www.futwiz.com/fc27/player/jordan-marie/10313;2026-10-08
DFCO_019;date_reference;metadonnee;;2026-10-08
DFCO_019;date_naissance_simulee;simule;;2026-10-08
DFCO_019;age;simule;;2026-10-08
DFCO_019;taille_cm;simule;;2026-10-08
DFCO_019;poids_kg;simule;;2026-10-08
DFCO_019;pied_fort;fc27_futwiz;https://www.futwiz.com/fc27/player/jordan-marie/10313;2026-10-08
DFCO_019;personnalite_tags;simule;;2026-10-08
DFCO_019;specialite_tags;simule;;2026-10-08
DFCO_019;langues_parlees;simule;;2026-10-08
DFCO_019;relation_equipe_score;simule;;2026-10-08
DFCO_019;satisfaction_score;simule;;2026-10-08
DFCO_019;satisfaction_motif;simule;;2026-10-08
DFCO_019;fatigue_score;simule;;2026-10-08
DFCO_019;sante_score;simule;;2026-10-08
DFCO_019;statut_sante;simule;;2026-10-08
DFCO_019;indicateur_sante;simule;;2026-10-08
DFCO_019;disponibilite;simule;;2026-10-08
DFCO_019;retour_prevu;non_disponible;;2026-10-08
DFCO_019;nb_blessures_12_mois;simule;;2026-10-08
DFCO_019;affinites_positives_ids;simule;;2026-10-08
DFCO_019;affinites_negatives_ids;simule;;2026-10-08
DFCO_019;provenance_identite;metadonnee;;2026-10-08
DFCO_019;provenance_groupe_poste;metadonnee;;2026-10-08
DFCO_019;provenance_autres_champs;metadonnee;;2026-10-08
DFCO_019;source_url;metadonnee;;2026-10-08
DFCO_019;source_consultee_le;metadonnee;;2026-10-08
DFCO_019;relation_equipe_general;simule;;2026-10-08
DFCO_019;acceleration;fc27_futwiz;https://www.futwiz.com/fc27/player/jordan-marie/10313;2026-10-08
DFCO_019;vitesse_de_pointe;fc27_futwiz;https://www.futwiz.com/fc27/player/jordan-marie/10313;2026-10-08
DFCO_019;note_vitesse;fc27_futwiz;https://www.futwiz.com/fc27/player/jordan-marie/10313;2026-10-08
DFCO_019;placement_offensif;fc27_futwiz;https://www.futwiz.com/fc27/player/jordan-marie/10313;2026-10-08
DFCO_019;finition;fc27_futwiz;https://www.futwiz.com/fc27/player/jordan-marie/10313;2026-10-08
DFCO_019;puissance_de_tir;fc27_futwiz;https://www.futwiz.com/fc27/player/jordan-marie/10313;2026-10-08
DFCO_019;tir_de_loin;fc27_futwiz;https://www.futwiz.com/fc27/player/jordan-marie/10313;2026-10-08
DFCO_019;volee;fc27_futwiz;https://www.futwiz.com/fc27/player/jordan-marie/10313;2026-10-08
DFCO_019;penalty;fc27_futwiz;https://www.futwiz.com/fc27/player/jordan-marie/10313;2026-10-08
DFCO_019;note_frappe;fc27_futwiz;https://www.futwiz.com/fc27/player/jordan-marie/10313;2026-10-08
DFCO_019;vista;fc27_futwiz;https://www.futwiz.com/fc27/player/jordan-marie/10313;2026-10-08
DFCO_019;centre;fc27_futwiz;https://www.futwiz.com/fc27/player/jordan-marie/10313;2026-10-08
DFCO_019;precision_coup_franc;fc27_futwiz;https://www.futwiz.com/fc27/player/jordan-marie/10313;2026-10-08
DFCO_019;passe_courte;fc27_futwiz;https://www.futwiz.com/fc27/player/jordan-marie/10313;2026-10-08
DFCO_019;passe_longue;fc27_futwiz;https://www.futwiz.com/fc27/player/jordan-marie/10313;2026-10-08
DFCO_019;effet;fc27_futwiz;https://www.futwiz.com/fc27/player/jordan-marie/10313;2026-10-08
DFCO_019;note_passe;fc27_futwiz;https://www.futwiz.com/fc27/player/jordan-marie/10313;2026-10-08
DFCO_019;agilite;fc27_futwiz;https://www.futwiz.com/fc27/player/jordan-marie/10313;2026-10-08
DFCO_019;equilibre;fc27_futwiz;https://www.futwiz.com/fc27/player/jordan-marie/10313;2026-10-08
DFCO_019;reactivite;fc27_futwiz;https://www.futwiz.com/fc27/player/jordan-marie/10313;2026-10-08
DFCO_019;conduite_de_balle;fc27_futwiz;https://www.futwiz.com/fc27/player/jordan-marie/10313;2026-10-08
DFCO_019;dribble;fc27_futwiz;https://www.futwiz.com/fc27/player/jordan-marie/10313;2026-10-08
DFCO_019;calme;fc27_futwiz;https://www.futwiz.com/fc27/player/jordan-marie/10313;2026-10-08
DFCO_019;note_dribble;fc27_futwiz;https://www.futwiz.com/fc27/player/jordan-marie/10313;2026-10-08
DFCO_019;interception;fc27_futwiz;https://www.futwiz.com/fc27/player/jordan-marie/10313;2026-10-08
DFCO_019;precision_de_la_tete;fc27_futwiz;https://www.futwiz.com/fc27/player/jordan-marie/10313;2026-10-08
DFCO_019;lucidite_defensive;fc27_futwiz;https://www.futwiz.com/fc27/player/jordan-marie/10313;2026-10-08
DFCO_019;tacle_debout;fc27_futwiz;https://www.futwiz.com/fc27/player/jordan-marie/10313;2026-10-08
DFCO_019;tacle_glisse;fc27_futwiz;https://www.futwiz.com/fc27/player/jordan-marie/10313;2026-10-08
DFCO_019;note_defense;fc27_futwiz;https://www.futwiz.com/fc27/player/jordan-marie/10313;2026-10-08
DFCO_019;detente;fc27_futwiz;https://www.futwiz.com/fc27/player/jordan-marie/10313;2026-10-08
DFCO_019;endurance;fc27_futwiz;https://www.futwiz.com/fc27/player/jordan-marie/10313;2026-10-08
DFCO_019;force;fc27_futwiz;https://www.futwiz.com/fc27/player/jordan-marie/10313;2026-10-08
DFCO_019;agressivite;fc27_futwiz;https://www.futwiz.com/fc27/player/jordan-marie/10313;2026-10-08
DFCO_019;note_physique;fc27_futwiz;https://www.futwiz.com/fc27/player/jordan-marie/10313;2026-10-08
DFCO_019;gardien_plongeon;non_applicable;;2026-10-08
DFCO_019;gardien_prise_de_balle;non_applicable;;2026-10-08
DFCO_019;gardien_jeu_au_pied;non_applicable;;2026-10-08
DFCO_019;gardien_reflexes;non_applicable;;2026-10-08
DFCO_019;gardien_sorties;non_applicable;;2026-10-08
DFCO_019;gardien_placement;non_applicable;;2026-10-08
DFCO_019;nom_fc27;fc27_futwiz;https://www.futwiz.com/fc27/player/jordan-marie/10313;2026-10-08
DFCO_019;note_generale_fc27;fc27_futwiz;https://www.futwiz.com/fc27/player/jordan-marie/10313;2026-10-08
DFCO_019;poste_fc27;fc27_futwiz;https://www.futwiz.com/fc27/player/jordan-marie/10313;2026-10-08
DFCO_019;groupe_poste_fc27;derive_fc27;https://www.futwiz.com/fc27/player/jordan-marie/10313;2026-10-08
DFCO_019;fc27_url;metadonnee;;2026-10-08
DFCO_019;fc27_id_fiche;metadonnee;;2026-10-08
DFCO_019;fc27_version_carte;metadonnee;;2026-10-08
DFCO_019;playstyles_fc27_observes;fc27_futwiz;https://www.futwiz.com/fc27/player/jordan-marie/10313;2026-10-08
DFCO_019;gardien_vitesse;non_applicable;;2026-10-08
DFCO_019;statut_import_fc27;metadonnee;;2026-10-08
DFCO_019;provenance_biometrie;metadonnee;;2026-10-08
DFCO_019;provenance_pied_fort;metadonnee;;2026-10-08
DFCO_019;provenance_attributs;metadonnee;;2026-10-08
DFCO_019;provenance_notes_groupes;metadonnee;;2026-10-08
DFCO_019;provenance_scenario;metadonnee;;2026-10-08
DFCO_020;joueur_id;metadonnee;;2026-10-08
DFCO_020;nom;source_publique_dfco;https://www.dfco.fr/effectifs/effectif-pro/;2026-10-08
DFCO_020;type_joueur;metadonnee;;2026-10-08
DFCO_020;club;source_publique_dfco;https://www.dfco.fr/effectifs/effectif-pro/;2026-10-08
DFCO_020;groupe_poste;source_publique_dfco;https://www.dfco.fr/effectifs/effectif-pro/;2026-10-08
DFCO_020;gardien;fc27_futwiz;https://www.futwiz.com/fc27/player/adel-lembezat/9098;2026-10-08
DFCO_020;date_reference;metadonnee;;2026-10-08
DFCO_020;date_naissance_simulee;simule;;2026-10-08
DFCO_020;age;simule;;2026-10-08
DFCO_020;taille_cm;simule;;2026-10-08
DFCO_020;poids_kg;simule;;2026-10-08
DFCO_020;pied_fort;fc27_futwiz;https://www.futwiz.com/fc27/player/adel-lembezat/9098;2026-10-08
DFCO_020;personnalite_tags;simule;;2026-10-08
DFCO_020;specialite_tags;simule;;2026-10-08
DFCO_020;langues_parlees;simule;;2026-10-08
DFCO_020;relation_equipe_score;simule;;2026-10-08
DFCO_020;satisfaction_score;simule;;2026-10-08
DFCO_020;satisfaction_motif;simule;;2026-10-08
DFCO_020;fatigue_score;simule;;2026-10-08
DFCO_020;sante_score;simule;;2026-10-08
DFCO_020;statut_sante;simule;;2026-10-08
DFCO_020;indicateur_sante;simule;;2026-10-08
DFCO_020;disponibilite;simule;;2026-10-08
DFCO_020;retour_prevu;non_disponible;;2026-10-08
DFCO_020;nb_blessures_12_mois;simule;;2026-10-08
DFCO_020;affinites_positives_ids;simule;;2026-10-08
DFCO_020;affinites_negatives_ids;simule;;2026-10-08
DFCO_020;provenance_identite;metadonnee;;2026-10-08
DFCO_020;provenance_groupe_poste;metadonnee;;2026-10-08
DFCO_020;provenance_autres_champs;metadonnee;;2026-10-08
DFCO_020;source_url;metadonnee;;2026-10-08
DFCO_020;source_consultee_le;metadonnee;;2026-10-08
DFCO_020;relation_equipe_general;simule;;2026-10-08
DFCO_020;acceleration;fc27_futwiz;https://www.futwiz.com/fc27/player/adel-lembezat/9098;2026-10-08
DFCO_020;vitesse_de_pointe;fc27_futwiz;https://www.futwiz.com/fc27/player/adel-lembezat/9098;2026-10-08
DFCO_020;note_vitesse;fc27_futwiz;https://www.futwiz.com/fc27/player/adel-lembezat/9098;2026-10-08
DFCO_020;placement_offensif;fc27_futwiz;https://www.futwiz.com/fc27/player/adel-lembezat/9098;2026-10-08
DFCO_020;finition;fc27_futwiz;https://www.futwiz.com/fc27/player/adel-lembezat/9098;2026-10-08
DFCO_020;puissance_de_tir;fc27_futwiz;https://www.futwiz.com/fc27/player/adel-lembezat/9098;2026-10-08
DFCO_020;tir_de_loin;fc27_futwiz;https://www.futwiz.com/fc27/player/adel-lembezat/9098;2026-10-08
DFCO_020;volee;fc27_futwiz;https://www.futwiz.com/fc27/player/adel-lembezat/9098;2026-10-08
DFCO_020;penalty;fc27_futwiz;https://www.futwiz.com/fc27/player/adel-lembezat/9098;2026-10-08
DFCO_020;note_frappe;fc27_futwiz;https://www.futwiz.com/fc27/player/adel-lembezat/9098;2026-10-08
DFCO_020;vista;fc27_futwiz;https://www.futwiz.com/fc27/player/adel-lembezat/9098;2026-10-08
DFCO_020;centre;fc27_futwiz;https://www.futwiz.com/fc27/player/adel-lembezat/9098;2026-10-08
DFCO_020;precision_coup_franc;fc27_futwiz;https://www.futwiz.com/fc27/player/adel-lembezat/9098;2026-10-08
DFCO_020;passe_courte;fc27_futwiz;https://www.futwiz.com/fc27/player/adel-lembezat/9098;2026-10-08
DFCO_020;passe_longue;fc27_futwiz;https://www.futwiz.com/fc27/player/adel-lembezat/9098;2026-10-08
DFCO_020;effet;fc27_futwiz;https://www.futwiz.com/fc27/player/adel-lembezat/9098;2026-10-08
DFCO_020;note_passe;fc27_futwiz;https://www.futwiz.com/fc27/player/adel-lembezat/9098;2026-10-08
DFCO_020;agilite;fc27_futwiz;https://www.futwiz.com/fc27/player/adel-lembezat/9098;2026-10-08
DFCO_020;equilibre;fc27_futwiz;https://www.futwiz.com/fc27/player/adel-lembezat/9098;2026-10-08
DFCO_020;reactivite;fc27_futwiz;https://www.futwiz.com/fc27/player/adel-lembezat/9098;2026-10-08
DFCO_020;conduite_de_balle;fc27_futwiz;https://www.futwiz.com/fc27/player/adel-lembezat/9098;2026-10-08
DFCO_020;dribble;fc27_futwiz;https://www.futwiz.com/fc27/player/adel-lembezat/9098;2026-10-08
DFCO_020;calme;fc27_futwiz;https://www.futwiz.com/fc27/player/adel-lembezat/9098;2026-10-08
DFCO_020;note_dribble;fc27_futwiz;https://www.futwiz.com/fc27/player/adel-lembezat/9098;2026-10-08
DFCO_020;interception;fc27_futwiz;https://www.futwiz.com/fc27/player/adel-lembezat/9098;2026-10-08
DFCO_020;precision_de_la_tete;fc27_futwiz;https://www.futwiz.com/fc27/player/adel-lembezat/9098;2026-10-08
DFCO_020;lucidite_defensive;fc27_futwiz;https://www.futwiz.com/fc27/player/adel-lembezat/9098;2026-10-08
DFCO_020;tacle_debout;fc27_futwiz;https://www.futwiz.com/fc27/player/adel-lembezat/9098;2026-10-08
DFCO_020;tacle_glisse;fc27_futwiz;https://www.futwiz.com/fc27/player/adel-lembezat/9098;2026-10-08
DFCO_020;note_defense;fc27_futwiz;https://www.futwiz.com/fc27/player/adel-lembezat/9098;2026-10-08
DFCO_020;detente;fc27_futwiz;https://www.futwiz.com/fc27/player/adel-lembezat/9098;2026-10-08
DFCO_020;endurance;fc27_futwiz;https://www.futwiz.com/fc27/player/adel-lembezat/9098;2026-10-08
DFCO_020;force;fc27_futwiz;https://www.futwiz.com/fc27/player/adel-lembezat/9098;2026-10-08
DFCO_020;agressivite;fc27_futwiz;https://www.futwiz.com/fc27/player/adel-lembezat/9098;2026-10-08
DFCO_020;note_physique;fc27_futwiz;https://www.futwiz.com/fc27/player/adel-lembezat/9098;2026-10-08
DFCO_020;gardien_plongeon;non_applicable;;2026-10-08
DFCO_020;gardien_prise_de_balle;non_applicable;;2026-10-08
DFCO_020;gardien_jeu_au_pied;non_applicable;;2026-10-08
DFCO_020;gardien_reflexes;non_applicable;;2026-10-08
DFCO_020;gardien_sorties;non_applicable;;2026-10-08
DFCO_020;gardien_placement;non_applicable;;2026-10-08
DFCO_020;nom_fc27;fc27_futwiz;https://www.futwiz.com/fc27/player/adel-lembezat/9098;2026-10-08
DFCO_020;note_generale_fc27;fc27_futwiz;https://www.futwiz.com/fc27/player/adel-lembezat/9098;2026-10-08
DFCO_020;poste_fc27;fc27_futwiz;https://www.futwiz.com/fc27/player/adel-lembezat/9098;2026-10-08
DFCO_020;groupe_poste_fc27;derive_fc27;https://www.futwiz.com/fc27/player/adel-lembezat/9098;2026-10-08
DFCO_020;fc27_url;metadonnee;;2026-10-08
DFCO_020;fc27_id_fiche;metadonnee;;2026-10-08
DFCO_020;fc27_version_carte;metadonnee;;2026-10-08
DFCO_020;playstyles_fc27_observes;fc27_futwiz;https://www.futwiz.com/fc27/player/adel-lembezat/9098;2026-10-08
DFCO_020;gardien_vitesse;non_applicable;;2026-10-08
DFCO_020;statut_import_fc27;metadonnee;;2026-10-08
DFCO_020;provenance_biometrie;metadonnee;;2026-10-08
DFCO_020;provenance_pied_fort;metadonnee;;2026-10-08
DFCO_020;provenance_attributs;metadonnee;;2026-10-08
DFCO_020;provenance_notes_groupes;metadonnee;;2026-10-08
DFCO_020;provenance_scenario;metadonnee;;2026-10-08
DFCO_021;joueur_id;metadonnee;;2026-10-08
DFCO_021;nom;source_publique_dfco;https://www.dfco.fr/effectifs/effectif-pro/;2026-10-08
DFCO_021;type_joueur;metadonnee;;2026-10-08
DFCO_021;club;source_publique_dfco;https://www.dfco.fr/effectifs/effectif-pro/;2026-10-08
DFCO_021;groupe_poste;source_publique_dfco;https://www.dfco.fr/effectifs/effectif-pro/;2026-10-08
DFCO_021;gardien;fc27_futwiz;https://www.futwiz.com/fc27/player/hugo-vargas-rios/13920;2026-10-08
DFCO_021;date_reference;metadonnee;;2026-10-08
DFCO_021;date_naissance_simulee;simule;;2026-10-08
DFCO_021;age;simule;;2026-10-08
DFCO_021;taille_cm;simule;;2026-10-08
DFCO_021;poids_kg;simule;;2026-10-08
DFCO_021;pied_fort;fc27_futwiz;https://www.futwiz.com/fc27/player/hugo-vargas-rios/13920;2026-10-08
DFCO_021;personnalite_tags;simule;;2026-10-08
DFCO_021;specialite_tags;simule;;2026-10-08
DFCO_021;langues_parlees;simule;;2026-10-08
DFCO_021;relation_equipe_score;simule;;2026-10-08
DFCO_021;satisfaction_score;simule;;2026-10-08
DFCO_021;satisfaction_motif;simule;;2026-10-08
DFCO_021;fatigue_score;simule;;2026-10-08
DFCO_021;sante_score;simule;;2026-10-08
DFCO_021;statut_sante;simule;;2026-10-08
DFCO_021;indicateur_sante;simule;;2026-10-08
DFCO_021;disponibilite;simule;;2026-10-08
DFCO_021;retour_prevu;non_disponible;;2026-10-08
DFCO_021;nb_blessures_12_mois;simule;;2026-10-08
DFCO_021;affinites_positives_ids;simule;;2026-10-08
DFCO_021;affinites_negatives_ids;simule;;2026-10-08
DFCO_021;provenance_identite;metadonnee;;2026-10-08
DFCO_021;provenance_groupe_poste;metadonnee;;2026-10-08
DFCO_021;provenance_autres_champs;metadonnee;;2026-10-08
DFCO_021;source_url;metadonnee;;2026-10-08
DFCO_021;source_consultee_le;metadonnee;;2026-10-08
DFCO_021;relation_equipe_general;simule;;2026-10-08
DFCO_021;acceleration;fc27_futwiz;https://www.futwiz.com/fc27/player/hugo-vargas-rios/13920;2026-10-08
DFCO_021;vitesse_de_pointe;fc27_futwiz;https://www.futwiz.com/fc27/player/hugo-vargas-rios/13920;2026-10-08
DFCO_021;note_vitesse;fc27_futwiz;https://www.futwiz.com/fc27/player/hugo-vargas-rios/13920;2026-10-08
DFCO_021;placement_offensif;fc27_futwiz;https://www.futwiz.com/fc27/player/hugo-vargas-rios/13920;2026-10-08
DFCO_021;finition;fc27_futwiz;https://www.futwiz.com/fc27/player/hugo-vargas-rios/13920;2026-10-08
DFCO_021;puissance_de_tir;fc27_futwiz;https://www.futwiz.com/fc27/player/hugo-vargas-rios/13920;2026-10-08
DFCO_021;tir_de_loin;fc27_futwiz;https://www.futwiz.com/fc27/player/hugo-vargas-rios/13920;2026-10-08
DFCO_021;volee;fc27_futwiz;https://www.futwiz.com/fc27/player/hugo-vargas-rios/13920;2026-10-08
DFCO_021;penalty;fc27_futwiz;https://www.futwiz.com/fc27/player/hugo-vargas-rios/13920;2026-10-08
DFCO_021;note_frappe;fc27_futwiz;https://www.futwiz.com/fc27/player/hugo-vargas-rios/13920;2026-10-08
DFCO_021;vista;fc27_futwiz;https://www.futwiz.com/fc27/player/hugo-vargas-rios/13920;2026-10-08
DFCO_021;centre;fc27_futwiz;https://www.futwiz.com/fc27/player/hugo-vargas-rios/13920;2026-10-08
DFCO_021;precision_coup_franc;fc27_futwiz;https://www.futwiz.com/fc27/player/hugo-vargas-rios/13920;2026-10-08
DFCO_021;passe_courte;fc27_futwiz;https://www.futwiz.com/fc27/player/hugo-vargas-rios/13920;2026-10-08
DFCO_021;passe_longue;fc27_futwiz;https://www.futwiz.com/fc27/player/hugo-vargas-rios/13920;2026-10-08
DFCO_021;effet;fc27_futwiz;https://www.futwiz.com/fc27/player/hugo-vargas-rios/13920;2026-10-08
DFCO_021;note_passe;fc27_futwiz;https://www.futwiz.com/fc27/player/hugo-vargas-rios/13920;2026-10-08
DFCO_021;agilite;fc27_futwiz;https://www.futwiz.com/fc27/player/hugo-vargas-rios/13920;2026-10-08
DFCO_021;equilibre;fc27_futwiz;https://www.futwiz.com/fc27/player/hugo-vargas-rios/13920;2026-10-08
DFCO_021;reactivite;fc27_futwiz;https://www.futwiz.com/fc27/player/hugo-vargas-rios/13920;2026-10-08
DFCO_021;conduite_de_balle;fc27_futwiz;https://www.futwiz.com/fc27/player/hugo-vargas-rios/13920;2026-10-08
DFCO_021;dribble;fc27_futwiz;https://www.futwiz.com/fc27/player/hugo-vargas-rios/13920;2026-10-08
DFCO_021;calme;fc27_futwiz;https://www.futwiz.com/fc27/player/hugo-vargas-rios/13920;2026-10-08
DFCO_021;note_dribble;fc27_futwiz;https://www.futwiz.com/fc27/player/hugo-vargas-rios/13920;2026-10-08
DFCO_021;interception;fc27_futwiz;https://www.futwiz.com/fc27/player/hugo-vargas-rios/13920;2026-10-08
DFCO_021;precision_de_la_tete;fc27_futwiz;https://www.futwiz.com/fc27/player/hugo-vargas-rios/13920;2026-10-08
DFCO_021;lucidite_defensive;fc27_futwiz;https://www.futwiz.com/fc27/player/hugo-vargas-rios/13920;2026-10-08
DFCO_021;tacle_debout;fc27_futwiz;https://www.futwiz.com/fc27/player/hugo-vargas-rios/13920;2026-10-08
DFCO_021;tacle_glisse;fc27_futwiz;https://www.futwiz.com/fc27/player/hugo-vargas-rios/13920;2026-10-08
DFCO_021;note_defense;fc27_futwiz;https://www.futwiz.com/fc27/player/hugo-vargas-rios/13920;2026-10-08
DFCO_021;detente;fc27_futwiz;https://www.futwiz.com/fc27/player/hugo-vargas-rios/13920;2026-10-08
DFCO_021;endurance;fc27_futwiz;https://www.futwiz.com/fc27/player/hugo-vargas-rios/13920;2026-10-08
DFCO_021;force;fc27_futwiz;https://www.futwiz.com/fc27/player/hugo-vargas-rios/13920;2026-10-08
DFCO_021;agressivite;fc27_futwiz;https://www.futwiz.com/fc27/player/hugo-vargas-rios/13920;2026-10-08
DFCO_021;note_physique;fc27_futwiz;https://www.futwiz.com/fc27/player/hugo-vargas-rios/13920;2026-10-08
DFCO_021;gardien_plongeon;non_applicable;;2026-10-08
DFCO_021;gardien_prise_de_balle;non_applicable;;2026-10-08
DFCO_021;gardien_jeu_au_pied;non_applicable;;2026-10-08
DFCO_021;gardien_reflexes;non_applicable;;2026-10-08
DFCO_021;gardien_sorties;non_applicable;;2026-10-08
DFCO_021;gardien_placement;non_applicable;;2026-10-08
DFCO_021;nom_fc27;fc27_futwiz;https://www.futwiz.com/fc27/player/hugo-vargas-rios/13920;2026-10-08
DFCO_021;note_generale_fc27;fc27_futwiz;https://www.futwiz.com/fc27/player/hugo-vargas-rios/13920;2026-10-08
DFCO_021;poste_fc27;fc27_futwiz;https://www.futwiz.com/fc27/player/hugo-vargas-rios/13920;2026-10-08
DFCO_021;groupe_poste_fc27;derive_fc27;https://www.futwiz.com/fc27/player/hugo-vargas-rios/13920;2026-10-08
DFCO_021;fc27_url;metadonnee;;2026-10-08
DFCO_021;fc27_id_fiche;metadonnee;;2026-10-08
DFCO_021;fc27_version_carte;metadonnee;;2026-10-08
DFCO_021;playstyles_fc27_observes;fc27_futwiz;https://www.futwiz.com/fc27/player/hugo-vargas-rios/13920;2026-10-08
DFCO_021;gardien_vitesse;non_applicable;;2026-10-08
DFCO_021;statut_import_fc27;metadonnee;;2026-10-08
DFCO_021;provenance_biometrie;metadonnee;;2026-10-08
DFCO_021;provenance_pied_fort;metadonnee;;2026-10-08
DFCO_021;provenance_attributs;metadonnee;;2026-10-08
DFCO_021;provenance_notes_groupes;metadonnee;;2026-10-08
DFCO_021;provenance_scenario;metadonnee;;2026-10-08
DFCO_022;joueur_id;metadonnee;;2026-10-08
DFCO_022;nom;source_publique_dfco;https://www.dfco.fr/effectifs/effectif-pro/;2026-10-08
DFCO_022;type_joueur;metadonnee;;2026-10-08
DFCO_022;club;source_publique_dfco;https://www.dfco.fr/effectifs/effectif-pro/;2026-10-08
DFCO_022;groupe_poste;source_publique_dfco;https://www.dfco.fr/effectifs/effectif-pro/;2026-10-08
DFCO_022;gardien;simule;;2026-10-08
DFCO_022;date_reference;metadonnee;;2026-10-08
DFCO_022;date_naissance_simulee;simule;;2026-10-08
DFCO_022;age;simule;;2026-10-08
DFCO_022;taille_cm;simule;;2026-10-08
DFCO_022;poids_kg;simule;;2026-10-08
DFCO_022;pied_fort;simule;;2026-10-08
DFCO_022;personnalite_tags;simule;;2026-10-08
DFCO_022;specialite_tags;simule;;2026-10-08
DFCO_022;langues_parlees;simule;;2026-10-08
DFCO_022;relation_equipe_score;simule;;2026-10-08
DFCO_022;satisfaction_score;simule;;2026-10-08
DFCO_022;satisfaction_motif;simule;;2026-10-08
DFCO_022;fatigue_score;simule;;2026-10-08
DFCO_022;sante_score;simule;;2026-10-08
DFCO_022;statut_sante;simule;;2026-10-08
DFCO_022;indicateur_sante;simule;;2026-10-08
DFCO_022;disponibilite;simule;;2026-10-08
DFCO_022;retour_prevu;non_disponible;;2026-10-08
DFCO_022;nb_blessures_12_mois;simule;;2026-10-08
DFCO_022;affinites_positives_ids;simule;;2026-10-08
DFCO_022;affinites_negatives_ids;simule;;2026-10-08
DFCO_022;provenance_identite;metadonnee;;2026-10-08
DFCO_022;provenance_groupe_poste;metadonnee;;2026-10-08
DFCO_022;provenance_autres_champs;metadonnee;;2026-10-08
DFCO_022;source_url;metadonnee;;2026-10-08
DFCO_022;source_consultee_le;metadonnee;;2026-10-08
DFCO_022;relation_equipe_general;simule;;2026-10-08
DFCO_022;acceleration;simule;;2026-10-08
DFCO_022;vitesse_de_pointe;simule;;2026-10-08
DFCO_022;note_vitesse;simule;;2026-10-08
DFCO_022;placement_offensif;simule;;2026-10-08
DFCO_022;finition;simule;;2026-10-08
DFCO_022;puissance_de_tir;simule;;2026-10-08
DFCO_022;tir_de_loin;simule;;2026-10-08
DFCO_022;volee;simule;;2026-10-08
DFCO_022;penalty;simule;;2026-10-08
DFCO_022;note_frappe;simule;;2026-10-08
DFCO_022;vista;simule;;2026-10-08
DFCO_022;centre;simule;;2026-10-08
DFCO_022;precision_coup_franc;simule;;2026-10-08
DFCO_022;passe_courte;simule;;2026-10-08
DFCO_022;passe_longue;simule;;2026-10-08
DFCO_022;effet;simule;;2026-10-08
DFCO_022;note_passe;simule;;2026-10-08
DFCO_022;agilite;simule;;2026-10-08
DFCO_022;equilibre;simule;;2026-10-08
DFCO_022;reactivite;simule;;2026-10-08
DFCO_022;conduite_de_balle;simule;;2026-10-08
DFCO_022;dribble;simule;;2026-10-08
DFCO_022;calme;simule;;2026-10-08
DFCO_022;note_dribble;simule;;2026-10-08
DFCO_022;interception;simule;;2026-10-08
DFCO_022;precision_de_la_tete;simule;;2026-10-08
DFCO_022;lucidite_defensive;simule;;2026-10-08
DFCO_022;tacle_debout;simule;;2026-10-08
DFCO_022;tacle_glisse;simule;;2026-10-08
DFCO_022;note_defense;simule;;2026-10-08
DFCO_022;detente;simule;;2026-10-08
DFCO_022;endurance;simule;;2026-10-08
DFCO_022;force;simule;;2026-10-08
DFCO_022;agressivite;simule;;2026-10-08
DFCO_022;note_physique;simule;;2026-10-08
DFCO_022;gardien_plongeon;non_applicable;;2026-10-08
DFCO_022;gardien_prise_de_balle;non_applicable;;2026-10-08
DFCO_022;gardien_jeu_au_pied;non_applicable;;2026-10-08
DFCO_022;gardien_reflexes;non_applicable;;2026-10-08
DFCO_022;gardien_sorties;non_applicable;;2026-10-08
DFCO_022;gardien_placement;non_applicable;;2026-10-08
DFCO_022;nom_fc27;non_disponible;;2026-10-08
DFCO_022;note_generale_fc27;non_disponible;;2026-10-08
DFCO_022;poste_fc27;non_disponible;;2026-10-08
DFCO_022;groupe_poste_fc27;non_disponible;;2026-10-08
DFCO_022;fc27_url;non_disponible;;2026-10-08
DFCO_022;fc27_id_fiche;non_disponible;;2026-10-08
DFCO_022;fc27_version_carte;non_disponible;;2026-10-08
DFCO_022;playstyles_fc27_observes;simule;;2026-10-08
DFCO_022;gardien_vitesse;non_applicable;;2026-10-08
DFCO_022;statut_import_fc27;metadonnee;;2026-10-08
DFCO_022;provenance_biometrie;metadonnee;;2026-10-08
DFCO_022;provenance_pied_fort;metadonnee;;2026-10-08
DFCO_022;provenance_attributs;metadonnee;;2026-10-08
DFCO_022;provenance_notes_groupes;metadonnee;;2026-10-08
DFCO_022;provenance_scenario;metadonnee;;2026-10-08
DFCO_023;joueur_id;metadonnee;;2026-10-08
DFCO_023;nom;source_publique_dfco;https://www.dfco.fr/effectifs/effectif-pro/;2026-10-08
DFCO_023;type_joueur;metadonnee;;2026-10-08
DFCO_023;club;source_publique_dfco;https://www.dfco.fr/effectifs/effectif-pro/;2026-10-08
DFCO_023;groupe_poste;source_publique_dfco;https://www.dfco.fr/effectifs/effectif-pro/;2026-10-08
DFCO_023;gardien;simule;;2026-10-08
DFCO_023;date_reference;metadonnee;;2026-10-08
DFCO_023;date_naissance_simulee;simule;;2026-10-08
DFCO_023;age;simule;;2026-10-08
DFCO_023;taille_cm;simule;;2026-10-08
DFCO_023;poids_kg;simule;;2026-10-08
DFCO_023;pied_fort;simule;;2026-10-08
DFCO_023;personnalite_tags;simule;;2026-10-08
DFCO_023;specialite_tags;simule;;2026-10-08
DFCO_023;langues_parlees;simule;;2026-10-08
DFCO_023;relation_equipe_score;simule;;2026-10-08
DFCO_023;satisfaction_score;simule;;2026-10-08
DFCO_023;satisfaction_motif;simule;;2026-10-08
DFCO_023;fatigue_score;simule;;2026-10-08
DFCO_023;sante_score;simule;;2026-10-08
DFCO_023;statut_sante;simule;;2026-10-08
DFCO_023;indicateur_sante;simule;;2026-10-08
DFCO_023;disponibilite;simule;;2026-10-08
DFCO_023;retour_prevu;non_disponible;;2026-10-08
DFCO_023;nb_blessures_12_mois;simule;;2026-10-08
DFCO_023;affinites_positives_ids;simule;;2026-10-08
DFCO_023;affinites_negatives_ids;simule;;2026-10-08
DFCO_023;provenance_identite;metadonnee;;2026-10-08
DFCO_023;provenance_groupe_poste;metadonnee;;2026-10-08
DFCO_023;provenance_autres_champs;metadonnee;;2026-10-08
DFCO_023;source_url;metadonnee;;2026-10-08
DFCO_023;source_consultee_le;metadonnee;;2026-10-08
DFCO_023;relation_equipe_general;simule;;2026-10-08
DFCO_023;acceleration;simule;;2026-10-08
DFCO_023;vitesse_de_pointe;simule;;2026-10-08
DFCO_023;note_vitesse;simule;;2026-10-08
DFCO_023;placement_offensif;simule;;2026-10-08
DFCO_023;finition;simule;;2026-10-08
DFCO_023;puissance_de_tir;simule;;2026-10-08
DFCO_023;tir_de_loin;simule;;2026-10-08
DFCO_023;volee;simule;;2026-10-08
DFCO_023;penalty;simule;;2026-10-08
DFCO_023;note_frappe;simule;;2026-10-08
DFCO_023;vista;simule;;2026-10-08
DFCO_023;centre;simule;;2026-10-08
DFCO_023;precision_coup_franc;simule;;2026-10-08
DFCO_023;passe_courte;simule;;2026-10-08
DFCO_023;passe_longue;simule;;2026-10-08
DFCO_023;effet;simule;;2026-10-08
DFCO_023;note_passe;simule;;2026-10-08
DFCO_023;agilite;simule;;2026-10-08
DFCO_023;equilibre;simule;;2026-10-08
DFCO_023;reactivite;simule;;2026-10-08
DFCO_023;conduite_de_balle;simule;;2026-10-08
DFCO_023;dribble;simule;;2026-10-08
DFCO_023;calme;simule;;2026-10-08
DFCO_023;note_dribble;simule;;2026-10-08
DFCO_023;interception;simule;;2026-10-08
DFCO_023;precision_de_la_tete;simule;;2026-10-08
DFCO_023;lucidite_defensive;simule;;2026-10-08
DFCO_023;tacle_debout;simule;;2026-10-08
DFCO_023;tacle_glisse;simule;;2026-10-08
DFCO_023;note_defense;simule;;2026-10-08
DFCO_023;detente;simule;;2026-10-08
DFCO_023;endurance;simule;;2026-10-08
DFCO_023;force;simule;;2026-10-08
DFCO_023;agressivite;simule;;2026-10-08
DFCO_023;note_physique;simule;;2026-10-08
DFCO_023;gardien_plongeon;non_applicable;;2026-10-08
DFCO_023;gardien_prise_de_balle;non_applicable;;2026-10-08
DFCO_023;gardien_jeu_au_pied;non_applicable;;2026-10-08
DFCO_023;gardien_reflexes;non_applicable;;2026-10-08
DFCO_023;gardien_sorties;non_applicable;;2026-10-08
DFCO_023;gardien_placement;non_applicable;;2026-10-08
DFCO_023;nom_fc27;non_disponible;;2026-10-08
DFCO_023;note_generale_fc27;non_disponible;;2026-10-08
DFCO_023;poste_fc27;non_disponible;;2026-10-08
DFCO_023;groupe_poste_fc27;non_disponible;;2026-10-08
DFCO_023;fc27_url;non_disponible;;2026-10-08
DFCO_023;fc27_id_fiche;non_disponible;;2026-10-08
DFCO_023;fc27_version_carte;non_disponible;;2026-10-08
DFCO_023;playstyles_fc27_observes;simule;;2026-10-08
DFCO_023;gardien_vitesse;non_applicable;;2026-10-08
DFCO_023;statut_import_fc27;metadonnee;;2026-10-08
DFCO_023;provenance_biometrie;metadonnee;;2026-10-08
DFCO_023;provenance_pied_fort;metadonnee;;2026-10-08
DFCO_023;provenance_attributs;metadonnee;;2026-10-08
DFCO_023;provenance_notes_groupes;metadonnee;;2026-10-08
DFCO_023;provenance_scenario;metadonnee;;2026-10-08
DFCO_024;joueur_id;metadonnee;;2026-10-08
DFCO_024;nom;source_publique_dfco;https://www.dfco.fr/effectifs/effectif-pro/;2026-10-08
DFCO_024;type_joueur;metadonnee;;2026-10-08
DFCO_024;club;source_publique_dfco;https://www.dfco.fr/effectifs/effectif-pro/;2026-10-08
DFCO_024;groupe_poste;source_publique_dfco;https://www.dfco.fr/effectifs/effectif-pro/;2026-10-08
DFCO_024;gardien;fc27_futwiz;https://www.futwiz.com/fc27/player/ylan-aka/18568;2026-10-08
DFCO_024;date_reference;metadonnee;;2026-10-08
DFCO_024;date_naissance_simulee;simule;;2026-10-08
DFCO_024;age;simule;;2026-10-08
DFCO_024;taille_cm;simule;;2026-10-08
DFCO_024;poids_kg;simule;;2026-10-08
DFCO_024;pied_fort;fc27_futwiz;https://www.futwiz.com/fc27/player/ylan-aka/18568;2026-10-08
DFCO_024;personnalite_tags;simule;;2026-10-08
DFCO_024;specialite_tags;simule;;2026-10-08
DFCO_024;langues_parlees;simule;;2026-10-08
DFCO_024;relation_equipe_score;simule;;2026-10-08
DFCO_024;satisfaction_score;simule;;2026-10-08
DFCO_024;satisfaction_motif;simule;;2026-10-08
DFCO_024;fatigue_score;simule;;2026-10-08
DFCO_024;sante_score;simule;;2026-10-08
DFCO_024;statut_sante;simule;;2026-10-08
DFCO_024;indicateur_sante;simule;;2026-10-08
DFCO_024;disponibilite;simule;;2026-10-08
DFCO_024;retour_prevu;simule;;2026-10-08
DFCO_024;nb_blessures_12_mois;simule;;2026-10-08
DFCO_024;affinites_positives_ids;simule;;2026-10-08
DFCO_024;affinites_negatives_ids;simule;;2026-10-08
DFCO_024;provenance_identite;metadonnee;;2026-10-08
DFCO_024;provenance_groupe_poste;metadonnee;;2026-10-08
DFCO_024;provenance_autres_champs;metadonnee;;2026-10-08
DFCO_024;source_url;metadonnee;;2026-10-08
DFCO_024;source_consultee_le;metadonnee;;2026-10-08
DFCO_024;relation_equipe_general;simule;;2026-10-08
DFCO_024;acceleration;fc27_futwiz;https://www.futwiz.com/fc27/player/ylan-aka/18568;2026-10-08
DFCO_024;vitesse_de_pointe;fc27_futwiz;https://www.futwiz.com/fc27/player/ylan-aka/18568;2026-10-08
DFCO_024;note_vitesse;fc27_futwiz;https://www.futwiz.com/fc27/player/ylan-aka/18568;2026-10-08
DFCO_024;placement_offensif;fc27_futwiz;https://www.futwiz.com/fc27/player/ylan-aka/18568;2026-10-08
DFCO_024;finition;fc27_futwiz;https://www.futwiz.com/fc27/player/ylan-aka/18568;2026-10-08
DFCO_024;puissance_de_tir;fc27_futwiz;https://www.futwiz.com/fc27/player/ylan-aka/18568;2026-10-08
DFCO_024;tir_de_loin;fc27_futwiz;https://www.futwiz.com/fc27/player/ylan-aka/18568;2026-10-08
DFCO_024;volee;fc27_futwiz;https://www.futwiz.com/fc27/player/ylan-aka/18568;2026-10-08
DFCO_024;penalty;fc27_futwiz;https://www.futwiz.com/fc27/player/ylan-aka/18568;2026-10-08
DFCO_024;note_frappe;fc27_futwiz;https://www.futwiz.com/fc27/player/ylan-aka/18568;2026-10-08
DFCO_024;vista;fc27_futwiz;https://www.futwiz.com/fc27/player/ylan-aka/18568;2026-10-08
DFCO_024;centre;fc27_futwiz;https://www.futwiz.com/fc27/player/ylan-aka/18568;2026-10-08
DFCO_024;precision_coup_franc;fc27_futwiz;https://www.futwiz.com/fc27/player/ylan-aka/18568;2026-10-08
DFCO_024;passe_courte;fc27_futwiz;https://www.futwiz.com/fc27/player/ylan-aka/18568;2026-10-08
DFCO_024;passe_longue;fc27_futwiz;https://www.futwiz.com/fc27/player/ylan-aka/18568;2026-10-08
DFCO_024;effet;fc27_futwiz;https://www.futwiz.com/fc27/player/ylan-aka/18568;2026-10-08
DFCO_024;note_passe;fc27_futwiz;https://www.futwiz.com/fc27/player/ylan-aka/18568;2026-10-08
DFCO_024;agilite;fc27_futwiz;https://www.futwiz.com/fc27/player/ylan-aka/18568;2026-10-08
DFCO_024;equilibre;fc27_futwiz;https://www.futwiz.com/fc27/player/ylan-aka/18568;2026-10-08
DFCO_024;reactivite;fc27_futwiz;https://www.futwiz.com/fc27/player/ylan-aka/18568;2026-10-08
DFCO_024;conduite_de_balle;fc27_futwiz;https://www.futwiz.com/fc27/player/ylan-aka/18568;2026-10-08
DFCO_024;dribble;fc27_futwiz;https://www.futwiz.com/fc27/player/ylan-aka/18568;2026-10-08
DFCO_024;calme;fc27_futwiz;https://www.futwiz.com/fc27/player/ylan-aka/18568;2026-10-08
DFCO_024;note_dribble;fc27_futwiz;https://www.futwiz.com/fc27/player/ylan-aka/18568;2026-10-08
DFCO_024;interception;fc27_futwiz;https://www.futwiz.com/fc27/player/ylan-aka/18568;2026-10-08
DFCO_024;precision_de_la_tete;fc27_futwiz;https://www.futwiz.com/fc27/player/ylan-aka/18568;2026-10-08
DFCO_024;lucidite_defensive;fc27_futwiz;https://www.futwiz.com/fc27/player/ylan-aka/18568;2026-10-08
DFCO_024;tacle_debout;fc27_futwiz;https://www.futwiz.com/fc27/player/ylan-aka/18568;2026-10-08
DFCO_024;tacle_glisse;fc27_futwiz;https://www.futwiz.com/fc27/player/ylan-aka/18568;2026-10-08
DFCO_024;note_defense;fc27_futwiz;https://www.futwiz.com/fc27/player/ylan-aka/18568;2026-10-08
DFCO_024;detente;fc27_futwiz;https://www.futwiz.com/fc27/player/ylan-aka/18568;2026-10-08
DFCO_024;endurance;fc27_futwiz;https://www.futwiz.com/fc27/player/ylan-aka/18568;2026-10-08
DFCO_024;force;fc27_futwiz;https://www.futwiz.com/fc27/player/ylan-aka/18568;2026-10-08
DFCO_024;agressivite;fc27_futwiz;https://www.futwiz.com/fc27/player/ylan-aka/18568;2026-10-08
DFCO_024;note_physique;fc27_futwiz;https://www.futwiz.com/fc27/player/ylan-aka/18568;2026-10-08
DFCO_024;gardien_plongeon;non_applicable;;2026-10-08
DFCO_024;gardien_prise_de_balle;non_applicable;;2026-10-08
DFCO_024;gardien_jeu_au_pied;non_applicable;;2026-10-08
DFCO_024;gardien_reflexes;non_applicable;;2026-10-08
DFCO_024;gardien_sorties;non_applicable;;2026-10-08
DFCO_024;gardien_placement;non_applicable;;2026-10-08
DFCO_024;nom_fc27;fc27_futwiz;https://www.futwiz.com/fc27/player/ylan-aka/18568;2026-10-08
DFCO_024;note_generale_fc27;fc27_futwiz;https://www.futwiz.com/fc27/player/ylan-aka/18568;2026-10-08
DFCO_024;poste_fc27;fc27_futwiz;https://www.futwiz.com/fc27/player/ylan-aka/18568;2026-10-08
DFCO_024;groupe_poste_fc27;derive_fc27;https://www.futwiz.com/fc27/player/ylan-aka/18568;2026-10-08
DFCO_024;fc27_url;metadonnee;;2026-10-08
DFCO_024;fc27_id_fiche;metadonnee;;2026-10-08
DFCO_024;fc27_version_carte;metadonnee;;2026-10-08
DFCO_024;playstyles_fc27_observes;fc27_futwiz;https://www.futwiz.com/fc27/player/ylan-aka/18568;2026-10-08
DFCO_024;gardien_vitesse;non_applicable;;2026-10-08
DFCO_024;statut_import_fc27;metadonnee;;2026-10-08
DFCO_024;provenance_biometrie;metadonnee;;2026-10-08
DFCO_024;provenance_pied_fort;metadonnee;;2026-10-08
DFCO_024;provenance_attributs;metadonnee;;2026-10-08
DFCO_024;provenance_notes_groupes;metadonnee;;2026-10-08
DFCO_024;provenance_scenario;metadonnee;;2026-10-08
DFCO_025;joueur_id;metadonnee;;2026-10-08
DFCO_025;nom;source_publique_dfco;https://www.dfco.fr/effectifs/effectif-pro/;2026-10-08
DFCO_025;type_joueur;metadonnee;;2026-10-08
DFCO_025;club;source_publique_dfco;https://www.dfco.fr/effectifs/effectif-pro/;2026-10-08
DFCO_025;groupe_poste;source_publique_dfco;https://www.dfco.fr/effectifs/effectif-pro/;2026-10-08
DFCO_025;gardien;fc27_futwiz;https://www.futwiz.com/fc27/player/julio-tavares/11488;2026-10-08
DFCO_025;date_reference;metadonnee;;2026-10-08
DFCO_025;date_naissance_simulee;simule;;2026-10-08
DFCO_025;age;simule;;2026-10-08
DFCO_025;taille_cm;simule;;2026-10-08
DFCO_025;poids_kg;simule;;2026-10-08
DFCO_025;pied_fort;fc27_futwiz;https://www.futwiz.com/fc27/player/julio-tavares/11488;2026-10-08
DFCO_025;personnalite_tags;simule;;2026-10-08
DFCO_025;specialite_tags;simule;;2026-10-08
DFCO_025;langues_parlees;simule;;2026-10-08
DFCO_025;relation_equipe_score;simule;;2026-10-08
DFCO_025;satisfaction_score;simule;;2026-10-08
DFCO_025;satisfaction_motif;simule;;2026-10-08
DFCO_025;fatigue_score;simule;;2026-10-08
DFCO_025;sante_score;simule;;2026-10-08
DFCO_025;statut_sante;simule;;2026-10-08
DFCO_025;indicateur_sante;simule;;2026-10-08
DFCO_025;disponibilite;simule;;2026-10-08
DFCO_025;retour_prevu;non_disponible;;2026-10-08
DFCO_025;nb_blessures_12_mois;simule;;2026-10-08
DFCO_025;affinites_positives_ids;simule;;2026-10-08
DFCO_025;affinites_negatives_ids;simule;;2026-10-08
DFCO_025;provenance_identite;metadonnee;;2026-10-08
DFCO_025;provenance_groupe_poste;metadonnee;;2026-10-08
DFCO_025;provenance_autres_champs;metadonnee;;2026-10-08
DFCO_025;source_url;metadonnee;;2026-10-08
DFCO_025;source_consultee_le;metadonnee;;2026-10-08
DFCO_025;relation_equipe_general;simule;;2026-10-08
DFCO_025;acceleration;fc27_futwiz;https://www.futwiz.com/fc27/player/julio-tavares/11488;2026-10-08
DFCO_025;vitesse_de_pointe;fc27_futwiz;https://www.futwiz.com/fc27/player/julio-tavares/11488;2026-10-08
DFCO_025;note_vitesse;fc27_futwiz;https://www.futwiz.com/fc27/player/julio-tavares/11488;2026-10-08
DFCO_025;placement_offensif;fc27_futwiz;https://www.futwiz.com/fc27/player/julio-tavares/11488;2026-10-08
DFCO_025;finition;fc27_futwiz;https://www.futwiz.com/fc27/player/julio-tavares/11488;2026-10-08
DFCO_025;puissance_de_tir;fc27_futwiz;https://www.futwiz.com/fc27/player/julio-tavares/11488;2026-10-08
DFCO_025;tir_de_loin;fc27_futwiz;https://www.futwiz.com/fc27/player/julio-tavares/11488;2026-10-08
DFCO_025;volee;fc27_futwiz;https://www.futwiz.com/fc27/player/julio-tavares/11488;2026-10-08
DFCO_025;penalty;fc27_futwiz;https://www.futwiz.com/fc27/player/julio-tavares/11488;2026-10-08
DFCO_025;note_frappe;fc27_futwiz;https://www.futwiz.com/fc27/player/julio-tavares/11488;2026-10-08
DFCO_025;vista;fc27_futwiz;https://www.futwiz.com/fc27/player/julio-tavares/11488;2026-10-08
DFCO_025;centre;fc27_futwiz;https://www.futwiz.com/fc27/player/julio-tavares/11488;2026-10-08
DFCO_025;precision_coup_franc;fc27_futwiz;https://www.futwiz.com/fc27/player/julio-tavares/11488;2026-10-08
DFCO_025;passe_courte;fc27_futwiz;https://www.futwiz.com/fc27/player/julio-tavares/11488;2026-10-08
DFCO_025;passe_longue;fc27_futwiz;https://www.futwiz.com/fc27/player/julio-tavares/11488;2026-10-08
DFCO_025;effet;fc27_futwiz;https://www.futwiz.com/fc27/player/julio-tavares/11488;2026-10-08
DFCO_025;note_passe;fc27_futwiz;https://www.futwiz.com/fc27/player/julio-tavares/11488;2026-10-08
DFCO_025;agilite;fc27_futwiz;https://www.futwiz.com/fc27/player/julio-tavares/11488;2026-10-08
DFCO_025;equilibre;fc27_futwiz;https://www.futwiz.com/fc27/player/julio-tavares/11488;2026-10-08
DFCO_025;reactivite;fc27_futwiz;https://www.futwiz.com/fc27/player/julio-tavares/11488;2026-10-08
DFCO_025;conduite_de_balle;fc27_futwiz;https://www.futwiz.com/fc27/player/julio-tavares/11488;2026-10-08
DFCO_025;dribble;fc27_futwiz;https://www.futwiz.com/fc27/player/julio-tavares/11488;2026-10-08
DFCO_025;calme;fc27_futwiz;https://www.futwiz.com/fc27/player/julio-tavares/11488;2026-10-08
DFCO_025;note_dribble;fc27_futwiz;https://www.futwiz.com/fc27/player/julio-tavares/11488;2026-10-08
DFCO_025;interception;fc27_futwiz;https://www.futwiz.com/fc27/player/julio-tavares/11488;2026-10-08
DFCO_025;precision_de_la_tete;fc27_futwiz;https://www.futwiz.com/fc27/player/julio-tavares/11488;2026-10-08
DFCO_025;lucidite_defensive;fc27_futwiz;https://www.futwiz.com/fc27/player/julio-tavares/11488;2026-10-08
DFCO_025;tacle_debout;fc27_futwiz;https://www.futwiz.com/fc27/player/julio-tavares/11488;2026-10-08
DFCO_025;tacle_glisse;fc27_futwiz;https://www.futwiz.com/fc27/player/julio-tavares/11488;2026-10-08
DFCO_025;note_defense;fc27_futwiz;https://www.futwiz.com/fc27/player/julio-tavares/11488;2026-10-08
DFCO_025;detente;fc27_futwiz;https://www.futwiz.com/fc27/player/julio-tavares/11488;2026-10-08
DFCO_025;endurance;fc27_futwiz;https://www.futwiz.com/fc27/player/julio-tavares/11488;2026-10-08
DFCO_025;force;fc27_futwiz;https://www.futwiz.com/fc27/player/julio-tavares/11488;2026-10-08
DFCO_025;agressivite;fc27_futwiz;https://www.futwiz.com/fc27/player/julio-tavares/11488;2026-10-08
DFCO_025;note_physique;fc27_futwiz;https://www.futwiz.com/fc27/player/julio-tavares/11488;2026-10-08
DFCO_025;gardien_plongeon;non_applicable;;2026-10-08
DFCO_025;gardien_prise_de_balle;non_applicable;;2026-10-08
DFCO_025;gardien_jeu_au_pied;non_applicable;;2026-10-08
DFCO_025;gardien_reflexes;non_applicable;;2026-10-08
DFCO_025;gardien_sorties;non_applicable;;2026-10-08
DFCO_025;gardien_placement;non_applicable;;2026-10-08
DFCO_025;nom_fc27;fc27_futwiz;https://www.futwiz.com/fc27/player/julio-tavares/11488;2026-10-08
DFCO_025;note_generale_fc27;fc27_futwiz;https://www.futwiz.com/fc27/player/julio-tavares/11488;2026-10-08
DFCO_025;poste_fc27;fc27_futwiz;https://www.futwiz.com/fc27/player/julio-tavares/11488;2026-10-08
DFCO_025;groupe_poste_fc27;derive_fc27;https://www.futwiz.com/fc27/player/julio-tavares/11488;2026-10-08
DFCO_025;fc27_url;metadonnee;;2026-10-08
DFCO_025;fc27_id_fiche;metadonnee;;2026-10-08
DFCO_025;fc27_version_carte;metadonnee;;2026-10-08
DFCO_025;playstyles_fc27_observes;fc27_futwiz;https://www.futwiz.com/fc27/player/julio-tavares/11488;2026-10-08
DFCO_025;gardien_vitesse;non_applicable;;2026-10-08
DFCO_025;statut_import_fc27;metadonnee;;2026-10-08
DFCO_025;provenance_biometrie;metadonnee;;2026-10-08
DFCO_025;provenance_pied_fort;metadonnee;;2026-10-08
DFCO_025;provenance_attributs;metadonnee;;2026-10-08
DFCO_025;provenance_notes_groupes;metadonnee;;2026-10-08
DFCO_025;provenance_scenario;metadonnee;;2026-10-08
DFCO_026;joueur_id;metadonnee;;2026-10-08
DFCO_026;nom;source_publique_dfco;https://www.dfco.fr/effectifs/effectif-pro/;2026-10-08
DFCO_026;type_joueur;metadonnee;;2026-10-08
DFCO_026;club;source_publique_dfco;https://www.dfco.fr/effectifs/effectif-pro/;2026-10-08
DFCO_026;groupe_poste;source_publique_dfco;https://www.dfco.fr/effectifs/effectif-pro/;2026-10-08
DFCO_026;gardien;fc27_futwiz;https://www.futwiz.com/fc27/player/alexis-ntamack/13921;2026-10-08
DFCO_026;date_reference;metadonnee;;2026-10-08
DFCO_026;date_naissance_simulee;simule;;2026-10-08
DFCO_026;age;simule;;2026-10-08
DFCO_026;taille_cm;simule;;2026-10-08
DFCO_026;poids_kg;simule;;2026-10-08
DFCO_026;pied_fort;fc27_futwiz;https://www.futwiz.com/fc27/player/alexis-ntamack/13921;2026-10-08
DFCO_026;personnalite_tags;simule;;2026-10-08
DFCO_026;specialite_tags;simule;;2026-10-08
DFCO_026;langues_parlees;simule;;2026-10-08
DFCO_026;relation_equipe_score;simule;;2026-10-08
DFCO_026;satisfaction_score;simule;;2026-10-08
DFCO_026;satisfaction_motif;simule;;2026-10-08
DFCO_026;fatigue_score;simule;;2026-10-08
DFCO_026;sante_score;simule;;2026-10-08
DFCO_026;statut_sante;simule;;2026-10-08
DFCO_026;indicateur_sante;simule;;2026-10-08
DFCO_026;disponibilite;simule;;2026-10-08
DFCO_026;retour_prevu;non_disponible;;2026-10-08
DFCO_026;nb_blessures_12_mois;simule;;2026-10-08
DFCO_026;affinites_positives_ids;simule;;2026-10-08
DFCO_026;affinites_negatives_ids;simule;;2026-10-08
DFCO_026;provenance_identite;metadonnee;;2026-10-08
DFCO_026;provenance_groupe_poste;metadonnee;;2026-10-08
DFCO_026;provenance_autres_champs;metadonnee;;2026-10-08
DFCO_026;source_url;metadonnee;;2026-10-08
DFCO_026;source_consultee_le;metadonnee;;2026-10-08
DFCO_026;relation_equipe_general;simule;;2026-10-08
DFCO_026;acceleration;fc27_futwiz;https://www.futwiz.com/fc27/player/alexis-ntamack/13921;2026-10-08
DFCO_026;vitesse_de_pointe;fc27_futwiz;https://www.futwiz.com/fc27/player/alexis-ntamack/13921;2026-10-08
DFCO_026;note_vitesse;fc27_futwiz;https://www.futwiz.com/fc27/player/alexis-ntamack/13921;2026-10-08
DFCO_026;placement_offensif;fc27_futwiz;https://www.futwiz.com/fc27/player/alexis-ntamack/13921;2026-10-08
DFCO_026;finition;fc27_futwiz;https://www.futwiz.com/fc27/player/alexis-ntamack/13921;2026-10-08
DFCO_026;puissance_de_tir;fc27_futwiz;https://www.futwiz.com/fc27/player/alexis-ntamack/13921;2026-10-08
DFCO_026;tir_de_loin;fc27_futwiz;https://www.futwiz.com/fc27/player/alexis-ntamack/13921;2026-10-08
DFCO_026;volee;fc27_futwiz;https://www.futwiz.com/fc27/player/alexis-ntamack/13921;2026-10-08
DFCO_026;penalty;fc27_futwiz;https://www.futwiz.com/fc27/player/alexis-ntamack/13921;2026-10-08
DFCO_026;note_frappe;fc27_futwiz;https://www.futwiz.com/fc27/player/alexis-ntamack/13921;2026-10-08
DFCO_026;vista;fc27_futwiz;https://www.futwiz.com/fc27/player/alexis-ntamack/13921;2026-10-08
DFCO_026;centre;fc27_futwiz;https://www.futwiz.com/fc27/player/alexis-ntamack/13921;2026-10-08
DFCO_026;precision_coup_franc;fc27_futwiz;https://www.futwiz.com/fc27/player/alexis-ntamack/13921;2026-10-08
DFCO_026;passe_courte;fc27_futwiz;https://www.futwiz.com/fc27/player/alexis-ntamack/13921;2026-10-08
DFCO_026;passe_longue;fc27_futwiz;https://www.futwiz.com/fc27/player/alexis-ntamack/13921;2026-10-08
DFCO_026;effet;fc27_futwiz;https://www.futwiz.com/fc27/player/alexis-ntamack/13921;2026-10-08
DFCO_026;note_passe;fc27_futwiz;https://www.futwiz.com/fc27/player/alexis-ntamack/13921;2026-10-08
DFCO_026;agilite;fc27_futwiz;https://www.futwiz.com/fc27/player/alexis-ntamack/13921;2026-10-08
DFCO_026;equilibre;fc27_futwiz;https://www.futwiz.com/fc27/player/alexis-ntamack/13921;2026-10-08
DFCO_026;reactivite;fc27_futwiz;https://www.futwiz.com/fc27/player/alexis-ntamack/13921;2026-10-08
DFCO_026;conduite_de_balle;fc27_futwiz;https://www.futwiz.com/fc27/player/alexis-ntamack/13921;2026-10-08
DFCO_026;dribble;fc27_futwiz;https://www.futwiz.com/fc27/player/alexis-ntamack/13921;2026-10-08
DFCO_026;calme;fc27_futwiz;https://www.futwiz.com/fc27/player/alexis-ntamack/13921;2026-10-08
DFCO_026;note_dribble;fc27_futwiz;https://www.futwiz.com/fc27/player/alexis-ntamack/13921;2026-10-08
DFCO_026;interception;fc27_futwiz;https://www.futwiz.com/fc27/player/alexis-ntamack/13921;2026-10-08
DFCO_026;precision_de_la_tete;fc27_futwiz;https://www.futwiz.com/fc27/player/alexis-ntamack/13921;2026-10-08
DFCO_026;lucidite_defensive;fc27_futwiz;https://www.futwiz.com/fc27/player/alexis-ntamack/13921;2026-10-08
DFCO_026;tacle_debout;fc27_futwiz;https://www.futwiz.com/fc27/player/alexis-ntamack/13921;2026-10-08
DFCO_026;tacle_glisse;fc27_futwiz;https://www.futwiz.com/fc27/player/alexis-ntamack/13921;2026-10-08
DFCO_026;note_defense;fc27_futwiz;https://www.futwiz.com/fc27/player/alexis-ntamack/13921;2026-10-08
DFCO_026;detente;fc27_futwiz;https://www.futwiz.com/fc27/player/alexis-ntamack/13921;2026-10-08
DFCO_026;endurance;fc27_futwiz;https://www.futwiz.com/fc27/player/alexis-ntamack/13921;2026-10-08
DFCO_026;force;fc27_futwiz;https://www.futwiz.com/fc27/player/alexis-ntamack/13921;2026-10-08
DFCO_026;agressivite;fc27_futwiz;https://www.futwiz.com/fc27/player/alexis-ntamack/13921;2026-10-08
DFCO_026;note_physique;fc27_futwiz;https://www.futwiz.com/fc27/player/alexis-ntamack/13921;2026-10-08
DFCO_026;gardien_plongeon;non_applicable;;2026-10-08
DFCO_026;gardien_prise_de_balle;non_applicable;;2026-10-08
DFCO_026;gardien_jeu_au_pied;non_applicable;;2026-10-08
DFCO_026;gardien_reflexes;non_applicable;;2026-10-08
DFCO_026;gardien_sorties;non_applicable;;2026-10-08
DFCO_026;gardien_placement;non_applicable;;2026-10-08
DFCO_026;nom_fc27;fc27_futwiz;https://www.futwiz.com/fc27/player/alexis-ntamack/13921;2026-10-08
DFCO_026;note_generale_fc27;fc27_futwiz;https://www.futwiz.com/fc27/player/alexis-ntamack/13921;2026-10-08
DFCO_026;poste_fc27;fc27_futwiz;https://www.futwiz.com/fc27/player/alexis-ntamack/13921;2026-10-08
DFCO_026;groupe_poste_fc27;derive_fc27;https://www.futwiz.com/fc27/player/alexis-ntamack/13921;2026-10-08
DFCO_026;fc27_url;metadonnee;;2026-10-08
DFCO_026;fc27_id_fiche;metadonnee;;2026-10-08
DFCO_026;fc27_version_carte;metadonnee;;2026-10-08
DFCO_026;playstyles_fc27_observes;fc27_futwiz;https://www.futwiz.com/fc27/player/alexis-ntamack/13921;2026-10-08
DFCO_026;gardien_vitesse;non_applicable;;2026-10-08
DFCO_026;statut_import_fc27;metadonnee;;2026-10-08
DFCO_026;provenance_biometrie;metadonnee;;2026-10-08
DFCO_026;provenance_pied_fort;metadonnee;;2026-10-08
DFCO_026;provenance_attributs;metadonnee;;2026-10-08
DFCO_026;provenance_notes_groupes;metadonnee;;2026-10-08
DFCO_026;provenance_scenario;metadonnee;;2026-10-08
DFCO_027;joueur_id;metadonnee;;2026-10-08
DFCO_027;nom;source_publique_dfco;https://www.dfco.fr/effectifs/effectif-pro/;2026-10-08
DFCO_027;type_joueur;metadonnee;;2026-10-08
DFCO_027;club;source_publique_dfco;https://www.dfco.fr/effectifs/effectif-pro/;2026-10-08
DFCO_027;groupe_poste;source_publique_dfco;https://www.dfco.fr/effectifs/effectif-pro/;2026-10-08
DFCO_027;gardien;fc27_futwiz;https://www.futwiz.com/fc27/player/yanis-barka/11493;2026-10-08
DFCO_027;date_reference;metadonnee;;2026-10-08
DFCO_027;date_naissance_simulee;simule;;2026-10-08
DFCO_027;age;simule;;2026-10-08
DFCO_027;taille_cm;simule;;2026-10-08
DFCO_027;poids_kg;simule;;2026-10-08
DFCO_027;pied_fort;fc27_futwiz;https://www.futwiz.com/fc27/player/yanis-barka/11493;2026-10-08
DFCO_027;personnalite_tags;simule;;2026-10-08
DFCO_027;specialite_tags;simule;;2026-10-08
DFCO_027;langues_parlees;simule;;2026-10-08
DFCO_027;relation_equipe_score;simule;;2026-10-08
DFCO_027;satisfaction_score;simule;;2026-10-08
DFCO_027;satisfaction_motif;simule;;2026-10-08
DFCO_027;fatigue_score;simule;;2026-10-08
DFCO_027;sante_score;simule;;2026-10-08
DFCO_027;statut_sante;simule;;2026-10-08
DFCO_027;indicateur_sante;simule;;2026-10-08
DFCO_027;disponibilite;simule;;2026-10-08
DFCO_027;retour_prevu;non_disponible;;2026-10-08
DFCO_027;nb_blessures_12_mois;simule;;2026-10-08
DFCO_027;affinites_positives_ids;simule;;2026-10-08
DFCO_027;affinites_negatives_ids;simule;;2026-10-08
DFCO_027;provenance_identite;metadonnee;;2026-10-08
DFCO_027;provenance_groupe_poste;metadonnee;;2026-10-08
DFCO_027;provenance_autres_champs;metadonnee;;2026-10-08
DFCO_027;source_url;metadonnee;;2026-10-08
DFCO_027;source_consultee_le;metadonnee;;2026-10-08
DFCO_027;relation_equipe_general;simule;;2026-10-08
DFCO_027;acceleration;fc27_futwiz;https://www.futwiz.com/fc27/player/yanis-barka/11493;2026-10-08
DFCO_027;vitesse_de_pointe;fc27_futwiz;https://www.futwiz.com/fc27/player/yanis-barka/11493;2026-10-08
DFCO_027;note_vitesse;fc27_futwiz;https://www.futwiz.com/fc27/player/yanis-barka/11493;2026-10-08
DFCO_027;placement_offensif;fc27_futwiz;https://www.futwiz.com/fc27/player/yanis-barka/11493;2026-10-08
DFCO_027;finition;fc27_futwiz;https://www.futwiz.com/fc27/player/yanis-barka/11493;2026-10-08
DFCO_027;puissance_de_tir;fc27_futwiz;https://www.futwiz.com/fc27/player/yanis-barka/11493;2026-10-08
DFCO_027;tir_de_loin;fc27_futwiz;https://www.futwiz.com/fc27/player/yanis-barka/11493;2026-10-08
DFCO_027;volee;fc27_futwiz;https://www.futwiz.com/fc27/player/yanis-barka/11493;2026-10-08
DFCO_027;penalty;fc27_futwiz;https://www.futwiz.com/fc27/player/yanis-barka/11493;2026-10-08
DFCO_027;note_frappe;fc27_futwiz;https://www.futwiz.com/fc27/player/yanis-barka/11493;2026-10-08
DFCO_027;vista;fc27_futwiz;https://www.futwiz.com/fc27/player/yanis-barka/11493;2026-10-08
DFCO_027;centre;fc27_futwiz;https://www.futwiz.com/fc27/player/yanis-barka/11493;2026-10-08
DFCO_027;precision_coup_franc;fc27_futwiz;https://www.futwiz.com/fc27/player/yanis-barka/11493;2026-10-08
DFCO_027;passe_courte;fc27_futwiz;https://www.futwiz.com/fc27/player/yanis-barka/11493;2026-10-08
DFCO_027;passe_longue;fc27_futwiz;https://www.futwiz.com/fc27/player/yanis-barka/11493;2026-10-08
DFCO_027;effet;fc27_futwiz;https://www.futwiz.com/fc27/player/yanis-barka/11493;2026-10-08
DFCO_027;note_passe;fc27_futwiz;https://www.futwiz.com/fc27/player/yanis-barka/11493;2026-10-08
DFCO_027;agilite;fc27_futwiz;https://www.futwiz.com/fc27/player/yanis-barka/11493;2026-10-08
DFCO_027;equilibre;fc27_futwiz;https://www.futwiz.com/fc27/player/yanis-barka/11493;2026-10-08
DFCO_027;reactivite;fc27_futwiz;https://www.futwiz.com/fc27/player/yanis-barka/11493;2026-10-08
DFCO_027;conduite_de_balle;fc27_futwiz;https://www.futwiz.com/fc27/player/yanis-barka/11493;2026-10-08
DFCO_027;dribble;fc27_futwiz;https://www.futwiz.com/fc27/player/yanis-barka/11493;2026-10-08
DFCO_027;calme;fc27_futwiz;https://www.futwiz.com/fc27/player/yanis-barka/11493;2026-10-08
DFCO_027;note_dribble;fc27_futwiz;https://www.futwiz.com/fc27/player/yanis-barka/11493;2026-10-08
DFCO_027;interception;fc27_futwiz;https://www.futwiz.com/fc27/player/yanis-barka/11493;2026-10-08
DFCO_027;precision_de_la_tete;fc27_futwiz;https://www.futwiz.com/fc27/player/yanis-barka/11493;2026-10-08
DFCO_027;lucidite_defensive;fc27_futwiz;https://www.futwiz.com/fc27/player/yanis-barka/11493;2026-10-08
DFCO_027;tacle_debout;fc27_futwiz;https://www.futwiz.com/fc27/player/yanis-barka/11493;2026-10-08
DFCO_027;tacle_glisse;fc27_futwiz;https://www.futwiz.com/fc27/player/yanis-barka/11493;2026-10-08
DFCO_027;note_defense;fc27_futwiz;https://www.futwiz.com/fc27/player/yanis-barka/11493;2026-10-08
DFCO_027;detente;fc27_futwiz;https://www.futwiz.com/fc27/player/yanis-barka/11493;2026-10-08
DFCO_027;endurance;fc27_futwiz;https://www.futwiz.com/fc27/player/yanis-barka/11493;2026-10-08
DFCO_027;force;fc27_futwiz;https://www.futwiz.com/fc27/player/yanis-barka/11493;2026-10-08
DFCO_027;agressivite;fc27_futwiz;https://www.futwiz.com/fc27/player/yanis-barka/11493;2026-10-08
DFCO_027;note_physique;fc27_futwiz;https://www.futwiz.com/fc27/player/yanis-barka/11493;2026-10-08
DFCO_027;gardien_plongeon;non_applicable;;2026-10-08
DFCO_027;gardien_prise_de_balle;non_applicable;;2026-10-08
DFCO_027;gardien_jeu_au_pied;non_applicable;;2026-10-08
DFCO_027;gardien_reflexes;non_applicable;;2026-10-08
DFCO_027;gardien_sorties;non_applicable;;2026-10-08
DFCO_027;gardien_placement;non_applicable;;2026-10-08
DFCO_027;nom_fc27;fc27_futwiz;https://www.futwiz.com/fc27/player/yanis-barka/11493;2026-10-08
DFCO_027;note_generale_fc27;fc27_futwiz;https://www.futwiz.com/fc27/player/yanis-barka/11493;2026-10-08
DFCO_027;poste_fc27;fc27_futwiz;https://www.futwiz.com/fc27/player/yanis-barka/11493;2026-10-08
DFCO_027;groupe_poste_fc27;derive_fc27;https://www.futwiz.com/fc27/player/yanis-barka/11493;2026-10-08
DFCO_027;fc27_url;metadonnee;;2026-10-08
DFCO_027;fc27_id_fiche;metadonnee;;2026-10-08
DFCO_027;fc27_version_carte;metadonnee;;2026-10-08
DFCO_027;playstyles_fc27_observes;fc27_futwiz;https://www.futwiz.com/fc27/player/yanis-barka/11493;2026-10-08
DFCO_027;gardien_vitesse;non_applicable;;2026-10-08
DFCO_027;statut_import_fc27;metadonnee;;2026-10-08
DFCO_027;provenance_biometrie;metadonnee;;2026-10-08
DFCO_027;provenance_pied_fort;metadonnee;;2026-10-08
DFCO_027;provenance_attributs;metadonnee;;2026-10-08
DFCO_027;provenance_notes_groupes;metadonnee;;2026-10-08
DFCO_027;provenance_scenario;metadonnee;;2026-10-08
DFCO_028;joueur_id;metadonnee;;2026-10-08
DFCO_028;nom;source_publique_dfco;https://www.dfco.fr/effectifs/effectif-pro/;2026-10-08
DFCO_028;type_joueur;metadonnee;;2026-10-08
DFCO_028;club;source_publique_dfco;https://www.dfco.fr/effectifs/effectif-pro/;2026-10-08
DFCO_028;groupe_poste;source_publique_dfco;https://www.dfco.fr/effectifs/effectif-pro/;2026-10-08
DFCO_028;gardien;fc27_futwiz;https://www.futwiz.com/fc27/player/florian-rombogouera/18564;2026-10-08
DFCO_028;date_reference;metadonnee;;2026-10-08
DFCO_028;date_naissance_simulee;simule;;2026-10-08
DFCO_028;age;simule;;2026-10-08
DFCO_028;taille_cm;simule;;2026-10-08
DFCO_028;poids_kg;simule;;2026-10-08
DFCO_028;pied_fort;fc27_futwiz;https://www.futwiz.com/fc27/player/florian-rombogouera/18564;2026-10-08
DFCO_028;personnalite_tags;simule;;2026-10-08
DFCO_028;specialite_tags;simule;;2026-10-08
DFCO_028;langues_parlees;simule;;2026-10-08
DFCO_028;relation_equipe_score;simule;;2026-10-08
DFCO_028;satisfaction_score;simule;;2026-10-08
DFCO_028;satisfaction_motif;simule;;2026-10-08
DFCO_028;fatigue_score;simule;;2026-10-08
DFCO_028;sante_score;simule;;2026-10-08
DFCO_028;statut_sante;simule;;2026-10-08
DFCO_028;indicateur_sante;simule;;2026-10-08
DFCO_028;disponibilite;simule;;2026-10-08
DFCO_028;retour_prevu;non_disponible;;2026-10-08
DFCO_028;nb_blessures_12_mois;simule;;2026-10-08
DFCO_028;affinites_positives_ids;simule;;2026-10-08
DFCO_028;affinites_negatives_ids;simule;;2026-10-08
DFCO_028;provenance_identite;metadonnee;;2026-10-08
DFCO_028;provenance_groupe_poste;metadonnee;;2026-10-08
DFCO_028;provenance_autres_champs;metadonnee;;2026-10-08
DFCO_028;source_url;metadonnee;;2026-10-08
DFCO_028;source_consultee_le;metadonnee;;2026-10-08
DFCO_028;relation_equipe_general;simule;;2026-10-08
DFCO_028;acceleration;fc27_futwiz;https://www.futwiz.com/fc27/player/florian-rombogouera/18564;2026-10-08
DFCO_028;vitesse_de_pointe;fc27_futwiz;https://www.futwiz.com/fc27/player/florian-rombogouera/18564;2026-10-08
DFCO_028;note_vitesse;fc27_futwiz;https://www.futwiz.com/fc27/player/florian-rombogouera/18564;2026-10-08
DFCO_028;placement_offensif;fc27_futwiz;https://www.futwiz.com/fc27/player/florian-rombogouera/18564;2026-10-08
DFCO_028;finition;fc27_futwiz;https://www.futwiz.com/fc27/player/florian-rombogouera/18564;2026-10-08
DFCO_028;puissance_de_tir;fc27_futwiz;https://www.futwiz.com/fc27/player/florian-rombogouera/18564;2026-10-08
DFCO_028;tir_de_loin;fc27_futwiz;https://www.futwiz.com/fc27/player/florian-rombogouera/18564;2026-10-08
DFCO_028;volee;fc27_futwiz;https://www.futwiz.com/fc27/player/florian-rombogouera/18564;2026-10-08
DFCO_028;penalty;fc27_futwiz;https://www.futwiz.com/fc27/player/florian-rombogouera/18564;2026-10-08
DFCO_028;note_frappe;fc27_futwiz;https://www.futwiz.com/fc27/player/florian-rombogouera/18564;2026-10-08
DFCO_028;vista;fc27_futwiz;https://www.futwiz.com/fc27/player/florian-rombogouera/18564;2026-10-08
DFCO_028;centre;fc27_futwiz;https://www.futwiz.com/fc27/player/florian-rombogouera/18564;2026-10-08
DFCO_028;precision_coup_franc;fc27_futwiz;https://www.futwiz.com/fc27/player/florian-rombogouera/18564;2026-10-08
DFCO_028;passe_courte;fc27_futwiz;https://www.futwiz.com/fc27/player/florian-rombogouera/18564;2026-10-08
DFCO_028;passe_longue;fc27_futwiz;https://www.futwiz.com/fc27/player/florian-rombogouera/18564;2026-10-08
DFCO_028;effet;fc27_futwiz;https://www.futwiz.com/fc27/player/florian-rombogouera/18564;2026-10-08
DFCO_028;note_passe;fc27_futwiz;https://www.futwiz.com/fc27/player/florian-rombogouera/18564;2026-10-08
DFCO_028;agilite;fc27_futwiz;https://www.futwiz.com/fc27/player/florian-rombogouera/18564;2026-10-08
DFCO_028;equilibre;fc27_futwiz;https://www.futwiz.com/fc27/player/florian-rombogouera/18564;2026-10-08
DFCO_028;reactivite;fc27_futwiz;https://www.futwiz.com/fc27/player/florian-rombogouera/18564;2026-10-08
DFCO_028;conduite_de_balle;fc27_futwiz;https://www.futwiz.com/fc27/player/florian-rombogouera/18564;2026-10-08
DFCO_028;dribble;fc27_futwiz;https://www.futwiz.com/fc27/player/florian-rombogouera/18564;2026-10-08
DFCO_028;calme;fc27_futwiz;https://www.futwiz.com/fc27/player/florian-rombogouera/18564;2026-10-08
DFCO_028;note_dribble;fc27_futwiz;https://www.futwiz.com/fc27/player/florian-rombogouera/18564;2026-10-08
DFCO_028;interception;fc27_futwiz;https://www.futwiz.com/fc27/player/florian-rombogouera/18564;2026-10-08
DFCO_028;precision_de_la_tete;fc27_futwiz;https://www.futwiz.com/fc27/player/florian-rombogouera/18564;2026-10-08
DFCO_028;lucidite_defensive;fc27_futwiz;https://www.futwiz.com/fc27/player/florian-rombogouera/18564;2026-10-08
DFCO_028;tacle_debout;fc27_futwiz;https://www.futwiz.com/fc27/player/florian-rombogouera/18564;2026-10-08
DFCO_028;tacle_glisse;fc27_futwiz;https://www.futwiz.com/fc27/player/florian-rombogouera/18564;2026-10-08
DFCO_028;note_defense;fc27_futwiz;https://www.futwiz.com/fc27/player/florian-rombogouera/18564;2026-10-08
DFCO_028;detente;fc27_futwiz;https://www.futwiz.com/fc27/player/florian-rombogouera/18564;2026-10-08
DFCO_028;endurance;fc27_futwiz;https://www.futwiz.com/fc27/player/florian-rombogouera/18564;2026-10-08
DFCO_028;force;fc27_futwiz;https://www.futwiz.com/fc27/player/florian-rombogouera/18564;2026-10-08
DFCO_028;agressivite;fc27_futwiz;https://www.futwiz.com/fc27/player/florian-rombogouera/18564;2026-10-08
DFCO_028;note_physique;fc27_futwiz;https://www.futwiz.com/fc27/player/florian-rombogouera/18564;2026-10-08
DFCO_028;gardien_plongeon;non_applicable;;2026-10-08
DFCO_028;gardien_prise_de_balle;non_applicable;;2026-10-08
DFCO_028;gardien_jeu_au_pied;non_applicable;;2026-10-08
DFCO_028;gardien_reflexes;non_applicable;;2026-10-08
DFCO_028;gardien_sorties;non_applicable;;2026-10-08
DFCO_028;gardien_placement;non_applicable;;2026-10-08
DFCO_028;nom_fc27;fc27_futwiz;https://www.futwiz.com/fc27/player/florian-rombogouera/18564;2026-10-08
DFCO_028;note_generale_fc27;fc27_futwiz;https://www.futwiz.com/fc27/player/florian-rombogouera/18564;2026-10-08
DFCO_028;poste_fc27;fc27_futwiz;https://www.futwiz.com/fc27/player/florian-rombogouera/18564;2026-10-08
DFCO_028;groupe_poste_fc27;derive_fc27;https://www.futwiz.com/fc27/player/florian-rombogouera/18564;2026-10-08
DFCO_028;fc27_url;metadonnee;;2026-10-08
DFCO_028;fc27_id_fiche;metadonnee;;2026-10-08
DFCO_028;fc27_version_carte;metadonnee;;2026-10-08
DFCO_028;playstyles_fc27_observes;fc27_futwiz;https://www.futwiz.com/fc27/player/florian-rombogouera/18564;2026-10-08
DFCO_028;gardien_vitesse;non_applicable;;2026-10-08
DFCO_028;statut_import_fc27;metadonnee;;2026-10-08
DFCO_028;provenance_biometrie;metadonnee;;2026-10-08
DFCO_028;provenance_pied_fort;metadonnee;;2026-10-08
DFCO_028;provenance_attributs;metadonnee;;2026-10-08
DFCO_028;provenance_notes_groupes;metadonnee;;2026-10-08
DFCO_028;provenance_scenario;metadonnee;;2026-10-08
DFCO_029;joueur_id;metadonnee;;2026-10-08
DFCO_029;nom;source_publique_dfco;https://www.dfco.fr/effectifs/effectif-pro/;2026-10-08
DFCO_029;type_joueur;metadonnee;;2026-10-08
DFCO_029;club;source_publique_dfco;https://www.dfco.fr/effectifs/effectif-pro/;2026-10-08
DFCO_029;groupe_poste;source_publique_dfco;https://www.dfco.fr/effectifs/effectif-pro/;2026-10-08
DFCO_029;gardien;fc27_futwiz;https://www.futwiz.com/fc27/player/tyris-dong/17439;2026-10-08
DFCO_029;date_reference;metadonnee;;2026-10-08
DFCO_029;date_naissance_simulee;simule;;2026-10-08
DFCO_029;age;simule;;2026-10-08
DFCO_029;taille_cm;simule;;2026-10-08
DFCO_029;poids_kg;simule;;2026-10-08
DFCO_029;pied_fort;fc27_futwiz;https://www.futwiz.com/fc27/player/tyris-dong/17439;2026-10-08
DFCO_029;personnalite_tags;simule;;2026-10-08
DFCO_029;specialite_tags;simule;;2026-10-08
DFCO_029;langues_parlees;simule;;2026-10-08
DFCO_029;relation_equipe_score;simule;;2026-10-08
DFCO_029;satisfaction_score;simule;;2026-10-08
DFCO_029;satisfaction_motif;simule;;2026-10-08
DFCO_029;fatigue_score;simule;;2026-10-08
DFCO_029;sante_score;simule;;2026-10-08
DFCO_029;statut_sante;simule;;2026-10-08
DFCO_029;indicateur_sante;simule;;2026-10-08
DFCO_029;disponibilite;simule;;2026-10-08
DFCO_029;retour_prevu;non_disponible;;2026-10-08
DFCO_029;nb_blessures_12_mois;simule;;2026-10-08
DFCO_029;affinites_positives_ids;simule;;2026-10-08
DFCO_029;affinites_negatives_ids;simule;;2026-10-08
DFCO_029;provenance_identite;metadonnee;;2026-10-08
DFCO_029;provenance_groupe_poste;metadonnee;;2026-10-08
DFCO_029;provenance_autres_champs;metadonnee;;2026-10-08
DFCO_029;source_url;metadonnee;;2026-10-08
DFCO_029;source_consultee_le;metadonnee;;2026-10-08
DFCO_029;relation_equipe_general;simule;;2026-10-08
DFCO_029;acceleration;fc27_futwiz;https://www.futwiz.com/fc27/player/tyris-dong/17439;2026-10-08
DFCO_029;vitesse_de_pointe;fc27_futwiz;https://www.futwiz.com/fc27/player/tyris-dong/17439;2026-10-08
DFCO_029;note_vitesse;fc27_futwiz;https://www.futwiz.com/fc27/player/tyris-dong/17439;2026-10-08
DFCO_029;placement_offensif;fc27_futwiz;https://www.futwiz.com/fc27/player/tyris-dong/17439;2026-10-08
DFCO_029;finition;fc27_futwiz;https://www.futwiz.com/fc27/player/tyris-dong/17439;2026-10-08
DFCO_029;puissance_de_tir;fc27_futwiz;https://www.futwiz.com/fc27/player/tyris-dong/17439;2026-10-08
DFCO_029;tir_de_loin;fc27_futwiz;https://www.futwiz.com/fc27/player/tyris-dong/17439;2026-10-08
DFCO_029;volee;fc27_futwiz;https://www.futwiz.com/fc27/player/tyris-dong/17439;2026-10-08
DFCO_029;penalty;fc27_futwiz;https://www.futwiz.com/fc27/player/tyris-dong/17439;2026-10-08
DFCO_029;note_frappe;fc27_futwiz;https://www.futwiz.com/fc27/player/tyris-dong/17439;2026-10-08
DFCO_029;vista;fc27_futwiz;https://www.futwiz.com/fc27/player/tyris-dong/17439;2026-10-08
DFCO_029;centre;fc27_futwiz;https://www.futwiz.com/fc27/player/tyris-dong/17439;2026-10-08
DFCO_029;precision_coup_franc;fc27_futwiz;https://www.futwiz.com/fc27/player/tyris-dong/17439;2026-10-08
DFCO_029;passe_courte;fc27_futwiz;https://www.futwiz.com/fc27/player/tyris-dong/17439;2026-10-08
DFCO_029;passe_longue;fc27_futwiz;https://www.futwiz.com/fc27/player/tyris-dong/17439;2026-10-08
DFCO_029;effet;fc27_futwiz;https://www.futwiz.com/fc27/player/tyris-dong/17439;2026-10-08
DFCO_029;note_passe;fc27_futwiz;https://www.futwiz.com/fc27/player/tyris-dong/17439;2026-10-08
DFCO_029;agilite;fc27_futwiz;https://www.futwiz.com/fc27/player/tyris-dong/17439;2026-10-08
DFCO_029;equilibre;fc27_futwiz;https://www.futwiz.com/fc27/player/tyris-dong/17439;2026-10-08
DFCO_029;reactivite;fc27_futwiz;https://www.futwiz.com/fc27/player/tyris-dong/17439;2026-10-08
DFCO_029;conduite_de_balle;fc27_futwiz;https://www.futwiz.com/fc27/player/tyris-dong/17439;2026-10-08
DFCO_029;dribble;fc27_futwiz;https://www.futwiz.com/fc27/player/tyris-dong/17439;2026-10-08
DFCO_029;calme;fc27_futwiz;https://www.futwiz.com/fc27/player/tyris-dong/17439;2026-10-08
DFCO_029;note_dribble;fc27_futwiz;https://www.futwiz.com/fc27/player/tyris-dong/17439;2026-10-08
DFCO_029;interception;fc27_futwiz;https://www.futwiz.com/fc27/player/tyris-dong/17439;2026-10-08
DFCO_029;precision_de_la_tete;fc27_futwiz;https://www.futwiz.com/fc27/player/tyris-dong/17439;2026-10-08
DFCO_029;lucidite_defensive;fc27_futwiz;https://www.futwiz.com/fc27/player/tyris-dong/17439;2026-10-08
DFCO_029;tacle_debout;fc27_futwiz;https://www.futwiz.com/fc27/player/tyris-dong/17439;2026-10-08
DFCO_029;tacle_glisse;fc27_futwiz;https://www.futwiz.com/fc27/player/tyris-dong/17439;2026-10-08
DFCO_029;note_defense;fc27_futwiz;https://www.futwiz.com/fc27/player/tyris-dong/17439;2026-10-08
DFCO_029;detente;fc27_futwiz;https://www.futwiz.com/fc27/player/tyris-dong/17439;2026-10-08
DFCO_029;endurance;fc27_futwiz;https://www.futwiz.com/fc27/player/tyris-dong/17439;2026-10-08
DFCO_029;force;fc27_futwiz;https://www.futwiz.com/fc27/player/tyris-dong/17439;2026-10-08
DFCO_029;agressivite;fc27_futwiz;https://www.futwiz.com/fc27/player/tyris-dong/17439;2026-10-08
DFCO_029;note_physique;fc27_futwiz;https://www.futwiz.com/fc27/player/tyris-dong/17439;2026-10-08
DFCO_029;gardien_plongeon;non_applicable;;2026-10-08
DFCO_029;gardien_prise_de_balle;non_applicable;;2026-10-08
DFCO_029;gardien_jeu_au_pied;non_applicable;;2026-10-08
DFCO_029;gardien_reflexes;non_applicable;;2026-10-08
DFCO_029;gardien_sorties;non_applicable;;2026-10-08
DFCO_029;gardien_placement;non_applicable;;2026-10-08
DFCO_029;nom_fc27;fc27_futwiz;https://www.futwiz.com/fc27/player/tyris-dong/17439;2026-10-08
DFCO_029;note_generale_fc27;fc27_futwiz;https://www.futwiz.com/fc27/player/tyris-dong/17439;2026-10-08
DFCO_029;poste_fc27;fc27_futwiz;https://www.futwiz.com/fc27/player/tyris-dong/17439;2026-10-08
DFCO_029;groupe_poste_fc27;derive_fc27;https://www.futwiz.com/fc27/player/tyris-dong/17439;2026-10-08
DFCO_029;fc27_url;metadonnee;;2026-10-08
DFCO_029;fc27_id_fiche;metadonnee;;2026-10-08
DFCO_029;fc27_version_carte;metadonnee;;2026-10-08
DFCO_029;playstyles_fc27_observes;fc27_futwiz;https://www.futwiz.com/fc27/player/tyris-dong/17439;2026-10-08
DFCO_029;gardien_vitesse;non_applicable;;2026-10-08
DFCO_029;statut_import_fc27;metadonnee;;2026-10-08
DFCO_029;provenance_biometrie;metadonnee;;2026-10-08
DFCO_029;provenance_pied_fort;metadonnee;;2026-10-08
DFCO_029;provenance_attributs;metadonnee;;2026-10-08
DFCO_029;provenance_notes_groupes;metadonnee;;2026-10-08
DFCO_029;provenance_scenario;metadonnee;;2026-10-08
DFCO_030;joueur_id;metadonnee;;2026-10-08
DFCO_030;nom;source_publique_dfco;https://www.dfco.fr/effectifs/effectif-pro/;2026-10-08
DFCO_030;type_joueur;metadonnee;;2026-10-08
DFCO_030;club;source_publique_dfco;https://www.dfco.fr/effectifs/effectif-pro/;2026-10-08
DFCO_030;groupe_poste;source_publique_dfco;https://www.dfco.fr/effectifs/effectif-pro/;2026-10-08
DFCO_030;gardien;simule;;2026-10-08
DFCO_030;date_reference;metadonnee;;2026-10-08
DFCO_030;date_naissance_simulee;simule;;2026-10-08
DFCO_030;age;simule;;2026-10-08
DFCO_030;taille_cm;simule;;2026-10-08
DFCO_030;poids_kg;simule;;2026-10-08
DFCO_030;pied_fort;simule;;2026-10-08
DFCO_030;personnalite_tags;simule;;2026-10-08
DFCO_030;specialite_tags;simule;;2026-10-08
DFCO_030;langues_parlees;simule;;2026-10-08
DFCO_030;relation_equipe_score;simule;;2026-10-08
DFCO_030;satisfaction_score;simule;;2026-10-08
DFCO_030;satisfaction_motif;simule;;2026-10-08
DFCO_030;fatigue_score;simule;;2026-10-08
DFCO_030;sante_score;simule;;2026-10-08
DFCO_030;statut_sante;simule;;2026-10-08
DFCO_030;indicateur_sante;simule;;2026-10-08
DFCO_030;disponibilite;simule;;2026-10-08
DFCO_030;retour_prevu;simule;;2026-10-08
DFCO_030;nb_blessures_12_mois;simule;;2026-10-08
DFCO_030;affinites_positives_ids;simule;;2026-10-08
DFCO_030;affinites_negatives_ids;simule;;2026-10-08
DFCO_030;provenance_identite;metadonnee;;2026-10-08
DFCO_030;provenance_groupe_poste;metadonnee;;2026-10-08
DFCO_030;provenance_autres_champs;metadonnee;;2026-10-08
DFCO_030;source_url;metadonnee;;2026-10-08
DFCO_030;source_consultee_le;metadonnee;;2026-10-08
DFCO_030;relation_equipe_general;simule;;2026-10-08
DFCO_030;acceleration;simule;;2026-10-08
DFCO_030;vitesse_de_pointe;simule;;2026-10-08
DFCO_030;note_vitesse;simule;;2026-10-08
DFCO_030;placement_offensif;simule;;2026-10-08
DFCO_030;finition;simule;;2026-10-08
DFCO_030;puissance_de_tir;simule;;2026-10-08
DFCO_030;tir_de_loin;simule;;2026-10-08
DFCO_030;volee;simule;;2026-10-08
DFCO_030;penalty;simule;;2026-10-08
DFCO_030;note_frappe;simule;;2026-10-08
DFCO_030;vista;simule;;2026-10-08
DFCO_030;centre;simule;;2026-10-08
DFCO_030;precision_coup_franc;simule;;2026-10-08
DFCO_030;passe_courte;simule;;2026-10-08
DFCO_030;passe_longue;simule;;2026-10-08
DFCO_030;effet;simule;;2026-10-08
DFCO_030;note_passe;simule;;2026-10-08
DFCO_030;agilite;simule;;2026-10-08
DFCO_030;equilibre;simule;;2026-10-08
DFCO_030;reactivite;simule;;2026-10-08
DFCO_030;conduite_de_balle;simule;;2026-10-08
DFCO_030;dribble;simule;;2026-10-08
DFCO_030;calme;simule;;2026-10-08
DFCO_030;note_dribble;simule;;2026-10-08
DFCO_030;interception;simule;;2026-10-08
DFCO_030;precision_de_la_tete;simule;;2026-10-08
DFCO_030;lucidite_defensive;simule;;2026-10-08
DFCO_030;tacle_debout;simule;;2026-10-08
DFCO_030;tacle_glisse;simule;;2026-10-08
DFCO_030;note_defense;simule;;2026-10-08
DFCO_030;detente;simule;;2026-10-08
DFCO_030;endurance;simule;;2026-10-08
DFCO_030;force;simule;;2026-10-08
DFCO_030;agressivite;simule;;2026-10-08
DFCO_030;note_physique;simule;;2026-10-08
DFCO_030;gardien_plongeon;non_applicable;;2026-10-08
DFCO_030;gardien_prise_de_balle;non_applicable;;2026-10-08
DFCO_030;gardien_jeu_au_pied;non_applicable;;2026-10-08
DFCO_030;gardien_reflexes;non_applicable;;2026-10-08
DFCO_030;gardien_sorties;non_applicable;;2026-10-08
DFCO_030;gardien_placement;non_applicable;;2026-10-08
DFCO_030;nom_fc27;non_disponible;;2026-10-08
DFCO_030;note_generale_fc27;non_disponible;;2026-10-08
DFCO_030;poste_fc27;non_disponible;;2026-10-08
DFCO_030;groupe_poste_fc27;non_disponible;;2026-10-08
DFCO_030;fc27_url;non_disponible;;2026-10-08
DFCO_030;fc27_id_fiche;non_disponible;;2026-10-08
DFCO_030;fc27_version_carte;non_disponible;;2026-10-08
DFCO_030;playstyles_fc27_observes;simule;;2026-10-08
DFCO_030;gardien_vitesse;non_applicable;;2026-10-08
DFCO_030;statut_import_fc27;metadonnee;;2026-10-08
DFCO_030;provenance_biometrie;metadonnee;;2026-10-08
DFCO_030;provenance_pied_fort;metadonnee;;2026-10-08
DFCO_030;provenance_attributs;metadonnee;;2026-10-08
DFCO_030;provenance_notes_groupes;metadonnee;;2026-10-08
DFCO_030;provenance_scenario;metadonnee;;2026-10-08
PRO_001;joueur_id;metadonnee;;2026-10-08
PRO_001;nom;fc27_futwiz;https://www.futwiz.com/fc27/player/lucas-monzon/20894;2026-10-08
PRO_001;type_joueur;metadonnee;;2026-10-08
PRO_001;club;non_disponible;;2026-10-08
PRO_001;groupe_poste;derive_fc27;https://www.futwiz.com/fc27/player/lucas-monzon/20894;2026-10-08
PRO_001;gardien;fc27_futwiz;https://www.futwiz.com/fc27/player/lucas-monzon/20894;2026-10-08
PRO_001;date_reference;metadonnee;;2026-10-08
PRO_001;date_naissance_simulee;simule;;2026-10-08
PRO_001;age;simule;;2026-10-08
PRO_001;taille_cm;simule;;2026-10-08
PRO_001;poids_kg;simule;;2026-10-08
PRO_001;pied_fort;fc27_futwiz;https://www.futwiz.com/fc27/player/lucas-monzon/20894;2026-10-08
PRO_001;personnalite_tags;simule;;2026-10-08
PRO_001;specialite_tags;simule;;2026-10-08
PRO_001;langues_parlees;simule;;2026-10-08
PRO_001;relation_equipe_score;simule;;2026-10-08
PRO_001;satisfaction_score;simule;;2026-10-08
PRO_001;satisfaction_motif;simule;;2026-10-08
PRO_001;fatigue_score;simule;;2026-10-08
PRO_001;sante_score;simule;;2026-10-08
PRO_001;statut_sante;simule;;2026-10-08
PRO_001;indicateur_sante;simule;;2026-10-08
PRO_001;disponibilite;simule;;2026-10-08
PRO_001;retour_prevu;non_disponible;;2026-10-08
PRO_001;nb_blessures_12_mois;simule;;2026-10-08
PRO_001;affinites_positives_ids;simule;;2026-10-08
PRO_001;affinites_negatives_ids;simule;;2026-10-08
PRO_001;provenance_identite;metadonnee;;2026-10-08
PRO_001;provenance_groupe_poste;metadonnee;;2026-10-08
PRO_001;provenance_autres_champs;metadonnee;;2026-10-08
PRO_001;source_url;metadonnee;;2026-10-08
PRO_001;source_consultee_le;metadonnee;;2026-10-08
PRO_001;relation_equipe_general;simule;;2026-10-08
PRO_001;acceleration;fc27_futwiz;https://www.futwiz.com/fc27/player/lucas-monzon/20894;2026-10-08
PRO_001;vitesse_de_pointe;fc27_futwiz;https://www.futwiz.com/fc27/player/lucas-monzon/20894;2026-10-08
PRO_001;note_vitesse;fc27_futwiz;https://www.futwiz.com/fc27/player/lucas-monzon/20894;2026-10-08
PRO_001;placement_offensif;fc27_futwiz;https://www.futwiz.com/fc27/player/lucas-monzon/20894;2026-10-08
PRO_001;finition;fc27_futwiz;https://www.futwiz.com/fc27/player/lucas-monzon/20894;2026-10-08
PRO_001;puissance_de_tir;fc27_futwiz;https://www.futwiz.com/fc27/player/lucas-monzon/20894;2026-10-08
PRO_001;tir_de_loin;fc27_futwiz;https://www.futwiz.com/fc27/player/lucas-monzon/20894;2026-10-08
PRO_001;volee;fc27_futwiz;https://www.futwiz.com/fc27/player/lucas-monzon/20894;2026-10-08
PRO_001;penalty;fc27_futwiz;https://www.futwiz.com/fc27/player/lucas-monzon/20894;2026-10-08
PRO_001;note_frappe;fc27_futwiz;https://www.futwiz.com/fc27/player/lucas-monzon/20894;2026-10-08
PRO_001;vista;fc27_futwiz;https://www.futwiz.com/fc27/player/lucas-monzon/20894;2026-10-08
PRO_001;centre;fc27_futwiz;https://www.futwiz.com/fc27/player/lucas-monzon/20894;2026-10-08
PRO_001;precision_coup_franc;fc27_futwiz;https://www.futwiz.com/fc27/player/lucas-monzon/20894;2026-10-08
PRO_001;passe_courte;fc27_futwiz;https://www.futwiz.com/fc27/player/lucas-monzon/20894;2026-10-08
PRO_001;passe_longue;fc27_futwiz;https://www.futwiz.com/fc27/player/lucas-monzon/20894;2026-10-08
PRO_001;effet;fc27_futwiz;https://www.futwiz.com/fc27/player/lucas-monzon/20894;2026-10-08
PRO_001;note_passe;fc27_futwiz;https://www.futwiz.com/fc27/player/lucas-monzon/20894;2026-10-08
PRO_001;agilite;fc27_futwiz;https://www.futwiz.com/fc27/player/lucas-monzon/20894;2026-10-08
PRO_001;equilibre;fc27_futwiz;https://www.futwiz.com/fc27/player/lucas-monzon/20894;2026-10-08
PRO_001;reactivite;fc27_futwiz;https://www.futwiz.com/fc27/player/lucas-monzon/20894;2026-10-08
PRO_001;conduite_de_balle;fc27_futwiz;https://www.futwiz.com/fc27/player/lucas-monzon/20894;2026-10-08
PRO_001;dribble;fc27_futwiz;https://www.futwiz.com/fc27/player/lucas-monzon/20894;2026-10-08
PRO_001;calme;fc27_futwiz;https://www.futwiz.com/fc27/player/lucas-monzon/20894;2026-10-08
PRO_001;note_dribble;fc27_futwiz;https://www.futwiz.com/fc27/player/lucas-monzon/20894;2026-10-08
PRO_001;interception;fc27_futwiz;https://www.futwiz.com/fc27/player/lucas-monzon/20894;2026-10-08
PRO_001;precision_de_la_tete;fc27_futwiz;https://www.futwiz.com/fc27/player/lucas-monzon/20894;2026-10-08
PRO_001;lucidite_defensive;fc27_futwiz;https://www.futwiz.com/fc27/player/lucas-monzon/20894;2026-10-08
PRO_001;tacle_debout;fc27_futwiz;https://www.futwiz.com/fc27/player/lucas-monzon/20894;2026-10-08
PRO_001;tacle_glisse;fc27_futwiz;https://www.futwiz.com/fc27/player/lucas-monzon/20894;2026-10-08
PRO_001;note_defense;fc27_futwiz;https://www.futwiz.com/fc27/player/lucas-monzon/20894;2026-10-08
PRO_001;detente;fc27_futwiz;https://www.futwiz.com/fc27/player/lucas-monzon/20894;2026-10-08
PRO_001;endurance;fc27_futwiz;https://www.futwiz.com/fc27/player/lucas-monzon/20894;2026-10-08
PRO_001;force;fc27_futwiz;https://www.futwiz.com/fc27/player/lucas-monzon/20894;2026-10-08
PRO_001;agressivite;fc27_futwiz;https://www.futwiz.com/fc27/player/lucas-monzon/20894;2026-10-08
PRO_001;note_physique;fc27_futwiz;https://www.futwiz.com/fc27/player/lucas-monzon/20894;2026-10-08
PRO_001;gardien_plongeon;non_applicable;;2026-10-08
PRO_001;gardien_prise_de_balle;non_applicable;;2026-10-08
PRO_001;gardien_jeu_au_pied;non_applicable;;2026-10-08
PRO_001;gardien_reflexes;non_applicable;;2026-10-08
PRO_001;gardien_sorties;non_applicable;;2026-10-08
PRO_001;gardien_placement;non_applicable;;2026-10-08
PRO_001;nom_fc27;fc27_futwiz;https://www.futwiz.com/fc27/player/lucas-monzon/20894;2026-10-08
PRO_001;note_generale_fc27;fc27_futwiz;https://www.futwiz.com/fc27/player/lucas-monzon/20894;2026-10-08
PRO_001;poste_fc27;fc27_futwiz;https://www.futwiz.com/fc27/player/lucas-monzon/20894;2026-10-08
PRO_001;groupe_poste_fc27;derive_fc27;https://www.futwiz.com/fc27/player/lucas-monzon/20894;2026-10-08
PRO_001;fc27_url;metadonnee;;2026-10-08
PRO_001;fc27_id_fiche;metadonnee;;2026-10-08
PRO_001;fc27_version_carte;metadonnee;;2026-10-08
PRO_001;playstyles_fc27_observes;fc27_futwiz;https://www.futwiz.com/fc27/player/lucas-monzon/20894;2026-10-08
PRO_001;gardien_vitesse;non_applicable;;2026-10-08
PRO_001;statut_import_fc27;metadonnee;;2026-10-08
PRO_001;provenance_biometrie;metadonnee;;2026-10-08
PRO_001;provenance_pied_fort;metadonnee;;2026-10-08
PRO_001;provenance_attributs;metadonnee;;2026-10-08
PRO_001;provenance_notes_groupes;metadonnee;;2026-10-08
PRO_001;provenance_scenario;metadonnee;;2026-10-08
PRO_002;joueur_id;metadonnee;;2026-10-08
PRO_002;nom;fc27_futwiz;https://www.futwiz.com/fc27/player/cristian-devenish/20893;2026-10-08
PRO_002;type_joueur;metadonnee;;2026-10-08
PRO_002;club;non_disponible;;2026-10-08
PRO_002;groupe_poste;derive_fc27;https://www.futwiz.com/fc27/player/cristian-devenish/20893;2026-10-08
PRO_002;gardien;fc27_futwiz;https://www.futwiz.com/fc27/player/cristian-devenish/20893;2026-10-08
PRO_002;date_reference;metadonnee;;2026-10-08
PRO_002;date_naissance_simulee;simule;;2026-10-08
PRO_002;age;simule;;2026-10-08
PRO_002;taille_cm;simule;;2026-10-08
PRO_002;poids_kg;simule;;2026-10-08
PRO_002;pied_fort;fc27_futwiz;https://www.futwiz.com/fc27/player/cristian-devenish/20893;2026-10-08
PRO_002;personnalite_tags;simule;;2026-10-08
PRO_002;specialite_tags;simule;;2026-10-08
PRO_002;langues_parlees;simule;;2026-10-08
PRO_002;relation_equipe_score;simule;;2026-10-08
PRO_002;satisfaction_score;simule;;2026-10-08
PRO_002;satisfaction_motif;simule;;2026-10-08
PRO_002;fatigue_score;simule;;2026-10-08
PRO_002;sante_score;simule;;2026-10-08
PRO_002;statut_sante;simule;;2026-10-08
PRO_002;indicateur_sante;simule;;2026-10-08
PRO_002;disponibilite;simule;;2026-10-08
PRO_002;retour_prevu;simule;;2026-10-08
PRO_002;nb_blessures_12_mois;simule;;2026-10-08
PRO_002;affinites_positives_ids;simule;;2026-10-08
PRO_002;affinites_negatives_ids;simule;;2026-10-08
PRO_002;provenance_identite;metadonnee;;2026-10-08
PRO_002;provenance_groupe_poste;metadonnee;;2026-10-08
PRO_002;provenance_autres_champs;metadonnee;;2026-10-08
PRO_002;source_url;metadonnee;;2026-10-08
PRO_002;source_consultee_le;metadonnee;;2026-10-08
PRO_002;relation_equipe_general;simule;;2026-10-08
PRO_002;acceleration;fc27_futwiz;https://www.futwiz.com/fc27/player/cristian-devenish/20893;2026-10-08
PRO_002;vitesse_de_pointe;fc27_futwiz;https://www.futwiz.com/fc27/player/cristian-devenish/20893;2026-10-08
PRO_002;note_vitesse;fc27_futwiz;https://www.futwiz.com/fc27/player/cristian-devenish/20893;2026-10-08
PRO_002;placement_offensif;fc27_futwiz;https://www.futwiz.com/fc27/player/cristian-devenish/20893;2026-10-08
PRO_002;finition;fc27_futwiz;https://www.futwiz.com/fc27/player/cristian-devenish/20893;2026-10-08
PRO_002;puissance_de_tir;fc27_futwiz;https://www.futwiz.com/fc27/player/cristian-devenish/20893;2026-10-08
PRO_002;tir_de_loin;fc27_futwiz;https://www.futwiz.com/fc27/player/cristian-devenish/20893;2026-10-08
PRO_002;volee;fc27_futwiz;https://www.futwiz.com/fc27/player/cristian-devenish/20893;2026-10-08
PRO_002;penalty;fc27_futwiz;https://www.futwiz.com/fc27/player/cristian-devenish/20893;2026-10-08
PRO_002;note_frappe;fc27_futwiz;https://www.futwiz.com/fc27/player/cristian-devenish/20893;2026-10-08
PRO_002;vista;fc27_futwiz;https://www.futwiz.com/fc27/player/cristian-devenish/20893;2026-10-08
PRO_002;centre;fc27_futwiz;https://www.futwiz.com/fc27/player/cristian-devenish/20893;2026-10-08
PRO_002;precision_coup_franc;fc27_futwiz;https://www.futwiz.com/fc27/player/cristian-devenish/20893;2026-10-08
PRO_002;passe_courte;fc27_futwiz;https://www.futwiz.com/fc27/player/cristian-devenish/20893;2026-10-08
PRO_002;passe_longue;fc27_futwiz;https://www.futwiz.com/fc27/player/cristian-devenish/20893;2026-10-08
PRO_002;effet;fc27_futwiz;https://www.futwiz.com/fc27/player/cristian-devenish/20893;2026-10-08
PRO_002;note_passe;fc27_futwiz;https://www.futwiz.com/fc27/player/cristian-devenish/20893;2026-10-08
PRO_002;agilite;fc27_futwiz;https://www.futwiz.com/fc27/player/cristian-devenish/20893;2026-10-08
PRO_002;equilibre;fc27_futwiz;https://www.futwiz.com/fc27/player/cristian-devenish/20893;2026-10-08
PRO_002;reactivite;fc27_futwiz;https://www.futwiz.com/fc27/player/cristian-devenish/20893;2026-10-08
PRO_002;conduite_de_balle;fc27_futwiz;https://www.futwiz.com/fc27/player/cristian-devenish/20893;2026-10-08
PRO_002;dribble;fc27_futwiz;https://www.futwiz.com/fc27/player/cristian-devenish/20893;2026-10-08
PRO_002;calme;fc27_futwiz;https://www.futwiz.com/fc27/player/cristian-devenish/20893;2026-10-08
PRO_002;note_dribble;fc27_futwiz;https://www.futwiz.com/fc27/player/cristian-devenish/20893;2026-10-08
PRO_002;interception;fc27_futwiz;https://www.futwiz.com/fc27/player/cristian-devenish/20893;2026-10-08
PRO_002;precision_de_la_tete;fc27_futwiz;https://www.futwiz.com/fc27/player/cristian-devenish/20893;2026-10-08
PRO_002;lucidite_defensive;fc27_futwiz;https://www.futwiz.com/fc27/player/cristian-devenish/20893;2026-10-08
PRO_002;tacle_debout;fc27_futwiz;https://www.futwiz.com/fc27/player/cristian-devenish/20893;2026-10-08
PRO_002;tacle_glisse;fc27_futwiz;https://www.futwiz.com/fc27/player/cristian-devenish/20893;2026-10-08
PRO_002;note_defense;fc27_futwiz;https://www.futwiz.com/fc27/player/cristian-devenish/20893;2026-10-08
PRO_002;detente;fc27_futwiz;https://www.futwiz.com/fc27/player/cristian-devenish/20893;2026-10-08
PRO_002;endurance;fc27_futwiz;https://www.futwiz.com/fc27/player/cristian-devenish/20893;2026-10-08
PRO_002;force;fc27_futwiz;https://www.futwiz.com/fc27/player/cristian-devenish/20893;2026-10-08
PRO_002;agressivite;fc27_futwiz;https://www.futwiz.com/fc27/player/cristian-devenish/20893;2026-10-08
PRO_002;note_physique;fc27_futwiz;https://www.futwiz.com/fc27/player/cristian-devenish/20893;2026-10-08
PRO_002;gardien_plongeon;non_applicable;;2026-10-08
PRO_002;gardien_prise_de_balle;non_applicable;;2026-10-08
PRO_002;gardien_jeu_au_pied;non_applicable;;2026-10-08
PRO_002;gardien_reflexes;non_applicable;;2026-10-08
PRO_002;gardien_sorties;non_applicable;;2026-10-08
PRO_002;gardien_placement;non_applicable;;2026-10-08
PRO_002;nom_fc27;fc27_futwiz;https://www.futwiz.com/fc27/player/cristian-devenish/20893;2026-10-08
PRO_002;note_generale_fc27;fc27_futwiz;https://www.futwiz.com/fc27/player/cristian-devenish/20893;2026-10-08
PRO_002;poste_fc27;fc27_futwiz;https://www.futwiz.com/fc27/player/cristian-devenish/20893;2026-10-08
PRO_002;groupe_poste_fc27;derive_fc27;https://www.futwiz.com/fc27/player/cristian-devenish/20893;2026-10-08
PRO_002;fc27_url;metadonnee;;2026-10-08
PRO_002;fc27_id_fiche;metadonnee;;2026-10-08
PRO_002;fc27_version_carte;metadonnee;;2026-10-08
PRO_002;playstyles_fc27_observes;fc27_futwiz;https://www.futwiz.com/fc27/player/cristian-devenish/20893;2026-10-08
PRO_002;gardien_vitesse;non_applicable;;2026-10-08
PRO_002;statut_import_fc27;metadonnee;;2026-10-08
PRO_002;provenance_biometrie;metadonnee;;2026-10-08
PRO_002;provenance_pied_fort;metadonnee;;2026-10-08
PRO_002;provenance_attributs;metadonnee;;2026-10-08
PRO_002;provenance_notes_groupes;metadonnee;;2026-10-08
PRO_002;provenance_scenario;metadonnee;;2026-10-08
PRO_003;joueur_id;metadonnee;;2026-10-08
PRO_003;nom;fc27_futwiz;https://www.futwiz.com/fc27/player/nicholas-opoku/20892;2026-10-08
PRO_003;type_joueur;metadonnee;;2026-10-08
PRO_003;club;non_disponible;;2026-10-08
PRO_003;groupe_poste;derive_fc27;https://www.futwiz.com/fc27/player/nicholas-opoku/20892;2026-10-08
PRO_003;gardien;fc27_futwiz;https://www.futwiz.com/fc27/player/nicholas-opoku/20892;2026-10-08
PRO_003;date_reference;metadonnee;;2026-10-08
PRO_003;date_naissance_simulee;simule;;2026-10-08
PRO_003;age;simule;;2026-10-08
PRO_003;taille_cm;simule;;2026-10-08
PRO_003;poids_kg;simule;;2026-10-08
PRO_003;pied_fort;fc27_futwiz;https://www.futwiz.com/fc27/player/nicholas-opoku/20892;2026-10-08
PRO_003;personnalite_tags;simule;;2026-10-08
PRO_003;specialite_tags;simule;;2026-10-08
PRO_003;langues_parlees;simule;;2026-10-08
PRO_003;relation_equipe_score;simule;;2026-10-08
PRO_003;satisfaction_score;simule;;2026-10-08
PRO_003;satisfaction_motif;simule;;2026-10-08
PRO_003;fatigue_score;simule;;2026-10-08
PRO_003;sante_score;simule;;2026-10-08
PRO_003;statut_sante;simule;;2026-10-08
PRO_003;indicateur_sante;simule;;2026-10-08
PRO_003;disponibilite;simule;;2026-10-08
PRO_003;retour_prevu;non_disponible;;2026-10-08
PRO_003;nb_blessures_12_mois;simule;;2026-10-08
PRO_003;affinites_positives_ids;simule;;2026-10-08
PRO_003;affinites_negatives_ids;simule;;2026-10-08
PRO_003;provenance_identite;metadonnee;;2026-10-08
PRO_003;provenance_groupe_poste;metadonnee;;2026-10-08
PRO_003;provenance_autres_champs;metadonnee;;2026-10-08
PRO_003;source_url;metadonnee;;2026-10-08
PRO_003;source_consultee_le;metadonnee;;2026-10-08
PRO_003;relation_equipe_general;simule;;2026-10-08
PRO_003;acceleration;fc27_futwiz;https://www.futwiz.com/fc27/player/nicholas-opoku/20892;2026-10-08
PRO_003;vitesse_de_pointe;fc27_futwiz;https://www.futwiz.com/fc27/player/nicholas-opoku/20892;2026-10-08
PRO_003;note_vitesse;fc27_futwiz;https://www.futwiz.com/fc27/player/nicholas-opoku/20892;2026-10-08
PRO_003;placement_offensif;fc27_futwiz;https://www.futwiz.com/fc27/player/nicholas-opoku/20892;2026-10-08
PRO_003;finition;fc27_futwiz;https://www.futwiz.com/fc27/player/nicholas-opoku/20892;2026-10-08
PRO_003;puissance_de_tir;fc27_futwiz;https://www.futwiz.com/fc27/player/nicholas-opoku/20892;2026-10-08
PRO_003;tir_de_loin;fc27_futwiz;https://www.futwiz.com/fc27/player/nicholas-opoku/20892;2026-10-08
PRO_003;volee;fc27_futwiz;https://www.futwiz.com/fc27/player/nicholas-opoku/20892;2026-10-08
PRO_003;penalty;fc27_futwiz;https://www.futwiz.com/fc27/player/nicholas-opoku/20892;2026-10-08
PRO_003;note_frappe;fc27_futwiz;https://www.futwiz.com/fc27/player/nicholas-opoku/20892;2026-10-08
PRO_003;vista;fc27_futwiz;https://www.futwiz.com/fc27/player/nicholas-opoku/20892;2026-10-08
PRO_003;centre;fc27_futwiz;https://www.futwiz.com/fc27/player/nicholas-opoku/20892;2026-10-08
PRO_003;precision_coup_franc;fc27_futwiz;https://www.futwiz.com/fc27/player/nicholas-opoku/20892;2026-10-08
PRO_003;passe_courte;fc27_futwiz;https://www.futwiz.com/fc27/player/nicholas-opoku/20892;2026-10-08
PRO_003;passe_longue;fc27_futwiz;https://www.futwiz.com/fc27/player/nicholas-opoku/20892;2026-10-08
PRO_003;effet;fc27_futwiz;https://www.futwiz.com/fc27/player/nicholas-opoku/20892;2026-10-08
PRO_003;note_passe;fc27_futwiz;https://www.futwiz.com/fc27/player/nicholas-opoku/20892;2026-10-08
PRO_003;agilite;fc27_futwiz;https://www.futwiz.com/fc27/player/nicholas-opoku/20892;2026-10-08
PRO_003;equilibre;fc27_futwiz;https://www.futwiz.com/fc27/player/nicholas-opoku/20892;2026-10-08
PRO_003;reactivite;fc27_futwiz;https://www.futwiz.com/fc27/player/nicholas-opoku/20892;2026-10-08
PRO_003;conduite_de_balle;fc27_futwiz;https://www.futwiz.com/fc27/player/nicholas-opoku/20892;2026-10-08
PRO_003;dribble;fc27_futwiz;https://www.futwiz.com/fc27/player/nicholas-opoku/20892;2026-10-08
PRO_003;calme;fc27_futwiz;https://www.futwiz.com/fc27/player/nicholas-opoku/20892;2026-10-08
PRO_003;note_dribble;fc27_futwiz;https://www.futwiz.com/fc27/player/nicholas-opoku/20892;2026-10-08
PRO_003;interception;fc27_futwiz;https://www.futwiz.com/fc27/player/nicholas-opoku/20892;2026-10-08
PRO_003;precision_de_la_tete;fc27_futwiz;https://www.futwiz.com/fc27/player/nicholas-opoku/20892;2026-10-08
PRO_003;lucidite_defensive;fc27_futwiz;https://www.futwiz.com/fc27/player/nicholas-opoku/20892;2026-10-08
PRO_003;tacle_debout;fc27_futwiz;https://www.futwiz.com/fc27/player/nicholas-opoku/20892;2026-10-08
PRO_003;tacle_glisse;fc27_futwiz;https://www.futwiz.com/fc27/player/nicholas-opoku/20892;2026-10-08
PRO_003;note_defense;fc27_futwiz;https://www.futwiz.com/fc27/player/nicholas-opoku/20892;2026-10-08
PRO_003;detente;fc27_futwiz;https://www.futwiz.com/fc27/player/nicholas-opoku/20892;2026-10-08
PRO_003;endurance;fc27_futwiz;https://www.futwiz.com/fc27/player/nicholas-opoku/20892;2026-10-08
PRO_003;force;fc27_futwiz;https://www.futwiz.com/fc27/player/nicholas-opoku/20892;2026-10-08
PRO_003;agressivite;fc27_futwiz;https://www.futwiz.com/fc27/player/nicholas-opoku/20892;2026-10-08
PRO_003;note_physique;fc27_futwiz;https://www.futwiz.com/fc27/player/nicholas-opoku/20892;2026-10-08
PRO_003;gardien_plongeon;non_applicable;;2026-10-08
PRO_003;gardien_prise_de_balle;non_applicable;;2026-10-08
PRO_003;gardien_jeu_au_pied;non_applicable;;2026-10-08
PRO_003;gardien_reflexes;non_applicable;;2026-10-08
PRO_003;gardien_sorties;non_applicable;;2026-10-08
PRO_003;gardien_placement;non_applicable;;2026-10-08
PRO_003;nom_fc27;fc27_futwiz;https://www.futwiz.com/fc27/player/nicholas-opoku/20892;2026-10-08
PRO_003;note_generale_fc27;fc27_futwiz;https://www.futwiz.com/fc27/player/nicholas-opoku/20892;2026-10-08
PRO_003;poste_fc27;fc27_futwiz;https://www.futwiz.com/fc27/player/nicholas-opoku/20892;2026-10-08
PRO_003;groupe_poste_fc27;derive_fc27;https://www.futwiz.com/fc27/player/nicholas-opoku/20892;2026-10-08
PRO_003;fc27_url;metadonnee;;2026-10-08
PRO_003;fc27_id_fiche;metadonnee;;2026-10-08
PRO_003;fc27_version_carte;metadonnee;;2026-10-08
PRO_003;playstyles_fc27_observes;fc27_futwiz;https://www.futwiz.com/fc27/player/nicholas-opoku/20892;2026-10-08
PRO_003;gardien_vitesse;non_applicable;;2026-10-08
PRO_003;statut_import_fc27;metadonnee;;2026-10-08
PRO_003;provenance_biometrie;metadonnee;;2026-10-08
PRO_003;provenance_pied_fort;metadonnee;;2026-10-08
PRO_003;provenance_attributs;metadonnee;;2026-10-08
PRO_003;provenance_notes_groupes;metadonnee;;2026-10-08
PRO_003;provenance_scenario;metadonnee;;2026-10-08
PRO_004;joueur_id;metadonnee;;2026-10-08
PRO_004;nom;fc27_futwiz;https://www.futwiz.com/fc27/player/ian-poveda/20891;2026-10-08
PRO_004;type_joueur;metadonnee;;2026-10-08
PRO_004;club;non_disponible;;2026-10-08
PRO_004;groupe_poste;derive_fc27;https://www.futwiz.com/fc27/player/ian-poveda/20891;2026-10-08
PRO_004;gardien;fc27_futwiz;https://www.futwiz.com/fc27/player/ian-poveda/20891;2026-10-08
PRO_004;date_reference;metadonnee;;2026-10-08
PRO_004;date_naissance_simulee;simule;;2026-10-08
PRO_004;age;simule;;2026-10-08
PRO_004;taille_cm;simule;;2026-10-08
PRO_004;poids_kg;simule;;2026-10-08
PRO_004;pied_fort;fc27_futwiz;https://www.futwiz.com/fc27/player/ian-poveda/20891;2026-10-08
PRO_004;personnalite_tags;simule;;2026-10-08
PRO_004;specialite_tags;simule;;2026-10-08
PRO_004;langues_parlees;simule;;2026-10-08
PRO_004;relation_equipe_score;simule;;2026-10-08
PRO_004;satisfaction_score;simule;;2026-10-08
PRO_004;satisfaction_motif;simule;;2026-10-08
PRO_004;fatigue_score;simule;;2026-10-08
PRO_004;sante_score;simule;;2026-10-08
PRO_004;statut_sante;simule;;2026-10-08
PRO_004;indicateur_sante;simule;;2026-10-08
PRO_004;disponibilite;simule;;2026-10-08
PRO_004;retour_prevu;simule;;2026-10-08
PRO_004;nb_blessures_12_mois;simule;;2026-10-08
PRO_004;affinites_positives_ids;simule;;2026-10-08
PRO_004;affinites_negatives_ids;simule;;2026-10-08
PRO_004;provenance_identite;metadonnee;;2026-10-08
PRO_004;provenance_groupe_poste;metadonnee;;2026-10-08
PRO_004;provenance_autres_champs;metadonnee;;2026-10-08
PRO_004;source_url;metadonnee;;2026-10-08
PRO_004;source_consultee_le;metadonnee;;2026-10-08
PRO_004;relation_equipe_general;simule;;2026-10-08
PRO_004;acceleration;fc27_futwiz;https://www.futwiz.com/fc27/player/ian-poveda/20891;2026-10-08
PRO_004;vitesse_de_pointe;fc27_futwiz;https://www.futwiz.com/fc27/player/ian-poveda/20891;2026-10-08
PRO_004;note_vitesse;fc27_futwiz;https://www.futwiz.com/fc27/player/ian-poveda/20891;2026-10-08
PRO_004;placement_offensif;fc27_futwiz;https://www.futwiz.com/fc27/player/ian-poveda/20891;2026-10-08
PRO_004;finition;fc27_futwiz;https://www.futwiz.com/fc27/player/ian-poveda/20891;2026-10-08
PRO_004;puissance_de_tir;fc27_futwiz;https://www.futwiz.com/fc27/player/ian-poveda/20891;2026-10-08
PRO_004;tir_de_loin;fc27_futwiz;https://www.futwiz.com/fc27/player/ian-poveda/20891;2026-10-08
PRO_004;volee;fc27_futwiz;https://www.futwiz.com/fc27/player/ian-poveda/20891;2026-10-08
PRO_004;penalty;fc27_futwiz;https://www.futwiz.com/fc27/player/ian-poveda/20891;2026-10-08
PRO_004;note_frappe;fc27_futwiz;https://www.futwiz.com/fc27/player/ian-poveda/20891;2026-10-08
PRO_004;vista;fc27_futwiz;https://www.futwiz.com/fc27/player/ian-poveda/20891;2026-10-08
PRO_004;centre;fc27_futwiz;https://www.futwiz.com/fc27/player/ian-poveda/20891;2026-10-08
PRO_004;precision_coup_franc;fc27_futwiz;https://www.futwiz.com/fc27/player/ian-poveda/20891;2026-10-08
PRO_004;passe_courte;fc27_futwiz;https://www.futwiz.com/fc27/player/ian-poveda/20891;2026-10-08
PRO_004;passe_longue;fc27_futwiz;https://www.futwiz.com/fc27/player/ian-poveda/20891;2026-10-08
PRO_004;effet;fc27_futwiz;https://www.futwiz.com/fc27/player/ian-poveda/20891;2026-10-08
PRO_004;note_passe;fc27_futwiz;https://www.futwiz.com/fc27/player/ian-poveda/20891;2026-10-08
PRO_004;agilite;fc27_futwiz;https://www.futwiz.com/fc27/player/ian-poveda/20891;2026-10-08
PRO_004;equilibre;fc27_futwiz;https://www.futwiz.com/fc27/player/ian-poveda/20891;2026-10-08
PRO_004;reactivite;fc27_futwiz;https://www.futwiz.com/fc27/player/ian-poveda/20891;2026-10-08
PRO_004;conduite_de_balle;fc27_futwiz;https://www.futwiz.com/fc27/player/ian-poveda/20891;2026-10-08
PRO_004;dribble;fc27_futwiz;https://www.futwiz.com/fc27/player/ian-poveda/20891;2026-10-08
PRO_004;calme;fc27_futwiz;https://www.futwiz.com/fc27/player/ian-poveda/20891;2026-10-08
PRO_004;note_dribble;fc27_futwiz;https://www.futwiz.com/fc27/player/ian-poveda/20891;2026-10-08
PRO_004;interception;fc27_futwiz;https://www.futwiz.com/fc27/player/ian-poveda/20891;2026-10-08
PRO_004;precision_de_la_tete;fc27_futwiz;https://www.futwiz.com/fc27/player/ian-poveda/20891;2026-10-08
PRO_004;lucidite_defensive;fc27_futwiz;https://www.futwiz.com/fc27/player/ian-poveda/20891;2026-10-08
PRO_004;tacle_debout;fc27_futwiz;https://www.futwiz.com/fc27/player/ian-poveda/20891;2026-10-08
PRO_004;tacle_glisse;fc27_futwiz;https://www.futwiz.com/fc27/player/ian-poveda/20891;2026-10-08
PRO_004;note_defense;fc27_futwiz;https://www.futwiz.com/fc27/player/ian-poveda/20891;2026-10-08
PRO_004;detente;fc27_futwiz;https://www.futwiz.com/fc27/player/ian-poveda/20891;2026-10-08
PRO_004;endurance;fc27_futwiz;https://www.futwiz.com/fc27/player/ian-poveda/20891;2026-10-08
PRO_004;force;fc27_futwiz;https://www.futwiz.com/fc27/player/ian-poveda/20891;2026-10-08
PRO_004;agressivite;fc27_futwiz;https://www.futwiz.com/fc27/player/ian-poveda/20891;2026-10-08
PRO_004;note_physique;fc27_futwiz;https://www.futwiz.com/fc27/player/ian-poveda/20891;2026-10-08
PRO_004;gardien_plongeon;non_applicable;;2026-10-08
PRO_004;gardien_prise_de_balle;non_applicable;;2026-10-08
PRO_004;gardien_jeu_au_pied;non_applicable;;2026-10-08
PRO_004;gardien_reflexes;non_applicable;;2026-10-08
PRO_004;gardien_sorties;non_applicable;;2026-10-08
PRO_004;gardien_placement;non_applicable;;2026-10-08
PRO_004;nom_fc27;fc27_futwiz;https://www.futwiz.com/fc27/player/ian-poveda/20891;2026-10-08
PRO_004;note_generale_fc27;fc27_futwiz;https://www.futwiz.com/fc27/player/ian-poveda/20891;2026-10-08
PRO_004;poste_fc27;fc27_futwiz;https://www.futwiz.com/fc27/player/ian-poveda/20891;2026-10-08
PRO_004;groupe_poste_fc27;derive_fc27;https://www.futwiz.com/fc27/player/ian-poveda/20891;2026-10-08
PRO_004;fc27_url;metadonnee;;2026-10-08
PRO_004;fc27_id_fiche;metadonnee;;2026-10-08
PRO_004;fc27_version_carte;metadonnee;;2026-10-08
PRO_004;playstyles_fc27_observes;fc27_futwiz;https://www.futwiz.com/fc27/player/ian-poveda/20891;2026-10-08
PRO_004;gardien_vitesse;non_applicable;;2026-10-08
PRO_004;statut_import_fc27;metadonnee;;2026-10-08
PRO_004;provenance_biometrie;metadonnee;;2026-10-08
PRO_004;provenance_pied_fort;metadonnee;;2026-10-08
PRO_004;provenance_attributs;metadonnee;;2026-10-08
PRO_004;provenance_notes_groupes;metadonnee;;2026-10-08
PRO_004;provenance_scenario;metadonnee;;2026-10-08
PRO_005;joueur_id;metadonnee;;2026-10-08
PRO_005;nom;fc27_futwiz;https://www.futwiz.com/fc27/player/serdar-dursun/20890;2026-10-08
PRO_005;type_joueur;metadonnee;;2026-10-08
PRO_005;club;non_disponible;;2026-10-08
PRO_005;groupe_poste;derive_fc27;https://www.futwiz.com/fc27/player/serdar-dursun/20890;2026-10-08
PRO_005;gardien;fc27_futwiz;https://www.futwiz.com/fc27/player/serdar-dursun/20890;2026-10-08
PRO_005;date_reference;metadonnee;;2026-10-08
PRO_005;date_naissance_simulee;simule;;2026-10-08
PRO_005;age;simule;;2026-10-08
PRO_005;taille_cm;simule;;2026-10-08
PRO_005;poids_kg;simule;;2026-10-08
PRO_005;pied_fort;fc27_futwiz;https://www.futwiz.com/fc27/player/serdar-dursun/20890;2026-10-08
PRO_005;personnalite_tags;simule;;2026-10-08
PRO_005;specialite_tags;simule;;2026-10-08
PRO_005;langues_parlees;simule;;2026-10-08
PRO_005;relation_equipe_score;simule;;2026-10-08
PRO_005;satisfaction_score;simule;;2026-10-08
PRO_005;satisfaction_motif;simule;;2026-10-08
PRO_005;fatigue_score;simule;;2026-10-08
PRO_005;sante_score;simule;;2026-10-08
PRO_005;statut_sante;simule;;2026-10-08
PRO_005;indicateur_sante;simule;;2026-10-08
PRO_005;disponibilite;simule;;2026-10-08
PRO_005;retour_prevu;simule;;2026-10-08
PRO_005;nb_blessures_12_mois;simule;;2026-10-08
PRO_005;affinites_positives_ids;simule;;2026-10-08
PRO_005;affinites_negatives_ids;simule;;2026-10-08
PRO_005;provenance_identite;metadonnee;;2026-10-08
PRO_005;provenance_groupe_poste;metadonnee;;2026-10-08
PRO_005;provenance_autres_champs;metadonnee;;2026-10-08
PRO_005;source_url;metadonnee;;2026-10-08
PRO_005;source_consultee_le;metadonnee;;2026-10-08
PRO_005;relation_equipe_general;simule;;2026-10-08
PRO_005;acceleration;fc27_futwiz;https://www.futwiz.com/fc27/player/serdar-dursun/20890;2026-10-08
PRO_005;vitesse_de_pointe;fc27_futwiz;https://www.futwiz.com/fc27/player/serdar-dursun/20890;2026-10-08
PRO_005;note_vitesse;fc27_futwiz;https://www.futwiz.com/fc27/player/serdar-dursun/20890;2026-10-08
PRO_005;placement_offensif;fc27_futwiz;https://www.futwiz.com/fc27/player/serdar-dursun/20890;2026-10-08
PRO_005;finition;fc27_futwiz;https://www.futwiz.com/fc27/player/serdar-dursun/20890;2026-10-08
PRO_005;puissance_de_tir;fc27_futwiz;https://www.futwiz.com/fc27/player/serdar-dursun/20890;2026-10-08
PRO_005;tir_de_loin;fc27_futwiz;https://www.futwiz.com/fc27/player/serdar-dursun/20890;2026-10-08
PRO_005;volee;fc27_futwiz;https://www.futwiz.com/fc27/player/serdar-dursun/20890;2026-10-08
PRO_005;penalty;fc27_futwiz;https://www.futwiz.com/fc27/player/serdar-dursun/20890;2026-10-08
PRO_005;note_frappe;fc27_futwiz;https://www.futwiz.com/fc27/player/serdar-dursun/20890;2026-10-08
PRO_005;vista;fc27_futwiz;https://www.futwiz.com/fc27/player/serdar-dursun/20890;2026-10-08
PRO_005;centre;fc27_futwiz;https://www.futwiz.com/fc27/player/serdar-dursun/20890;2026-10-08
PRO_005;precision_coup_franc;fc27_futwiz;https://www.futwiz.com/fc27/player/serdar-dursun/20890;2026-10-08
PRO_005;passe_courte;fc27_futwiz;https://www.futwiz.com/fc27/player/serdar-dursun/20890;2026-10-08
PRO_005;passe_longue;fc27_futwiz;https://www.futwiz.com/fc27/player/serdar-dursun/20890;2026-10-08
PRO_005;effet;fc27_futwiz;https://www.futwiz.com/fc27/player/serdar-dursun/20890;2026-10-08
PRO_005;note_passe;fc27_futwiz;https://www.futwiz.com/fc27/player/serdar-dursun/20890;2026-10-08
PRO_005;agilite;fc27_futwiz;https://www.futwiz.com/fc27/player/serdar-dursun/20890;2026-10-08
PRO_005;equilibre;fc27_futwiz;https://www.futwiz.com/fc27/player/serdar-dursun/20890;2026-10-08
PRO_005;reactivite;fc27_futwiz;https://www.futwiz.com/fc27/player/serdar-dursun/20890;2026-10-08
PRO_005;conduite_de_balle;fc27_futwiz;https://www.futwiz.com/fc27/player/serdar-dursun/20890;2026-10-08
PRO_005;dribble;fc27_futwiz;https://www.futwiz.com/fc27/player/serdar-dursun/20890;2026-10-08
PRO_005;calme;fc27_futwiz;https://www.futwiz.com/fc27/player/serdar-dursun/20890;2026-10-08
PRO_005;note_dribble;fc27_futwiz;https://www.futwiz.com/fc27/player/serdar-dursun/20890;2026-10-08
PRO_005;interception;fc27_futwiz;https://www.futwiz.com/fc27/player/serdar-dursun/20890;2026-10-08
PRO_005;precision_de_la_tete;fc27_futwiz;https://www.futwiz.com/fc27/player/serdar-dursun/20890;2026-10-08
PRO_005;lucidite_defensive;fc27_futwiz;https://www.futwiz.com/fc27/player/serdar-dursun/20890;2026-10-08
PRO_005;tacle_debout;fc27_futwiz;https://www.futwiz.com/fc27/player/serdar-dursun/20890;2026-10-08
PRO_005;tacle_glisse;fc27_futwiz;https://www.futwiz.com/fc27/player/serdar-dursun/20890;2026-10-08
PRO_005;note_defense;fc27_futwiz;https://www.futwiz.com/fc27/player/serdar-dursun/20890;2026-10-08
PRO_005;detente;fc27_futwiz;https://www.futwiz.com/fc27/player/serdar-dursun/20890;2026-10-08
PRO_005;endurance;fc27_futwiz;https://www.futwiz.com/fc27/player/serdar-dursun/20890;2026-10-08
PRO_005;force;fc27_futwiz;https://www.futwiz.com/fc27/player/serdar-dursun/20890;2026-10-08
PRO_005;agressivite;fc27_futwiz;https://www.futwiz.com/fc27/player/serdar-dursun/20890;2026-10-08
PRO_005;note_physique;fc27_futwiz;https://www.futwiz.com/fc27/player/serdar-dursun/20890;2026-10-08
PRO_005;gardien_plongeon;non_applicable;;2026-10-08
PRO_005;gardien_prise_de_balle;non_applicable;;2026-10-08
PRO_005;gardien_jeu_au_pied;non_applicable;;2026-10-08
PRO_005;gardien_reflexes;non_applicable;;2026-10-08
PRO_005;gardien_sorties;non_applicable;;2026-10-08
PRO_005;gardien_placement;non_applicable;;2026-10-08
PRO_005;nom_fc27;fc27_futwiz;https://www.futwiz.com/fc27/player/serdar-dursun/20890;2026-10-08
PRO_005;note_generale_fc27;fc27_futwiz;https://www.futwiz.com/fc27/player/serdar-dursun/20890;2026-10-08
PRO_005;poste_fc27;fc27_futwiz;https://www.futwiz.com/fc27/player/serdar-dursun/20890;2026-10-08
PRO_005;groupe_poste_fc27;derive_fc27;https://www.futwiz.com/fc27/player/serdar-dursun/20890;2026-10-08
PRO_005;fc27_url;metadonnee;;2026-10-08
PRO_005;fc27_id_fiche;metadonnee;;2026-10-08
PRO_005;fc27_version_carte;metadonnee;;2026-10-08
PRO_005;playstyles_fc27_observes;fc27_futwiz;https://www.futwiz.com/fc27/player/serdar-dursun/20890;2026-10-08
PRO_005;gardien_vitesse;non_applicable;;2026-10-08
PRO_005;statut_import_fc27;metadonnee;;2026-10-08
PRO_005;provenance_biometrie;metadonnee;;2026-10-08
PRO_005;provenance_pied_fort;metadonnee;;2026-10-08
PRO_005;provenance_attributs;metadonnee;;2026-10-08
PRO_005;provenance_notes_groupes;metadonnee;;2026-10-08
PRO_005;provenance_scenario;metadonnee;;2026-10-08
PRO_006;joueur_id;metadonnee;;2026-10-08
PRO_006;nom;fc27_futwiz;https://www.futwiz.com/fc27/player/paulinho-boia/20889;2026-10-08
PRO_006;type_joueur;metadonnee;;2026-10-08
PRO_006;club;non_disponible;;2026-10-08
PRO_006;groupe_poste;derive_fc27;https://www.futwiz.com/fc27/player/paulinho-boia/20889;2026-10-08
PRO_006;gardien;fc27_futwiz;https://www.futwiz.com/fc27/player/paulinho-boia/20889;2026-10-08
PRO_006;date_reference;metadonnee;;2026-10-08
PRO_006;date_naissance_simulee;simule;;2026-10-08
PRO_006;age;simule;;2026-10-08
PRO_006;taille_cm;simule;;2026-10-08
PRO_006;poids_kg;simule;;2026-10-08
PRO_006;pied_fort;fc27_futwiz;https://www.futwiz.com/fc27/player/paulinho-boia/20889;2026-10-08
PRO_006;personnalite_tags;simule;;2026-10-08
PRO_006;specialite_tags;simule;;2026-10-08
PRO_006;langues_parlees;simule;;2026-10-08
PRO_006;relation_equipe_score;simule;;2026-10-08
PRO_006;satisfaction_score;simule;;2026-10-08
PRO_006;satisfaction_motif;simule;;2026-10-08
PRO_006;fatigue_score;simule;;2026-10-08
PRO_006;sante_score;simule;;2026-10-08
PRO_006;statut_sante;simule;;2026-10-08
PRO_006;indicateur_sante;simule;;2026-10-08
PRO_006;disponibilite;simule;;2026-10-08
PRO_006;retour_prevu;simule;;2026-10-08
PRO_006;nb_blessures_12_mois;simule;;2026-10-08
PRO_006;affinites_positives_ids;simule;;2026-10-08
PRO_006;affinites_negatives_ids;simule;;2026-10-08
PRO_006;provenance_identite;metadonnee;;2026-10-08
PRO_006;provenance_groupe_poste;metadonnee;;2026-10-08
PRO_006;provenance_autres_champs;metadonnee;;2026-10-08
PRO_006;source_url;metadonnee;;2026-10-08
PRO_006;source_consultee_le;metadonnee;;2026-10-08
PRO_006;relation_equipe_general;simule;;2026-10-08
PRO_006;acceleration;fc27_futwiz;https://www.futwiz.com/fc27/player/paulinho-boia/20889;2026-10-08
PRO_006;vitesse_de_pointe;fc27_futwiz;https://www.futwiz.com/fc27/player/paulinho-boia/20889;2026-10-08
PRO_006;note_vitesse;fc27_futwiz;https://www.futwiz.com/fc27/player/paulinho-boia/20889;2026-10-08
PRO_006;placement_offensif;fc27_futwiz;https://www.futwiz.com/fc27/player/paulinho-boia/20889;2026-10-08
PRO_006;finition;fc27_futwiz;https://www.futwiz.com/fc27/player/paulinho-boia/20889;2026-10-08
PRO_006;puissance_de_tir;fc27_futwiz;https://www.futwiz.com/fc27/player/paulinho-boia/20889;2026-10-08
PRO_006;tir_de_loin;fc27_futwiz;https://www.futwiz.com/fc27/player/paulinho-boia/20889;2026-10-08
PRO_006;volee;fc27_futwiz;https://www.futwiz.com/fc27/player/paulinho-boia/20889;2026-10-08
PRO_006;penalty;fc27_futwiz;https://www.futwiz.com/fc27/player/paulinho-boia/20889;2026-10-08
PRO_006;note_frappe;fc27_futwiz;https://www.futwiz.com/fc27/player/paulinho-boia/20889;2026-10-08
PRO_006;vista;fc27_futwiz;https://www.futwiz.com/fc27/player/paulinho-boia/20889;2026-10-08
PRO_006;centre;fc27_futwiz;https://www.futwiz.com/fc27/player/paulinho-boia/20889;2026-10-08
PRO_006;precision_coup_franc;fc27_futwiz;https://www.futwiz.com/fc27/player/paulinho-boia/20889;2026-10-08
PRO_006;passe_courte;fc27_futwiz;https://www.futwiz.com/fc27/player/paulinho-boia/20889;2026-10-08
PRO_006;passe_longue;fc27_futwiz;https://www.futwiz.com/fc27/player/paulinho-boia/20889;2026-10-08
PRO_006;effet;fc27_futwiz;https://www.futwiz.com/fc27/player/paulinho-boia/20889;2026-10-08
PRO_006;note_passe;fc27_futwiz;https://www.futwiz.com/fc27/player/paulinho-boia/20889;2026-10-08
PRO_006;agilite;fc27_futwiz;https://www.futwiz.com/fc27/player/paulinho-boia/20889;2026-10-08
PRO_006;equilibre;fc27_futwiz;https://www.futwiz.com/fc27/player/paulinho-boia/20889;2026-10-08
PRO_006;reactivite;fc27_futwiz;https://www.futwiz.com/fc27/player/paulinho-boia/20889;2026-10-08
PRO_006;conduite_de_balle;fc27_futwiz;https://www.futwiz.com/fc27/player/paulinho-boia/20889;2026-10-08
PRO_006;dribble;fc27_futwiz;https://www.futwiz.com/fc27/player/paulinho-boia/20889;2026-10-08
PRO_006;calme;fc27_futwiz;https://www.futwiz.com/fc27/player/paulinho-boia/20889;2026-10-08
PRO_006;note_dribble;fc27_futwiz;https://www.futwiz.com/fc27/player/paulinho-boia/20889;2026-10-08
PRO_006;interception;fc27_futwiz;https://www.futwiz.com/fc27/player/paulinho-boia/20889;2026-10-08
PRO_006;precision_de_la_tete;fc27_futwiz;https://www.futwiz.com/fc27/player/paulinho-boia/20889;2026-10-08
PRO_006;lucidite_defensive;fc27_futwiz;https://www.futwiz.com/fc27/player/paulinho-boia/20889;2026-10-08
PRO_006;tacle_debout;fc27_futwiz;https://www.futwiz.com/fc27/player/paulinho-boia/20889;2026-10-08
PRO_006;tacle_glisse;fc27_futwiz;https://www.futwiz.com/fc27/player/paulinho-boia/20889;2026-10-08
PRO_006;note_defense;fc27_futwiz;https://www.futwiz.com/fc27/player/paulinho-boia/20889;2026-10-08
PRO_006;detente;fc27_futwiz;https://www.futwiz.com/fc27/player/paulinho-boia/20889;2026-10-08
PRO_006;endurance;fc27_futwiz;https://www.futwiz.com/fc27/player/paulinho-boia/20889;2026-10-08
PRO_006;force;fc27_futwiz;https://www.futwiz.com/fc27/player/paulinho-boia/20889;2026-10-08
PRO_006;agressivite;fc27_futwiz;https://www.futwiz.com/fc27/player/paulinho-boia/20889;2026-10-08
PRO_006;note_physique;fc27_futwiz;https://www.futwiz.com/fc27/player/paulinho-boia/20889;2026-10-08
PRO_006;gardien_plongeon;non_applicable;;2026-10-08
PRO_006;gardien_prise_de_balle;non_applicable;;2026-10-08
PRO_006;gardien_jeu_au_pied;non_applicable;;2026-10-08
PRO_006;gardien_reflexes;non_applicable;;2026-10-08
PRO_006;gardien_sorties;non_applicable;;2026-10-08
PRO_006;gardien_placement;non_applicable;;2026-10-08
PRO_006;nom_fc27;fc27_futwiz;https://www.futwiz.com/fc27/player/paulinho-boia/20889;2026-10-08
PRO_006;note_generale_fc27;fc27_futwiz;https://www.futwiz.com/fc27/player/paulinho-boia/20889;2026-10-08
PRO_006;poste_fc27;fc27_futwiz;https://www.futwiz.com/fc27/player/paulinho-boia/20889;2026-10-08
PRO_006;groupe_poste_fc27;derive_fc27;https://www.futwiz.com/fc27/player/paulinho-boia/20889;2026-10-08
PRO_006;fc27_url;metadonnee;;2026-10-08
PRO_006;fc27_id_fiche;metadonnee;;2026-10-08
PRO_006;fc27_version_carte;metadonnee;;2026-10-08
PRO_006;playstyles_fc27_observes;fc27_futwiz;https://www.futwiz.com/fc27/player/paulinho-boia/20889;2026-10-08
PRO_006;gardien_vitesse;non_applicable;;2026-10-08
PRO_006;statut_import_fc27;metadonnee;;2026-10-08
PRO_006;provenance_biometrie;metadonnee;;2026-10-08
PRO_006;provenance_pied_fort;metadonnee;;2026-10-08
PRO_006;provenance_attributs;metadonnee;;2026-10-08
PRO_006;provenance_notes_groupes;metadonnee;;2026-10-08
PRO_006;provenance_scenario;metadonnee;;2026-10-08
PRO_007;joueur_id;metadonnee;;2026-10-08
PRO_007;nom;fc27_futwiz;https://www.futwiz.com/fc27/player/ishe-samuels-smith/20888;2026-10-08
PRO_007;type_joueur;metadonnee;;2026-10-08
PRO_007;club;non_disponible;;2026-10-08
PRO_007;groupe_poste;derive_fc27;https://www.futwiz.com/fc27/player/ishe-samuels-smith/20888;2026-10-08
PRO_007;gardien;fc27_futwiz;https://www.futwiz.com/fc27/player/ishe-samuels-smith/20888;2026-10-08
PRO_007;date_reference;metadonnee;;2026-10-08
PRO_007;date_naissance_simulee;simule;;2026-10-08
PRO_007;age;simule;;2026-10-08
PRO_007;taille_cm;simule;;2026-10-08
PRO_007;poids_kg;simule;;2026-10-08
PRO_007;pied_fort;fc27_futwiz;https://www.futwiz.com/fc27/player/ishe-samuels-smith/20888;2026-10-08
PRO_007;personnalite_tags;simule;;2026-10-08
PRO_007;specialite_tags;simule;;2026-10-08
PRO_007;langues_parlees;simule;;2026-10-08
PRO_007;relation_equipe_score;simule;;2026-10-08
PRO_007;satisfaction_score;simule;;2026-10-08
PRO_007;satisfaction_motif;simule;;2026-10-08
PRO_007;fatigue_score;simule;;2026-10-08
PRO_007;sante_score;simule;;2026-10-08
PRO_007;statut_sante;simule;;2026-10-08
PRO_007;indicateur_sante;simule;;2026-10-08
PRO_007;disponibilite;simule;;2026-10-08
PRO_007;retour_prevu;non_disponible;;2026-10-08
PRO_007;nb_blessures_12_mois;simule;;2026-10-08
PRO_007;affinites_positives_ids;simule;;2026-10-08
PRO_007;affinites_negatives_ids;simule;;2026-10-08
PRO_007;provenance_identite;metadonnee;;2026-10-08
PRO_007;provenance_groupe_poste;metadonnee;;2026-10-08
PRO_007;provenance_autres_champs;metadonnee;;2026-10-08
PRO_007;source_url;metadonnee;;2026-10-08
PRO_007;source_consultee_le;metadonnee;;2026-10-08
PRO_007;relation_equipe_general;simule;;2026-10-08
PRO_007;acceleration;fc27_futwiz;https://www.futwiz.com/fc27/player/ishe-samuels-smith/20888;2026-10-08
PRO_007;vitesse_de_pointe;fc27_futwiz;https://www.futwiz.com/fc27/player/ishe-samuels-smith/20888;2026-10-08
PRO_007;note_vitesse;fc27_futwiz;https://www.futwiz.com/fc27/player/ishe-samuels-smith/20888;2026-10-08
PRO_007;placement_offensif;fc27_futwiz;https://www.futwiz.com/fc27/player/ishe-samuels-smith/20888;2026-10-08
PRO_007;finition;fc27_futwiz;https://www.futwiz.com/fc27/player/ishe-samuels-smith/20888;2026-10-08
PRO_007;puissance_de_tir;fc27_futwiz;https://www.futwiz.com/fc27/player/ishe-samuels-smith/20888;2026-10-08
PRO_007;tir_de_loin;fc27_futwiz;https://www.futwiz.com/fc27/player/ishe-samuels-smith/20888;2026-10-08
PRO_007;volee;fc27_futwiz;https://www.futwiz.com/fc27/player/ishe-samuels-smith/20888;2026-10-08
PRO_007;penalty;fc27_futwiz;https://www.futwiz.com/fc27/player/ishe-samuels-smith/20888;2026-10-08
PRO_007;note_frappe;fc27_futwiz;https://www.futwiz.com/fc27/player/ishe-samuels-smith/20888;2026-10-08
PRO_007;vista;fc27_futwiz;https://www.futwiz.com/fc27/player/ishe-samuels-smith/20888;2026-10-08
PRO_007;centre;fc27_futwiz;https://www.futwiz.com/fc27/player/ishe-samuels-smith/20888;2026-10-08
PRO_007;precision_coup_franc;fc27_futwiz;https://www.futwiz.com/fc27/player/ishe-samuels-smith/20888;2026-10-08
PRO_007;passe_courte;fc27_futwiz;https://www.futwiz.com/fc27/player/ishe-samuels-smith/20888;2026-10-08
PRO_007;passe_longue;fc27_futwiz;https://www.futwiz.com/fc27/player/ishe-samuels-smith/20888;2026-10-08
PRO_007;effet;fc27_futwiz;https://www.futwiz.com/fc27/player/ishe-samuels-smith/20888;2026-10-08
PRO_007;note_passe;fc27_futwiz;https://www.futwiz.com/fc27/player/ishe-samuels-smith/20888;2026-10-08
PRO_007;agilite;fc27_futwiz;https://www.futwiz.com/fc27/player/ishe-samuels-smith/20888;2026-10-08
PRO_007;equilibre;fc27_futwiz;https://www.futwiz.com/fc27/player/ishe-samuels-smith/20888;2026-10-08
PRO_007;reactivite;fc27_futwiz;https://www.futwiz.com/fc27/player/ishe-samuels-smith/20888;2026-10-08
PRO_007;conduite_de_balle;fc27_futwiz;https://www.futwiz.com/fc27/player/ishe-samuels-smith/20888;2026-10-08
PRO_007;dribble;fc27_futwiz;https://www.futwiz.com/fc27/player/ishe-samuels-smith/20888;2026-10-08
PRO_007;calme;fc27_futwiz;https://www.futwiz.com/fc27/player/ishe-samuels-smith/20888;2026-10-08
PRO_007;note_dribble;fc27_futwiz;https://www.futwiz.com/fc27/player/ishe-samuels-smith/20888;2026-10-08
PRO_007;interception;fc27_futwiz;https://www.futwiz.com/fc27/player/ishe-samuels-smith/20888;2026-10-08
PRO_007;precision_de_la_tete;fc27_futwiz;https://www.futwiz.com/fc27/player/ishe-samuels-smith/20888;2026-10-08
PRO_007;lucidite_defensive;fc27_futwiz;https://www.futwiz.com/fc27/player/ishe-samuels-smith/20888;2026-10-08
PRO_007;tacle_debout;fc27_futwiz;https://www.futwiz.com/fc27/player/ishe-samuels-smith/20888;2026-10-08
PRO_007;tacle_glisse;fc27_futwiz;https://www.futwiz.com/fc27/player/ishe-samuels-smith/20888;2026-10-08
PRO_007;note_defense;fc27_futwiz;https://www.futwiz.com/fc27/player/ishe-samuels-smith/20888;2026-10-08
PRO_007;detente;fc27_futwiz;https://www.futwiz.com/fc27/player/ishe-samuels-smith/20888;2026-10-08
PRO_007;endurance;fc27_futwiz;https://www.futwiz.com/fc27/player/ishe-samuels-smith/20888;2026-10-08
PRO_007;force;fc27_futwiz;https://www.futwiz.com/fc27/player/ishe-samuels-smith/20888;2026-10-08
PRO_007;agressivite;fc27_futwiz;https://www.futwiz.com/fc27/player/ishe-samuels-smith/20888;2026-10-08
PRO_007;note_physique;fc27_futwiz;https://www.futwiz.com/fc27/player/ishe-samuels-smith/20888;2026-10-08
PRO_007;gardien_plongeon;non_applicable;;2026-10-08
PRO_007;gardien_prise_de_balle;non_applicable;;2026-10-08
PRO_007;gardien_jeu_au_pied;non_applicable;;2026-10-08
PRO_007;gardien_reflexes;non_applicable;;2026-10-08
PRO_007;gardien_sorties;non_applicable;;2026-10-08
PRO_007;gardien_placement;non_applicable;;2026-10-08
PRO_007;nom_fc27;fc27_futwiz;https://www.futwiz.com/fc27/player/ishe-samuels-smith/20888;2026-10-08
PRO_007;note_generale_fc27;fc27_futwiz;https://www.futwiz.com/fc27/player/ishe-samuels-smith/20888;2026-10-08
PRO_007;poste_fc27;fc27_futwiz;https://www.futwiz.com/fc27/player/ishe-samuels-smith/20888;2026-10-08
PRO_007;groupe_poste_fc27;derive_fc27;https://www.futwiz.com/fc27/player/ishe-samuels-smith/20888;2026-10-08
PRO_007;fc27_url;metadonnee;;2026-10-08
PRO_007;fc27_id_fiche;metadonnee;;2026-10-08
PRO_007;fc27_version_carte;metadonnee;;2026-10-08
PRO_007;playstyles_fc27_observes;fc27_futwiz;https://www.futwiz.com/fc27/player/ishe-samuels-smith/20888;2026-10-08
PRO_007;gardien_vitesse;non_applicable;;2026-10-08
PRO_007;statut_import_fc27;metadonnee;;2026-10-08
PRO_007;provenance_biometrie;metadonnee;;2026-10-08
PRO_007;provenance_pied_fort;metadonnee;;2026-10-08
PRO_007;provenance_attributs;metadonnee;;2026-10-08
PRO_007;provenance_notes_groupes;metadonnee;;2026-10-08
PRO_007;provenance_scenario;metadonnee;;2026-10-08
PRO_008;joueur_id;metadonnee;;2026-10-08
PRO_008;nom;fc27_futwiz;https://www.futwiz.com/fc27/player/steven-benda/20887;2026-10-08
PRO_008;type_joueur;metadonnee;;2026-10-08
PRO_008;club;non_disponible;;2026-10-08
PRO_008;groupe_poste;derive_fc27;https://www.futwiz.com/fc27/player/steven-benda/20887;2026-10-08
PRO_008;gardien;fc27_futwiz;https://www.futwiz.com/fc27/player/steven-benda/20887;2026-10-08
PRO_008;date_reference;metadonnee;;2026-10-08
PRO_008;date_naissance_simulee;simule;;2026-10-08
PRO_008;age;simule;;2026-10-08
PRO_008;taille_cm;simule;;2026-10-08
PRO_008;poids_kg;simule;;2026-10-08
PRO_008;pied_fort;fc27_futwiz;https://www.futwiz.com/fc27/player/steven-benda/20887;2026-10-08
PRO_008;personnalite_tags;simule;;2026-10-08
PRO_008;specialite_tags;simule;;2026-10-08
PRO_008;langues_parlees;simule;;2026-10-08
PRO_008;relation_equipe_score;simule;;2026-10-08
PRO_008;satisfaction_score;simule;;2026-10-08
PRO_008;satisfaction_motif;simule;;2026-10-08
PRO_008;fatigue_score;simule;;2026-10-08
PRO_008;sante_score;simule;;2026-10-08
PRO_008;statut_sante;simule;;2026-10-08
PRO_008;indicateur_sante;simule;;2026-10-08
PRO_008;disponibilite;simule;;2026-10-08
PRO_008;retour_prevu;non_disponible;;2026-10-08
PRO_008;nb_blessures_12_mois;simule;;2026-10-08
PRO_008;affinites_positives_ids;simule;;2026-10-08
PRO_008;affinites_negatives_ids;simule;;2026-10-08
PRO_008;provenance_identite;metadonnee;;2026-10-08
PRO_008;provenance_groupe_poste;metadonnee;;2026-10-08
PRO_008;provenance_autres_champs;metadonnee;;2026-10-08
PRO_008;source_url;metadonnee;;2026-10-08
PRO_008;source_consultee_le;metadonnee;;2026-10-08
PRO_008;relation_equipe_general;simule;;2026-10-08
PRO_008;acceleration;fc27_futwiz;https://www.futwiz.com/fc27/player/steven-benda/20887;2026-10-08
PRO_008;vitesse_de_pointe;fc27_futwiz;https://www.futwiz.com/fc27/player/steven-benda/20887;2026-10-08
PRO_008;note_vitesse;fc27_futwiz;https://www.futwiz.com/fc27/player/steven-benda/20887;2026-10-08
PRO_008;placement_offensif;fc27_futwiz;https://www.futwiz.com/fc27/player/steven-benda/20887;2026-10-08
PRO_008;finition;fc27_futwiz;https://www.futwiz.com/fc27/player/steven-benda/20887;2026-10-08
PRO_008;puissance_de_tir;fc27_futwiz;https://www.futwiz.com/fc27/player/steven-benda/20887;2026-10-08
PRO_008;tir_de_loin;fc27_futwiz;https://www.futwiz.com/fc27/player/steven-benda/20887;2026-10-08
PRO_008;volee;fc27_futwiz;https://www.futwiz.com/fc27/player/steven-benda/20887;2026-10-08
PRO_008;penalty;fc27_futwiz;https://www.futwiz.com/fc27/player/steven-benda/20887;2026-10-08
PRO_008;note_frappe;fc27_futwiz;https://www.futwiz.com/fc27/player/steven-benda/20887;2026-10-08
PRO_008;vista;fc27_futwiz;https://www.futwiz.com/fc27/player/steven-benda/20887;2026-10-08
PRO_008;centre;fc27_futwiz;https://www.futwiz.com/fc27/player/steven-benda/20887;2026-10-08
PRO_008;precision_coup_franc;fc27_futwiz;https://www.futwiz.com/fc27/player/steven-benda/20887;2026-10-08
PRO_008;passe_courte;fc27_futwiz;https://www.futwiz.com/fc27/player/steven-benda/20887;2026-10-08
PRO_008;passe_longue;fc27_futwiz;https://www.futwiz.com/fc27/player/steven-benda/20887;2026-10-08
PRO_008;effet;fc27_futwiz;https://www.futwiz.com/fc27/player/steven-benda/20887;2026-10-08
PRO_008;note_passe;fc27_futwiz;https://www.futwiz.com/fc27/player/steven-benda/20887;2026-10-08
PRO_008;agilite;fc27_futwiz;https://www.futwiz.com/fc27/player/steven-benda/20887;2026-10-08
PRO_008;equilibre;fc27_futwiz;https://www.futwiz.com/fc27/player/steven-benda/20887;2026-10-08
PRO_008;reactivite;fc27_futwiz;https://www.futwiz.com/fc27/player/steven-benda/20887;2026-10-08
PRO_008;conduite_de_balle;fc27_futwiz;https://www.futwiz.com/fc27/player/steven-benda/20887;2026-10-08
PRO_008;dribble;fc27_futwiz;https://www.futwiz.com/fc27/player/steven-benda/20887;2026-10-08
PRO_008;calme;fc27_futwiz;https://www.futwiz.com/fc27/player/steven-benda/20887;2026-10-08
PRO_008;note_dribble;fc27_futwiz;https://www.futwiz.com/fc27/player/steven-benda/20887;2026-10-08
PRO_008;interception;fc27_futwiz;https://www.futwiz.com/fc27/player/steven-benda/20887;2026-10-08
PRO_008;precision_de_la_tete;fc27_futwiz;https://www.futwiz.com/fc27/player/steven-benda/20887;2026-10-08
PRO_008;lucidite_defensive;fc27_futwiz;https://www.futwiz.com/fc27/player/steven-benda/20887;2026-10-08
PRO_008;tacle_debout;fc27_futwiz;https://www.futwiz.com/fc27/player/steven-benda/20887;2026-10-08
PRO_008;tacle_glisse;fc27_futwiz;https://www.futwiz.com/fc27/player/steven-benda/20887;2026-10-08
PRO_008;note_defense;fc27_futwiz;https://www.futwiz.com/fc27/player/steven-benda/20887;2026-10-08
PRO_008;detente;fc27_futwiz;https://www.futwiz.com/fc27/player/steven-benda/20887;2026-10-08
PRO_008;endurance;fc27_futwiz;https://www.futwiz.com/fc27/player/steven-benda/20887;2026-10-08
PRO_008;force;fc27_futwiz;https://www.futwiz.com/fc27/player/steven-benda/20887;2026-10-08
PRO_008;agressivite;fc27_futwiz;https://www.futwiz.com/fc27/player/steven-benda/20887;2026-10-08
PRO_008;note_physique;fc27_futwiz;https://www.futwiz.com/fc27/player/steven-benda/20887;2026-10-08
PRO_008;gardien_plongeon;fc27_futwiz;https://www.futwiz.com/fc27/player/steven-benda/20887;2026-10-08
PRO_008;gardien_prise_de_balle;fc27_futwiz;https://www.futwiz.com/fc27/player/steven-benda/20887;2026-10-08
PRO_008;gardien_jeu_au_pied;fc27_futwiz;https://www.futwiz.com/fc27/player/steven-benda/20887;2026-10-08
PRO_008;gardien_reflexes;fc27_futwiz;https://www.futwiz.com/fc27/player/steven-benda/20887;2026-10-08
PRO_008;gardien_sorties;simule;;2026-10-08
PRO_008;gardien_placement;fc27_futwiz;https://www.futwiz.com/fc27/player/steven-benda/20887;2026-10-08
PRO_008;nom_fc27;fc27_futwiz;https://www.futwiz.com/fc27/player/steven-benda/20887;2026-10-08
PRO_008;note_generale_fc27;fc27_futwiz;https://www.futwiz.com/fc27/player/steven-benda/20887;2026-10-08
PRO_008;poste_fc27;fc27_futwiz;https://www.futwiz.com/fc27/player/steven-benda/20887;2026-10-08
PRO_008;groupe_poste_fc27;derive_fc27;https://www.futwiz.com/fc27/player/steven-benda/20887;2026-10-08
PRO_008;fc27_url;metadonnee;;2026-10-08
PRO_008;fc27_id_fiche;metadonnee;;2026-10-08
PRO_008;fc27_version_carte;metadonnee;;2026-10-08
PRO_008;playstyles_fc27_observes;fc27_futwiz;https://www.futwiz.com/fc27/player/steven-benda/20887;2026-10-08
PRO_008;gardien_vitesse;fc27_futwiz;https://www.futwiz.com/fc27/player/steven-benda/20887;2026-10-08
PRO_008;statut_import_fc27;metadonnee;;2026-10-08
PRO_008;provenance_biometrie;metadonnee;;2026-10-08
PRO_008;provenance_pied_fort;metadonnee;;2026-10-08
PRO_008;provenance_attributs;metadonnee;;2026-10-08
PRO_008;provenance_notes_groupes;metadonnee;;2026-10-08
PRO_008;provenance_scenario;metadonnee;;2026-10-08
PRO_009;joueur_id;metadonnee;;2026-10-08
PRO_009;nom;fc27_futwiz;https://www.futwiz.com/fc27/player/dastan-satpayev/20886;2026-10-08
PRO_009;type_joueur;metadonnee;;2026-10-08
PRO_009;club;non_disponible;;2026-10-08
PRO_009;groupe_poste;derive_fc27;https://www.futwiz.com/fc27/player/dastan-satpayev/20886;2026-10-08
PRO_009;gardien;fc27_futwiz;https://www.futwiz.com/fc27/player/dastan-satpayev/20886;2026-10-08
PRO_009;date_reference;metadonnee;;2026-10-08
PRO_009;date_naissance_simulee;simule;;2026-10-08
PRO_009;age;simule;;2026-10-08
PRO_009;taille_cm;simule;;2026-10-08
PRO_009;poids_kg;simule;;2026-10-08
PRO_009;pied_fort;fc27_futwiz;https://www.futwiz.com/fc27/player/dastan-satpayev/20886;2026-10-08
PRO_009;personnalite_tags;simule;;2026-10-08
PRO_009;specialite_tags;simule;;2026-10-08
PRO_009;langues_parlees;simule;;2026-10-08
PRO_009;relation_equipe_score;simule;;2026-10-08
PRO_009;satisfaction_score;simule;;2026-10-08
PRO_009;satisfaction_motif;simule;;2026-10-08
PRO_009;fatigue_score;simule;;2026-10-08
PRO_009;sante_score;simule;;2026-10-08
PRO_009;statut_sante;simule;;2026-10-08
PRO_009;indicateur_sante;simule;;2026-10-08
PRO_009;disponibilite;simule;;2026-10-08
PRO_009;retour_prevu;non_disponible;;2026-10-08
PRO_009;nb_blessures_12_mois;simule;;2026-10-08
PRO_009;affinites_positives_ids;simule;;2026-10-08
PRO_009;affinites_negatives_ids;simule;;2026-10-08
PRO_009;provenance_identite;metadonnee;;2026-10-08
PRO_009;provenance_groupe_poste;metadonnee;;2026-10-08
PRO_009;provenance_autres_champs;metadonnee;;2026-10-08
PRO_009;source_url;metadonnee;;2026-10-08
PRO_009;source_consultee_le;metadonnee;;2026-10-08
PRO_009;relation_equipe_general;simule;;2026-10-08
PRO_009;acceleration;fc27_futwiz;https://www.futwiz.com/fc27/player/dastan-satpayev/20886;2026-10-08
PRO_009;vitesse_de_pointe;fc27_futwiz;https://www.futwiz.com/fc27/player/dastan-satpayev/20886;2026-10-08
PRO_009;note_vitesse;fc27_futwiz;https://www.futwiz.com/fc27/player/dastan-satpayev/20886;2026-10-08
PRO_009;placement_offensif;fc27_futwiz;https://www.futwiz.com/fc27/player/dastan-satpayev/20886;2026-10-08
PRO_009;finition;fc27_futwiz;https://www.futwiz.com/fc27/player/dastan-satpayev/20886;2026-10-08
PRO_009;puissance_de_tir;fc27_futwiz;https://www.futwiz.com/fc27/player/dastan-satpayev/20886;2026-10-08
PRO_009;tir_de_loin;fc27_futwiz;https://www.futwiz.com/fc27/player/dastan-satpayev/20886;2026-10-08
PRO_009;volee;fc27_futwiz;https://www.futwiz.com/fc27/player/dastan-satpayev/20886;2026-10-08
PRO_009;penalty;fc27_futwiz;https://www.futwiz.com/fc27/player/dastan-satpayev/20886;2026-10-08
PRO_009;note_frappe;fc27_futwiz;https://www.futwiz.com/fc27/player/dastan-satpayev/20886;2026-10-08
PRO_009;vista;fc27_futwiz;https://www.futwiz.com/fc27/player/dastan-satpayev/20886;2026-10-08
PRO_009;centre;fc27_futwiz;https://www.futwiz.com/fc27/player/dastan-satpayev/20886;2026-10-08
PRO_009;precision_coup_franc;fc27_futwiz;https://www.futwiz.com/fc27/player/dastan-satpayev/20886;2026-10-08
PRO_009;passe_courte;fc27_futwiz;https://www.futwiz.com/fc27/player/dastan-satpayev/20886;2026-10-08
PRO_009;passe_longue;fc27_futwiz;https://www.futwiz.com/fc27/player/dastan-satpayev/20886;2026-10-08
PRO_009;effet;fc27_futwiz;https://www.futwiz.com/fc27/player/dastan-satpayev/20886;2026-10-08
PRO_009;note_passe;fc27_futwiz;https://www.futwiz.com/fc27/player/dastan-satpayev/20886;2026-10-08
PRO_009;agilite;fc27_futwiz;https://www.futwiz.com/fc27/player/dastan-satpayev/20886;2026-10-08
PRO_009;equilibre;fc27_futwiz;https://www.futwiz.com/fc27/player/dastan-satpayev/20886;2026-10-08
PRO_009;reactivite;fc27_futwiz;https://www.futwiz.com/fc27/player/dastan-satpayev/20886;2026-10-08
PRO_009;conduite_de_balle;fc27_futwiz;https://www.futwiz.com/fc27/player/dastan-satpayev/20886;2026-10-08
PRO_009;dribble;fc27_futwiz;https://www.futwiz.com/fc27/player/dastan-satpayev/20886;2026-10-08
PRO_009;calme;fc27_futwiz;https://www.futwiz.com/fc27/player/dastan-satpayev/20886;2026-10-08
PRO_009;note_dribble;fc27_futwiz;https://www.futwiz.com/fc27/player/dastan-satpayev/20886;2026-10-08
PRO_009;interception;fc27_futwiz;https://www.futwiz.com/fc27/player/dastan-satpayev/20886;2026-10-08
PRO_009;precision_de_la_tete;fc27_futwiz;https://www.futwiz.com/fc27/player/dastan-satpayev/20886;2026-10-08
PRO_009;lucidite_defensive;fc27_futwiz;https://www.futwiz.com/fc27/player/dastan-satpayev/20886;2026-10-08
PRO_009;tacle_debout;fc27_futwiz;https://www.futwiz.com/fc27/player/dastan-satpayev/20886;2026-10-08
PRO_009;tacle_glisse;fc27_futwiz;https://www.futwiz.com/fc27/player/dastan-satpayev/20886;2026-10-08
PRO_009;note_defense;fc27_futwiz;https://www.futwiz.com/fc27/player/dastan-satpayev/20886;2026-10-08
PRO_009;detente;fc27_futwiz;https://www.futwiz.com/fc27/player/dastan-satpayev/20886;2026-10-08
PRO_009;endurance;fc27_futwiz;https://www.futwiz.com/fc27/player/dastan-satpayev/20886;2026-10-08
PRO_009;force;fc27_futwiz;https://www.futwiz.com/fc27/player/dastan-satpayev/20886;2026-10-08
PRO_009;agressivite;fc27_futwiz;https://www.futwiz.com/fc27/player/dastan-satpayev/20886;2026-10-08
PRO_009;note_physique;fc27_futwiz;https://www.futwiz.com/fc27/player/dastan-satpayev/20886;2026-10-08
PRO_009;gardien_plongeon;non_applicable;;2026-10-08
PRO_009;gardien_prise_de_balle;non_applicable;;2026-10-08
PRO_009;gardien_jeu_au_pied;non_applicable;;2026-10-08
PRO_009;gardien_reflexes;non_applicable;;2026-10-08
PRO_009;gardien_sorties;non_applicable;;2026-10-08
PRO_009;gardien_placement;non_applicable;;2026-10-08
PRO_009;nom_fc27;fc27_futwiz;https://www.futwiz.com/fc27/player/dastan-satpayev/20886;2026-10-08
PRO_009;note_generale_fc27;fc27_futwiz;https://www.futwiz.com/fc27/player/dastan-satpayev/20886;2026-10-08
PRO_009;poste_fc27;fc27_futwiz;https://www.futwiz.com/fc27/player/dastan-satpayev/20886;2026-10-08
PRO_009;groupe_poste_fc27;derive_fc27;https://www.futwiz.com/fc27/player/dastan-satpayev/20886;2026-10-08
PRO_009;fc27_url;metadonnee;;2026-10-08
PRO_009;fc27_id_fiche;metadonnee;;2026-10-08
PRO_009;fc27_version_carte;metadonnee;;2026-10-08
PRO_009;playstyles_fc27_observes;fc27_futwiz;https://www.futwiz.com/fc27/player/dastan-satpayev/20886;2026-10-08
PRO_009;gardien_vitesse;non_applicable;;2026-10-08
PRO_009;statut_import_fc27;metadonnee;;2026-10-08
PRO_009;provenance_biometrie;metadonnee;;2026-10-08
PRO_009;provenance_pied_fort;metadonnee;;2026-10-08
PRO_009;provenance_attributs;metadonnee;;2026-10-08
PRO_009;provenance_notes_groupes;metadonnee;;2026-10-08
PRO_009;provenance_scenario;metadonnee;;2026-10-08
PRO_010;joueur_id;metadonnee;;2026-10-08
PRO_010;nom;fc27_futwiz;https://www.futwiz.com/fc27/player/zymer-bytyqi/20885;2026-10-08
PRO_010;type_joueur;metadonnee;;2026-10-08
PRO_010;club;non_disponible;;2026-10-08
PRO_010;groupe_poste;derive_fc27;https://www.futwiz.com/fc27/player/zymer-bytyqi/20885;2026-10-08
PRO_010;gardien;fc27_futwiz;https://www.futwiz.com/fc27/player/zymer-bytyqi/20885;2026-10-08
PRO_010;date_reference;metadonnee;;2026-10-08
PRO_010;date_naissance_simulee;simule;;2026-10-08
PRO_010;age;simule;;2026-10-08
PRO_010;taille_cm;simule;;2026-10-08
PRO_010;poids_kg;simule;;2026-10-08
PRO_010;pied_fort;fc27_futwiz;https://www.futwiz.com/fc27/player/zymer-bytyqi/20885;2026-10-08
PRO_010;personnalite_tags;simule;;2026-10-08
PRO_010;specialite_tags;simule;;2026-10-08
PRO_010;langues_parlees;simule;;2026-10-08
PRO_010;relation_equipe_score;simule;;2026-10-08
PRO_010;satisfaction_score;simule;;2026-10-08
PRO_010;satisfaction_motif;simule;;2026-10-08
PRO_010;fatigue_score;simule;;2026-10-08
PRO_010;sante_score;simule;;2026-10-08
PRO_010;statut_sante;simule;;2026-10-08
PRO_010;indicateur_sante;simule;;2026-10-08
PRO_010;disponibilite;simule;;2026-10-08
PRO_010;retour_prevu;non_disponible;;2026-10-08
PRO_010;nb_blessures_12_mois;simule;;2026-10-08
PRO_010;affinites_positives_ids;simule;;2026-10-08
PRO_010;affinites_negatives_ids;simule;;2026-10-08
PRO_010;provenance_identite;metadonnee;;2026-10-08
PRO_010;provenance_groupe_poste;metadonnee;;2026-10-08
PRO_010;provenance_autres_champs;metadonnee;;2026-10-08
PRO_010;source_url;metadonnee;;2026-10-08
PRO_010;source_consultee_le;metadonnee;;2026-10-08
PRO_010;relation_equipe_general;simule;;2026-10-08
PRO_010;acceleration;fc27_futwiz;https://www.futwiz.com/fc27/player/zymer-bytyqi/20885;2026-10-08
PRO_010;vitesse_de_pointe;fc27_futwiz;https://www.futwiz.com/fc27/player/zymer-bytyqi/20885;2026-10-08
PRO_010;note_vitesse;fc27_futwiz;https://www.futwiz.com/fc27/player/zymer-bytyqi/20885;2026-10-08
PRO_010;placement_offensif;fc27_futwiz;https://www.futwiz.com/fc27/player/zymer-bytyqi/20885;2026-10-08
PRO_010;finition;fc27_futwiz;https://www.futwiz.com/fc27/player/zymer-bytyqi/20885;2026-10-08
PRO_010;puissance_de_tir;fc27_futwiz;https://www.futwiz.com/fc27/player/zymer-bytyqi/20885;2026-10-08
PRO_010;tir_de_loin;fc27_futwiz;https://www.futwiz.com/fc27/player/zymer-bytyqi/20885;2026-10-08
PRO_010;volee;fc27_futwiz;https://www.futwiz.com/fc27/player/zymer-bytyqi/20885;2026-10-08
PRO_010;penalty;fc27_futwiz;https://www.futwiz.com/fc27/player/zymer-bytyqi/20885;2026-10-08
PRO_010;note_frappe;fc27_futwiz;https://www.futwiz.com/fc27/player/zymer-bytyqi/20885;2026-10-08
PRO_010;vista;fc27_futwiz;https://www.futwiz.com/fc27/player/zymer-bytyqi/20885;2026-10-08
PRO_010;centre;fc27_futwiz;https://www.futwiz.com/fc27/player/zymer-bytyqi/20885;2026-10-08
PRO_010;precision_coup_franc;fc27_futwiz;https://www.futwiz.com/fc27/player/zymer-bytyqi/20885;2026-10-08
PRO_010;passe_courte;fc27_futwiz;https://www.futwiz.com/fc27/player/zymer-bytyqi/20885;2026-10-08
PRO_010;passe_longue;fc27_futwiz;https://www.futwiz.com/fc27/player/zymer-bytyqi/20885;2026-10-08
PRO_010;effet;fc27_futwiz;https://www.futwiz.com/fc27/player/zymer-bytyqi/20885;2026-10-08
PRO_010;note_passe;fc27_futwiz;https://www.futwiz.com/fc27/player/zymer-bytyqi/20885;2026-10-08
PRO_010;agilite;fc27_futwiz;https://www.futwiz.com/fc27/player/zymer-bytyqi/20885;2026-10-08
PRO_010;equilibre;fc27_futwiz;https://www.futwiz.com/fc27/player/zymer-bytyqi/20885;2026-10-08
PRO_010;reactivite;fc27_futwiz;https://www.futwiz.com/fc27/player/zymer-bytyqi/20885;2026-10-08
PRO_010;conduite_de_balle;fc27_futwiz;https://www.futwiz.com/fc27/player/zymer-bytyqi/20885;2026-10-08
PRO_010;dribble;fc27_futwiz;https://www.futwiz.com/fc27/player/zymer-bytyqi/20885;2026-10-08
PRO_010;calme;fc27_futwiz;https://www.futwiz.com/fc27/player/zymer-bytyqi/20885;2026-10-08
PRO_010;note_dribble;fc27_futwiz;https://www.futwiz.com/fc27/player/zymer-bytyqi/20885;2026-10-08
PRO_010;interception;fc27_futwiz;https://www.futwiz.com/fc27/player/zymer-bytyqi/20885;2026-10-08
PRO_010;precision_de_la_tete;fc27_futwiz;https://www.futwiz.com/fc27/player/zymer-bytyqi/20885;2026-10-08
PRO_010;lucidite_defensive;fc27_futwiz;https://www.futwiz.com/fc27/player/zymer-bytyqi/20885;2026-10-08
PRO_010;tacle_debout;fc27_futwiz;https://www.futwiz.com/fc27/player/zymer-bytyqi/20885;2026-10-08
PRO_010;tacle_glisse;fc27_futwiz;https://www.futwiz.com/fc27/player/zymer-bytyqi/20885;2026-10-08
PRO_010;note_defense;fc27_futwiz;https://www.futwiz.com/fc27/player/zymer-bytyqi/20885;2026-10-08
PRO_010;detente;fc27_futwiz;https://www.futwiz.com/fc27/player/zymer-bytyqi/20885;2026-10-08
PRO_010;endurance;fc27_futwiz;https://www.futwiz.com/fc27/player/zymer-bytyqi/20885;2026-10-08
PRO_010;force;fc27_futwiz;https://www.futwiz.com/fc27/player/zymer-bytyqi/20885;2026-10-08
PRO_010;agressivite;fc27_futwiz;https://www.futwiz.com/fc27/player/zymer-bytyqi/20885;2026-10-08
PRO_010;note_physique;fc27_futwiz;https://www.futwiz.com/fc27/player/zymer-bytyqi/20885;2026-10-08
PRO_010;gardien_plongeon;non_applicable;;2026-10-08
PRO_010;gardien_prise_de_balle;non_applicable;;2026-10-08
PRO_010;gardien_jeu_au_pied;non_applicable;;2026-10-08
PRO_010;gardien_reflexes;non_applicable;;2026-10-08
PRO_010;gardien_sorties;non_applicable;;2026-10-08
PRO_010;gardien_placement;non_applicable;;2026-10-08
PRO_010;nom_fc27;fc27_futwiz;https://www.futwiz.com/fc27/player/zymer-bytyqi/20885;2026-10-08
PRO_010;note_generale_fc27;fc27_futwiz;https://www.futwiz.com/fc27/player/zymer-bytyqi/20885;2026-10-08
PRO_010;poste_fc27;fc27_futwiz;https://www.futwiz.com/fc27/player/zymer-bytyqi/20885;2026-10-08
PRO_010;groupe_poste_fc27;derive_fc27;https://www.futwiz.com/fc27/player/zymer-bytyqi/20885;2026-10-08
PRO_010;fc27_url;metadonnee;;2026-10-08
PRO_010;fc27_id_fiche;metadonnee;;2026-10-08
PRO_010;fc27_version_carte;metadonnee;;2026-10-08
PRO_010;playstyles_fc27_observes;fc27_futwiz;https://www.futwiz.com/fc27/player/zymer-bytyqi/20885;2026-10-08
PRO_010;gardien_vitesse;non_applicable;;2026-10-08
PRO_010;statut_import_fc27;metadonnee;;2026-10-08
PRO_010;provenance_biometrie;metadonnee;;2026-10-08
PRO_010;provenance_pied_fort;metadonnee;;2026-10-08
PRO_010;provenance_attributs;metadonnee;;2026-10-08
PRO_010;provenance_notes_groupes;metadonnee;;2026-10-08
PRO_010;provenance_scenario;metadonnee;;2026-10-08
PRO_011;joueur_id;metadonnee;;2026-10-08
PRO_011;nom;fc27_futwiz;https://www.futwiz.com/fc27/player/nathaniel-chalobah/20883;2026-10-08
PRO_011;type_joueur;metadonnee;;2026-10-08
PRO_011;club;non_disponible;;2026-10-08
PRO_011;groupe_poste;derive_fc27;https://www.futwiz.com/fc27/player/nathaniel-chalobah/20883;2026-10-08
PRO_011;gardien;fc27_futwiz;https://www.futwiz.com/fc27/player/nathaniel-chalobah/20883;2026-10-08
PRO_011;date_reference;metadonnee;;2026-10-08
PRO_011;date_naissance_simulee;simule;;2026-10-08
PRO_011;age;simule;;2026-10-08
PRO_011;taille_cm;simule;;2026-10-08
PRO_011;poids_kg;simule;;2026-10-08
PRO_011;pied_fort;fc27_futwiz;https://www.futwiz.com/fc27/player/nathaniel-chalobah/20883;2026-10-08
PRO_011;personnalite_tags;simule;;2026-10-08
PRO_011;specialite_tags;simule;;2026-10-08
PRO_011;langues_parlees;simule;;2026-10-08
PRO_011;relation_equipe_score;simule;;2026-10-08
PRO_011;satisfaction_score;simule;;2026-10-08
PRO_011;satisfaction_motif;simule;;2026-10-08
PRO_011;fatigue_score;simule;;2026-10-08
PRO_011;sante_score;simule;;2026-10-08
PRO_011;statut_sante;simule;;2026-10-08
PRO_011;indicateur_sante;simule;;2026-10-08
PRO_011;disponibilite;simule;;2026-10-08
PRO_011;retour_prevu;non_disponible;;2026-10-08
PRO_011;nb_blessures_12_mois;simule;;2026-10-08
PRO_011;affinites_positives_ids;simule;;2026-10-08
PRO_011;affinites_negatives_ids;simule;;2026-10-08
PRO_011;provenance_identite;metadonnee;;2026-10-08
PRO_011;provenance_groupe_poste;metadonnee;;2026-10-08
PRO_011;provenance_autres_champs;metadonnee;;2026-10-08
PRO_011;source_url;metadonnee;;2026-10-08
PRO_011;source_consultee_le;metadonnee;;2026-10-08
PRO_011;relation_equipe_general;simule;;2026-10-08
PRO_011;acceleration;fc27_futwiz;https://www.futwiz.com/fc27/player/nathaniel-chalobah/20883;2026-10-08
PRO_011;vitesse_de_pointe;fc27_futwiz;https://www.futwiz.com/fc27/player/nathaniel-chalobah/20883;2026-10-08
PRO_011;note_vitesse;fc27_futwiz;https://www.futwiz.com/fc27/player/nathaniel-chalobah/20883;2026-10-08
PRO_011;placement_offensif;fc27_futwiz;https://www.futwiz.com/fc27/player/nathaniel-chalobah/20883;2026-10-08
PRO_011;finition;fc27_futwiz;https://www.futwiz.com/fc27/player/nathaniel-chalobah/20883;2026-10-08
PRO_011;puissance_de_tir;fc27_futwiz;https://www.futwiz.com/fc27/player/nathaniel-chalobah/20883;2026-10-08
PRO_011;tir_de_loin;fc27_futwiz;https://www.futwiz.com/fc27/player/nathaniel-chalobah/20883;2026-10-08
PRO_011;volee;fc27_futwiz;https://www.futwiz.com/fc27/player/nathaniel-chalobah/20883;2026-10-08
PRO_011;penalty;fc27_futwiz;https://www.futwiz.com/fc27/player/nathaniel-chalobah/20883;2026-10-08
PRO_011;note_frappe;fc27_futwiz;https://www.futwiz.com/fc27/player/nathaniel-chalobah/20883;2026-10-08
PRO_011;vista;fc27_futwiz;https://www.futwiz.com/fc27/player/nathaniel-chalobah/20883;2026-10-08
PRO_011;centre;fc27_futwiz;https://www.futwiz.com/fc27/player/nathaniel-chalobah/20883;2026-10-08
PRO_011;precision_coup_franc;fc27_futwiz;https://www.futwiz.com/fc27/player/nathaniel-chalobah/20883;2026-10-08
PRO_011;passe_courte;fc27_futwiz;https://www.futwiz.com/fc27/player/nathaniel-chalobah/20883;2026-10-08
PRO_011;passe_longue;fc27_futwiz;https://www.futwiz.com/fc27/player/nathaniel-chalobah/20883;2026-10-08
PRO_011;effet;fc27_futwiz;https://www.futwiz.com/fc27/player/nathaniel-chalobah/20883;2026-10-08
PRO_011;note_passe;fc27_futwiz;https://www.futwiz.com/fc27/player/nathaniel-chalobah/20883;2026-10-08
PRO_011;agilite;fc27_futwiz;https://www.futwiz.com/fc27/player/nathaniel-chalobah/20883;2026-10-08
PRO_011;equilibre;fc27_futwiz;https://www.futwiz.com/fc27/player/nathaniel-chalobah/20883;2026-10-08
PRO_011;reactivite;fc27_futwiz;https://www.futwiz.com/fc27/player/nathaniel-chalobah/20883;2026-10-08
PRO_011;conduite_de_balle;fc27_futwiz;https://www.futwiz.com/fc27/player/nathaniel-chalobah/20883;2026-10-08
PRO_011;dribble;fc27_futwiz;https://www.futwiz.com/fc27/player/nathaniel-chalobah/20883;2026-10-08
PRO_011;calme;fc27_futwiz;https://www.futwiz.com/fc27/player/nathaniel-chalobah/20883;2026-10-08
PRO_011;note_dribble;fc27_futwiz;https://www.futwiz.com/fc27/player/nathaniel-chalobah/20883;2026-10-08
PRO_011;interception;fc27_futwiz;https://www.futwiz.com/fc27/player/nathaniel-chalobah/20883;2026-10-08
PRO_011;precision_de_la_tete;fc27_futwiz;https://www.futwiz.com/fc27/player/nathaniel-chalobah/20883;2026-10-08
PRO_011;lucidite_defensive;fc27_futwiz;https://www.futwiz.com/fc27/player/nathaniel-chalobah/20883;2026-10-08
PRO_011;tacle_debout;fc27_futwiz;https://www.futwiz.com/fc27/player/nathaniel-chalobah/20883;2026-10-08
PRO_011;tacle_glisse;fc27_futwiz;https://www.futwiz.com/fc27/player/nathaniel-chalobah/20883;2026-10-08
PRO_011;note_defense;fc27_futwiz;https://www.futwiz.com/fc27/player/nathaniel-chalobah/20883;2026-10-08
PRO_011;detente;fc27_futwiz;https://www.futwiz.com/fc27/player/nathaniel-chalobah/20883;2026-10-08
PRO_011;endurance;fc27_futwiz;https://www.futwiz.com/fc27/player/nathaniel-chalobah/20883;2026-10-08
PRO_011;force;fc27_futwiz;https://www.futwiz.com/fc27/player/nathaniel-chalobah/20883;2026-10-08
PRO_011;agressivite;fc27_futwiz;https://www.futwiz.com/fc27/player/nathaniel-chalobah/20883;2026-10-08
PRO_011;note_physique;fc27_futwiz;https://www.futwiz.com/fc27/player/nathaniel-chalobah/20883;2026-10-08
PRO_011;gardien_plongeon;non_applicable;;2026-10-08
PRO_011;gardien_prise_de_balle;non_applicable;;2026-10-08
PRO_011;gardien_jeu_au_pied;non_applicable;;2026-10-08
PRO_011;gardien_reflexes;non_applicable;;2026-10-08
PRO_011;gardien_sorties;non_applicable;;2026-10-08
PRO_011;gardien_placement;non_applicable;;2026-10-08
PRO_011;nom_fc27;fc27_futwiz;https://www.futwiz.com/fc27/player/nathaniel-chalobah/20883;2026-10-08
PRO_011;note_generale_fc27;fc27_futwiz;https://www.futwiz.com/fc27/player/nathaniel-chalobah/20883;2026-10-08
PRO_011;poste_fc27;fc27_futwiz;https://www.futwiz.com/fc27/player/nathaniel-chalobah/20883;2026-10-08
PRO_011;groupe_poste_fc27;derive_fc27;https://www.futwiz.com/fc27/player/nathaniel-chalobah/20883;2026-10-08
PRO_011;fc27_url;metadonnee;;2026-10-08
PRO_011;fc27_id_fiche;metadonnee;;2026-10-08
PRO_011;fc27_version_carte;metadonnee;;2026-10-08
PRO_011;playstyles_fc27_observes;fc27_futwiz;https://www.futwiz.com/fc27/player/nathaniel-chalobah/20883;2026-10-08
PRO_011;gardien_vitesse;non_applicable;;2026-10-08
PRO_011;statut_import_fc27;metadonnee;;2026-10-08
PRO_011;provenance_biometrie;metadonnee;;2026-10-08
PRO_011;provenance_pied_fort;metadonnee;;2026-10-08
PRO_011;provenance_attributs;metadonnee;;2026-10-08
PRO_011;provenance_notes_groupes;metadonnee;;2026-10-08
PRO_011;provenance_scenario;metadonnee;;2026-10-08
PRO_012;joueur_id;metadonnee;;2026-10-08
PRO_012;nom;fc27_futwiz;https://www.futwiz.com/fc27/player/luis-sanchez/20882;2026-10-08
PRO_012;type_joueur;metadonnee;;2026-10-08
PRO_012;club;non_disponible;;2026-10-08
PRO_012;groupe_poste;derive_fc27;https://www.futwiz.com/fc27/player/luis-sanchez/20882;2026-10-08
PRO_012;gardien;fc27_futwiz;https://www.futwiz.com/fc27/player/luis-sanchez/20882;2026-10-08
PRO_012;date_reference;metadonnee;;2026-10-08
PRO_012;date_naissance_simulee;simule;;2026-10-08
PRO_012;age;simule;;2026-10-08
PRO_012;taille_cm;simule;;2026-10-08
PRO_012;poids_kg;simule;;2026-10-08
PRO_012;pied_fort;fc27_futwiz;https://www.futwiz.com/fc27/player/luis-sanchez/20882;2026-10-08
PRO_012;personnalite_tags;simule;;2026-10-08
PRO_012;specialite_tags;simule;;2026-10-08
PRO_012;langues_parlees;simule;;2026-10-08
PRO_012;relation_equipe_score;simule;;2026-10-08
PRO_012;satisfaction_score;simule;;2026-10-08
PRO_012;satisfaction_motif;simule;;2026-10-08
PRO_012;fatigue_score;simule;;2026-10-08
PRO_012;sante_score;simule;;2026-10-08
PRO_012;statut_sante;simule;;2026-10-08
PRO_012;indicateur_sante;simule;;2026-10-08
PRO_012;disponibilite;simule;;2026-10-08
PRO_012;retour_prevu;simule;;2026-10-08
PRO_012;nb_blessures_12_mois;simule;;2026-10-08
PRO_012;affinites_positives_ids;simule;;2026-10-08
PRO_012;affinites_negatives_ids;simule;;2026-10-08
PRO_012;provenance_identite;metadonnee;;2026-10-08
PRO_012;provenance_groupe_poste;metadonnee;;2026-10-08
PRO_012;provenance_autres_champs;metadonnee;;2026-10-08
PRO_012;source_url;metadonnee;;2026-10-08
PRO_012;source_consultee_le;metadonnee;;2026-10-08
PRO_012;relation_equipe_general;simule;;2026-10-08
PRO_012;acceleration;fc27_futwiz;https://www.futwiz.com/fc27/player/luis-sanchez/20882;2026-10-08
PRO_012;vitesse_de_pointe;fc27_futwiz;https://www.futwiz.com/fc27/player/luis-sanchez/20882;2026-10-08
PRO_012;note_vitesse;fc27_futwiz;https://www.futwiz.com/fc27/player/luis-sanchez/20882;2026-10-08
PRO_012;placement_offensif;fc27_futwiz;https://www.futwiz.com/fc27/player/luis-sanchez/20882;2026-10-08
PRO_012;finition;fc27_futwiz;https://www.futwiz.com/fc27/player/luis-sanchez/20882;2026-10-08
PRO_012;puissance_de_tir;fc27_futwiz;https://www.futwiz.com/fc27/player/luis-sanchez/20882;2026-10-08
PRO_012;tir_de_loin;fc27_futwiz;https://www.futwiz.com/fc27/player/luis-sanchez/20882;2026-10-08
PRO_012;volee;fc27_futwiz;https://www.futwiz.com/fc27/player/luis-sanchez/20882;2026-10-08
PRO_012;penalty;fc27_futwiz;https://www.futwiz.com/fc27/player/luis-sanchez/20882;2026-10-08
PRO_012;note_frappe;fc27_futwiz;https://www.futwiz.com/fc27/player/luis-sanchez/20882;2026-10-08
PRO_012;vista;fc27_futwiz;https://www.futwiz.com/fc27/player/luis-sanchez/20882;2026-10-08
PRO_012;centre;fc27_futwiz;https://www.futwiz.com/fc27/player/luis-sanchez/20882;2026-10-08
PRO_012;precision_coup_franc;fc27_futwiz;https://www.futwiz.com/fc27/player/luis-sanchez/20882;2026-10-08
PRO_012;passe_courte;fc27_futwiz;https://www.futwiz.com/fc27/player/luis-sanchez/20882;2026-10-08
PRO_012;passe_longue;fc27_futwiz;https://www.futwiz.com/fc27/player/luis-sanchez/20882;2026-10-08
PRO_012;effet;fc27_futwiz;https://www.futwiz.com/fc27/player/luis-sanchez/20882;2026-10-08
PRO_012;note_passe;fc27_futwiz;https://www.futwiz.com/fc27/player/luis-sanchez/20882;2026-10-08
PRO_012;agilite;fc27_futwiz;https://www.futwiz.com/fc27/player/luis-sanchez/20882;2026-10-08
PRO_012;equilibre;fc27_futwiz;https://www.futwiz.com/fc27/player/luis-sanchez/20882;2026-10-08
PRO_012;reactivite;fc27_futwiz;https://www.futwiz.com/fc27/player/luis-sanchez/20882;2026-10-08
PRO_012;conduite_de_balle;fc27_futwiz;https://www.futwiz.com/fc27/player/luis-sanchez/20882;2026-10-08
PRO_012;dribble;fc27_futwiz;https://www.futwiz.com/fc27/player/luis-sanchez/20882;2026-10-08
PRO_012;calme;fc27_futwiz;https://www.futwiz.com/fc27/player/luis-sanchez/20882;2026-10-08
PRO_012;note_dribble;fc27_futwiz;https://www.futwiz.com/fc27/player/luis-sanchez/20882;2026-10-08
PRO_012;interception;fc27_futwiz;https://www.futwiz.com/fc27/player/luis-sanchez/20882;2026-10-08
PRO_012;precision_de_la_tete;fc27_futwiz;https://www.futwiz.com/fc27/player/luis-sanchez/20882;2026-10-08
PRO_012;lucidite_defensive;fc27_futwiz;https://www.futwiz.com/fc27/player/luis-sanchez/20882;2026-10-08
PRO_012;tacle_debout;fc27_futwiz;https://www.futwiz.com/fc27/player/luis-sanchez/20882;2026-10-08
PRO_012;tacle_glisse;fc27_futwiz;https://www.futwiz.com/fc27/player/luis-sanchez/20882;2026-10-08
PRO_012;note_defense;fc27_futwiz;https://www.futwiz.com/fc27/player/luis-sanchez/20882;2026-10-08
PRO_012;detente;fc27_futwiz;https://www.futwiz.com/fc27/player/luis-sanchez/20882;2026-10-08
PRO_012;endurance;fc27_futwiz;https://www.futwiz.com/fc27/player/luis-sanchez/20882;2026-10-08
PRO_012;force;fc27_futwiz;https://www.futwiz.com/fc27/player/luis-sanchez/20882;2026-10-08
PRO_012;agressivite;fc27_futwiz;https://www.futwiz.com/fc27/player/luis-sanchez/20882;2026-10-08
PRO_012;note_physique;fc27_futwiz;https://www.futwiz.com/fc27/player/luis-sanchez/20882;2026-10-08
PRO_012;gardien_plongeon;non_applicable;;2026-10-08
PRO_012;gardien_prise_de_balle;non_applicable;;2026-10-08
PRO_012;gardien_jeu_au_pied;non_applicable;;2026-10-08
PRO_012;gardien_reflexes;non_applicable;;2026-10-08
PRO_012;gardien_sorties;non_applicable;;2026-10-08
PRO_012;gardien_placement;non_applicable;;2026-10-08
PRO_012;nom_fc27;fc27_futwiz;https://www.futwiz.com/fc27/player/luis-sanchez/20882;2026-10-08
PRO_012;note_generale_fc27;fc27_futwiz;https://www.futwiz.com/fc27/player/luis-sanchez/20882;2026-10-08
PRO_012;poste_fc27;fc27_futwiz;https://www.futwiz.com/fc27/player/luis-sanchez/20882;2026-10-08
PRO_012;groupe_poste_fc27;derive_fc27;https://www.futwiz.com/fc27/player/luis-sanchez/20882;2026-10-08
PRO_012;fc27_url;metadonnee;;2026-10-08
PRO_012;fc27_id_fiche;metadonnee;;2026-10-08
PRO_012;fc27_version_carte;metadonnee;;2026-10-08
PRO_012;playstyles_fc27_observes;fc27_futwiz;https://www.futwiz.com/fc27/player/luis-sanchez/20882;2026-10-08
PRO_012;gardien_vitesse;non_applicable;;2026-10-08
PRO_012;statut_import_fc27;metadonnee;;2026-10-08
PRO_012;provenance_biometrie;metadonnee;;2026-10-08
PRO_012;provenance_pied_fort;metadonnee;;2026-10-08
PRO_012;provenance_attributs;metadonnee;;2026-10-08
PRO_012;provenance_notes_groupes;metadonnee;;2026-10-08
PRO_012;provenance_scenario;metadonnee;;2026-10-08
PRO_013;joueur_id;metadonnee;;2026-10-08
PRO_013;nom;fc27_futwiz;https://www.futwiz.com/fc27/player/julio-gonzalez/20881;2026-10-08
PRO_013;type_joueur;metadonnee;;2026-10-08
PRO_013;club;non_disponible;;2026-10-08
PRO_013;groupe_poste;derive_fc27;https://www.futwiz.com/fc27/player/julio-gonzalez/20881;2026-10-08
PRO_013;gardien;fc27_futwiz;https://www.futwiz.com/fc27/player/julio-gonzalez/20881;2026-10-08
PRO_013;date_reference;metadonnee;;2026-10-08
PRO_013;date_naissance_simulee;simule;;2026-10-08
PRO_013;age;simule;;2026-10-08
PRO_013;taille_cm;simule;;2026-10-08
PRO_013;poids_kg;simule;;2026-10-08
PRO_013;pied_fort;fc27_futwiz;https://www.futwiz.com/fc27/player/julio-gonzalez/20881;2026-10-08
PRO_013;personnalite_tags;simule;;2026-10-08
PRO_013;specialite_tags;simule;;2026-10-08
PRO_013;langues_parlees;simule;;2026-10-08
PRO_013;relation_equipe_score;simule;;2026-10-08
PRO_013;satisfaction_score;simule;;2026-10-08
PRO_013;satisfaction_motif;simule;;2026-10-08
PRO_013;fatigue_score;simule;;2026-10-08
PRO_013;sante_score;simule;;2026-10-08
PRO_013;statut_sante;simule;;2026-10-08
PRO_013;indicateur_sante;simule;;2026-10-08
PRO_013;disponibilite;simule;;2026-10-08
PRO_013;retour_prevu;non_disponible;;2026-10-08
PRO_013;nb_blessures_12_mois;simule;;2026-10-08
PRO_013;affinites_positives_ids;simule;;2026-10-08
PRO_013;affinites_negatives_ids;simule;;2026-10-08
PRO_013;provenance_identite;metadonnee;;2026-10-08
PRO_013;provenance_groupe_poste;metadonnee;;2026-10-08
PRO_013;provenance_autres_champs;metadonnee;;2026-10-08
PRO_013;source_url;metadonnee;;2026-10-08
PRO_013;source_consultee_le;metadonnee;;2026-10-08
PRO_013;relation_equipe_general;simule;;2026-10-08
PRO_013;acceleration;fc27_futwiz;https://www.futwiz.com/fc27/player/julio-gonzalez/20881;2026-10-08
PRO_013;vitesse_de_pointe;fc27_futwiz;https://www.futwiz.com/fc27/player/julio-gonzalez/20881;2026-10-08
PRO_013;note_vitesse;fc27_futwiz;https://www.futwiz.com/fc27/player/julio-gonzalez/20881;2026-10-08
PRO_013;placement_offensif;fc27_futwiz;https://www.futwiz.com/fc27/player/julio-gonzalez/20881;2026-10-08
PRO_013;finition;fc27_futwiz;https://www.futwiz.com/fc27/player/julio-gonzalez/20881;2026-10-08
PRO_013;puissance_de_tir;fc27_futwiz;https://www.futwiz.com/fc27/player/julio-gonzalez/20881;2026-10-08
PRO_013;tir_de_loin;fc27_futwiz;https://www.futwiz.com/fc27/player/julio-gonzalez/20881;2026-10-08
PRO_013;volee;fc27_futwiz;https://www.futwiz.com/fc27/player/julio-gonzalez/20881;2026-10-08
PRO_013;penalty;fc27_futwiz;https://www.futwiz.com/fc27/player/julio-gonzalez/20881;2026-10-08
PRO_013;note_frappe;fc27_futwiz;https://www.futwiz.com/fc27/player/julio-gonzalez/20881;2026-10-08
PRO_013;vista;fc27_futwiz;https://www.futwiz.com/fc27/player/julio-gonzalez/20881;2026-10-08
PRO_013;centre;fc27_futwiz;https://www.futwiz.com/fc27/player/julio-gonzalez/20881;2026-10-08
PRO_013;precision_coup_franc;fc27_futwiz;https://www.futwiz.com/fc27/player/julio-gonzalez/20881;2026-10-08
PRO_013;passe_courte;fc27_futwiz;https://www.futwiz.com/fc27/player/julio-gonzalez/20881;2026-10-08
PRO_013;passe_longue;fc27_futwiz;https://www.futwiz.com/fc27/player/julio-gonzalez/20881;2026-10-08
PRO_013;effet;fc27_futwiz;https://www.futwiz.com/fc27/player/julio-gonzalez/20881;2026-10-08
PRO_013;note_passe;fc27_futwiz;https://www.futwiz.com/fc27/player/julio-gonzalez/20881;2026-10-08
PRO_013;agilite;fc27_futwiz;https://www.futwiz.com/fc27/player/julio-gonzalez/20881;2026-10-08
PRO_013;equilibre;fc27_futwiz;https://www.futwiz.com/fc27/player/julio-gonzalez/20881;2026-10-08
PRO_013;reactivite;fc27_futwiz;https://www.futwiz.com/fc27/player/julio-gonzalez/20881;2026-10-08
PRO_013;conduite_de_balle;fc27_futwiz;https://www.futwiz.com/fc27/player/julio-gonzalez/20881;2026-10-08
PRO_013;dribble;fc27_futwiz;https://www.futwiz.com/fc27/player/julio-gonzalez/20881;2026-10-08
PRO_013;calme;fc27_futwiz;https://www.futwiz.com/fc27/player/julio-gonzalez/20881;2026-10-08
PRO_013;note_dribble;fc27_futwiz;https://www.futwiz.com/fc27/player/julio-gonzalez/20881;2026-10-08
PRO_013;interception;fc27_futwiz;https://www.futwiz.com/fc27/player/julio-gonzalez/20881;2026-10-08
PRO_013;precision_de_la_tete;fc27_futwiz;https://www.futwiz.com/fc27/player/julio-gonzalez/20881;2026-10-08
PRO_013;lucidite_defensive;fc27_futwiz;https://www.futwiz.com/fc27/player/julio-gonzalez/20881;2026-10-08
PRO_013;tacle_debout;fc27_futwiz;https://www.futwiz.com/fc27/player/julio-gonzalez/20881;2026-10-08
PRO_013;tacle_glisse;fc27_futwiz;https://www.futwiz.com/fc27/player/julio-gonzalez/20881;2026-10-08
PRO_013;note_defense;fc27_futwiz;https://www.futwiz.com/fc27/player/julio-gonzalez/20881;2026-10-08
PRO_013;detente;fc27_futwiz;https://www.futwiz.com/fc27/player/julio-gonzalez/20881;2026-10-08
PRO_013;endurance;fc27_futwiz;https://www.futwiz.com/fc27/player/julio-gonzalez/20881;2026-10-08
PRO_013;force;fc27_futwiz;https://www.futwiz.com/fc27/player/julio-gonzalez/20881;2026-10-08
PRO_013;agressivite;fc27_futwiz;https://www.futwiz.com/fc27/player/julio-gonzalez/20881;2026-10-08
PRO_013;note_physique;fc27_futwiz;https://www.futwiz.com/fc27/player/julio-gonzalez/20881;2026-10-08
PRO_013;gardien_plongeon;fc27_futwiz;https://www.futwiz.com/fc27/player/julio-gonzalez/20881;2026-10-08
PRO_013;gardien_prise_de_balle;fc27_futwiz;https://www.futwiz.com/fc27/player/julio-gonzalez/20881;2026-10-08
PRO_013;gardien_jeu_au_pied;fc27_futwiz;https://www.futwiz.com/fc27/player/julio-gonzalez/20881;2026-10-08
PRO_013;gardien_reflexes;fc27_futwiz;https://www.futwiz.com/fc27/player/julio-gonzalez/20881;2026-10-08
PRO_013;gardien_sorties;simule;;2026-10-08
PRO_013;gardien_placement;fc27_futwiz;https://www.futwiz.com/fc27/player/julio-gonzalez/20881;2026-10-08
PRO_013;nom_fc27;fc27_futwiz;https://www.futwiz.com/fc27/player/julio-gonzalez/20881;2026-10-08
PRO_013;note_generale_fc27;fc27_futwiz;https://www.futwiz.com/fc27/player/julio-gonzalez/20881;2026-10-08
PRO_013;poste_fc27;fc27_futwiz;https://www.futwiz.com/fc27/player/julio-gonzalez/20881;2026-10-08
PRO_013;groupe_poste_fc27;derive_fc27;https://www.futwiz.com/fc27/player/julio-gonzalez/20881;2026-10-08
PRO_013;fc27_url;metadonnee;;2026-10-08
PRO_013;fc27_id_fiche;metadonnee;;2026-10-08
PRO_013;fc27_version_carte;metadonnee;;2026-10-08
PRO_013;playstyles_fc27_observes;fc27_futwiz;https://www.futwiz.com/fc27/player/julio-gonzalez/20881;2026-10-08
PRO_013;gardien_vitesse;fc27_futwiz;https://www.futwiz.com/fc27/player/julio-gonzalez/20881;2026-10-08
PRO_013;statut_import_fc27;metadonnee;;2026-10-08
PRO_013;provenance_biometrie;metadonnee;;2026-10-08
PRO_013;provenance_pied_fort;metadonnee;;2026-10-08
PRO_013;provenance_attributs;metadonnee;;2026-10-08
PRO_013;provenance_notes_groupes;metadonnee;;2026-10-08
PRO_013;provenance_scenario;metadonnee;;2026-10-08
PRO_014;joueur_id;metadonnee;;2026-10-08
PRO_014;nom;fc27_futwiz;https://www.futwiz.com/fc27/player/andreas-weimann/20880;2026-10-08
PRO_014;type_joueur;metadonnee;;2026-10-08
PRO_014;club;non_disponible;;2026-10-08
PRO_014;groupe_poste;derive_fc27;https://www.futwiz.com/fc27/player/andreas-weimann/20880;2026-10-08
PRO_014;gardien;fc27_futwiz;https://www.futwiz.com/fc27/player/andreas-weimann/20880;2026-10-08
PRO_014;date_reference;metadonnee;;2026-10-08
PRO_014;date_naissance_simulee;simule;;2026-10-08
PRO_014;age;simule;;2026-10-08
PRO_014;taille_cm;simule;;2026-10-08
PRO_014;poids_kg;simule;;2026-10-08
PRO_014;pied_fort;fc27_futwiz;https://www.futwiz.com/fc27/player/andreas-weimann/20880;2026-10-08
PRO_014;personnalite_tags;simule;;2026-10-08
PRO_014;specialite_tags;simule;;2026-10-08
PRO_014;langues_parlees;simule;;2026-10-08
PRO_014;relation_equipe_score;simule;;2026-10-08
PRO_014;satisfaction_score;simule;;2026-10-08
PRO_014;satisfaction_motif;simule;;2026-10-08
PRO_014;fatigue_score;simule;;2026-10-08
PRO_014;sante_score;simule;;2026-10-08
PRO_014;statut_sante;simule;;2026-10-08
PRO_014;indicateur_sante;simule;;2026-10-08
PRO_014;disponibilite;simule;;2026-10-08
PRO_014;retour_prevu;simule;;2026-10-08
PRO_014;nb_blessures_12_mois;simule;;2026-10-08
PRO_014;affinites_positives_ids;simule;;2026-10-08
PRO_014;affinites_negatives_ids;simule;;2026-10-08
PRO_014;provenance_identite;metadonnee;;2026-10-08
PRO_014;provenance_groupe_poste;metadonnee;;2026-10-08
PRO_014;provenance_autres_champs;metadonnee;;2026-10-08
PRO_014;source_url;metadonnee;;2026-10-08
PRO_014;source_consultee_le;metadonnee;;2026-10-08
PRO_014;relation_equipe_general;simule;;2026-10-08
PRO_014;acceleration;fc27_futwiz;https://www.futwiz.com/fc27/player/andreas-weimann/20880;2026-10-08
PRO_014;vitesse_de_pointe;fc27_futwiz;https://www.futwiz.com/fc27/player/andreas-weimann/20880;2026-10-08
PRO_014;note_vitesse;fc27_futwiz;https://www.futwiz.com/fc27/player/andreas-weimann/20880;2026-10-08
PRO_014;placement_offensif;fc27_futwiz;https://www.futwiz.com/fc27/player/andreas-weimann/20880;2026-10-08
PRO_014;finition;fc27_futwiz;https://www.futwiz.com/fc27/player/andreas-weimann/20880;2026-10-08
PRO_014;puissance_de_tir;fc27_futwiz;https://www.futwiz.com/fc27/player/andreas-weimann/20880;2026-10-08
PRO_014;tir_de_loin;fc27_futwiz;https://www.futwiz.com/fc27/player/andreas-weimann/20880;2026-10-08
PRO_014;volee;fc27_futwiz;https://www.futwiz.com/fc27/player/andreas-weimann/20880;2026-10-08
PRO_014;penalty;fc27_futwiz;https://www.futwiz.com/fc27/player/andreas-weimann/20880;2026-10-08
PRO_014;note_frappe;fc27_futwiz;https://www.futwiz.com/fc27/player/andreas-weimann/20880;2026-10-08
PRO_014;vista;fc27_futwiz;https://www.futwiz.com/fc27/player/andreas-weimann/20880;2026-10-08
PRO_014;centre;fc27_futwiz;https://www.futwiz.com/fc27/player/andreas-weimann/20880;2026-10-08
PRO_014;precision_coup_franc;fc27_futwiz;https://www.futwiz.com/fc27/player/andreas-weimann/20880;2026-10-08
PRO_014;passe_courte;fc27_futwiz;https://www.futwiz.com/fc27/player/andreas-weimann/20880;2026-10-08
PRO_014;passe_longue;fc27_futwiz;https://www.futwiz.com/fc27/player/andreas-weimann/20880;2026-10-08
PRO_014;effet;fc27_futwiz;https://www.futwiz.com/fc27/player/andreas-weimann/20880;2026-10-08
PRO_014;note_passe;fc27_futwiz;https://www.futwiz.com/fc27/player/andreas-weimann/20880;2026-10-08
PRO_014;agilite;fc27_futwiz;https://www.futwiz.com/fc27/player/andreas-weimann/20880;2026-10-08
PRO_014;equilibre;fc27_futwiz;https://www.futwiz.com/fc27/player/andreas-weimann/20880;2026-10-08
PRO_014;reactivite;fc27_futwiz;https://www.futwiz.com/fc27/player/andreas-weimann/20880;2026-10-08
PRO_014;conduite_de_balle;fc27_futwiz;https://www.futwiz.com/fc27/player/andreas-weimann/20880;2026-10-08
PRO_014;dribble;fc27_futwiz;https://www.futwiz.com/fc27/player/andreas-weimann/20880;2026-10-08
PRO_014;calme;fc27_futwiz;https://www.futwiz.com/fc27/player/andreas-weimann/20880;2026-10-08
PRO_014;note_dribble;fc27_futwiz;https://www.futwiz.com/fc27/player/andreas-weimann/20880;2026-10-08
PRO_014;interception;fc27_futwiz;https://www.futwiz.com/fc27/player/andreas-weimann/20880;2026-10-08
PRO_014;precision_de_la_tete;fc27_futwiz;https://www.futwiz.com/fc27/player/andreas-weimann/20880;2026-10-08
PRO_014;lucidite_defensive;fc27_futwiz;https://www.futwiz.com/fc27/player/andreas-weimann/20880;2026-10-08
PRO_014;tacle_debout;fc27_futwiz;https://www.futwiz.com/fc27/player/andreas-weimann/20880;2026-10-08
PRO_014;tacle_glisse;fc27_futwiz;https://www.futwiz.com/fc27/player/andreas-weimann/20880;2026-10-08
PRO_014;note_defense;fc27_futwiz;https://www.futwiz.com/fc27/player/andreas-weimann/20880;2026-10-08
PRO_014;detente;fc27_futwiz;https://www.futwiz.com/fc27/player/andreas-weimann/20880;2026-10-08
PRO_014;endurance;fc27_futwiz;https://www.futwiz.com/fc27/player/andreas-weimann/20880;2026-10-08
PRO_014;force;fc27_futwiz;https://www.futwiz.com/fc27/player/andreas-weimann/20880;2026-10-08
PRO_014;agressivite;fc27_futwiz;https://www.futwiz.com/fc27/player/andreas-weimann/20880;2026-10-08
PRO_014;note_physique;fc27_futwiz;https://www.futwiz.com/fc27/player/andreas-weimann/20880;2026-10-08
PRO_014;gardien_plongeon;non_applicable;;2026-10-08
PRO_014;gardien_prise_de_balle;non_applicable;;2026-10-08
PRO_014;gardien_jeu_au_pied;non_applicable;;2026-10-08
PRO_014;gardien_reflexes;non_applicable;;2026-10-08
PRO_014;gardien_sorties;non_applicable;;2026-10-08
PRO_014;gardien_placement;non_applicable;;2026-10-08
PRO_014;nom_fc27;fc27_futwiz;https://www.futwiz.com/fc27/player/andreas-weimann/20880;2026-10-08
PRO_014;note_generale_fc27;fc27_futwiz;https://www.futwiz.com/fc27/player/andreas-weimann/20880;2026-10-08
PRO_014;poste_fc27;fc27_futwiz;https://www.futwiz.com/fc27/player/andreas-weimann/20880;2026-10-08
PRO_014;groupe_poste_fc27;derive_fc27;https://www.futwiz.com/fc27/player/andreas-weimann/20880;2026-10-08
PRO_014;fc27_url;metadonnee;;2026-10-08
PRO_014;fc27_id_fiche;metadonnee;;2026-10-08
PRO_014;fc27_version_carte;metadonnee;;2026-10-08
PRO_014;playstyles_fc27_observes;fc27_futwiz;https://www.futwiz.com/fc27/player/andreas-weimann/20880;2026-10-08
PRO_014;gardien_vitesse;non_applicable;;2026-10-08
PRO_014;statut_import_fc27;metadonnee;;2026-10-08
PRO_014;provenance_biometrie;metadonnee;;2026-10-08
PRO_014;provenance_pied_fort;metadonnee;;2026-10-08
PRO_014;provenance_attributs;metadonnee;;2026-10-08
PRO_014;provenance_notes_groupes;metadonnee;;2026-10-08
PRO_014;provenance_scenario;metadonnee;;2026-10-08
PRO_015;joueur_id;metadonnee;;2026-10-08
PRO_015;nom;fc27_futwiz;https://www.futwiz.com/fc27/player/ivan-ramirez/20879;2026-10-08
PRO_015;type_joueur;metadonnee;;2026-10-08
PRO_015;club;non_disponible;;2026-10-08
PRO_015;groupe_poste;derive_fc27;https://www.futwiz.com/fc27/player/ivan-ramirez/20879;2026-10-08
PRO_015;gardien;fc27_futwiz;https://www.futwiz.com/fc27/player/ivan-ramirez/20879;2026-10-08
PRO_015;date_reference;metadonnee;;2026-10-08
PRO_015;date_naissance_simulee;simule;;2026-10-08
PRO_015;age;simule;;2026-10-08
PRO_015;taille_cm;simule;;2026-10-08
PRO_015;poids_kg;simule;;2026-10-08
PRO_015;pied_fort;fc27_futwiz;https://www.futwiz.com/fc27/player/ivan-ramirez/20879;2026-10-08
PRO_015;personnalite_tags;simule;;2026-10-08
PRO_015;specialite_tags;simule;;2026-10-08
PRO_015;langues_parlees;simule;;2026-10-08
PRO_015;relation_equipe_score;simule;;2026-10-08
PRO_015;satisfaction_score;simule;;2026-10-08
PRO_015;satisfaction_motif;simule;;2026-10-08
PRO_015;fatigue_score;simule;;2026-10-08
PRO_015;sante_score;simule;;2026-10-08
PRO_015;statut_sante;simule;;2026-10-08
PRO_015;indicateur_sante;simule;;2026-10-08
PRO_015;disponibilite;simule;;2026-10-08
PRO_015;retour_prevu;non_disponible;;2026-10-08
PRO_015;nb_blessures_12_mois;simule;;2026-10-08
PRO_015;affinites_positives_ids;simule;;2026-10-08
PRO_015;affinites_negatives_ids;simule;;2026-10-08
PRO_015;provenance_identite;metadonnee;;2026-10-08
PRO_015;provenance_groupe_poste;metadonnee;;2026-10-08
PRO_015;provenance_autres_champs;metadonnee;;2026-10-08
PRO_015;source_url;metadonnee;;2026-10-08
PRO_015;source_consultee_le;metadonnee;;2026-10-08
PRO_015;relation_equipe_general;simule;;2026-10-08
PRO_015;acceleration;fc27_futwiz;https://www.futwiz.com/fc27/player/ivan-ramirez/20879;2026-10-08
PRO_015;vitesse_de_pointe;fc27_futwiz;https://www.futwiz.com/fc27/player/ivan-ramirez/20879;2026-10-08
PRO_015;note_vitesse;fc27_futwiz;https://www.futwiz.com/fc27/player/ivan-ramirez/20879;2026-10-08
PRO_015;placement_offensif;fc27_futwiz;https://www.futwiz.com/fc27/player/ivan-ramirez/20879;2026-10-08
PRO_015;finition;fc27_futwiz;https://www.futwiz.com/fc27/player/ivan-ramirez/20879;2026-10-08
PRO_015;puissance_de_tir;fc27_futwiz;https://www.futwiz.com/fc27/player/ivan-ramirez/20879;2026-10-08
PRO_015;tir_de_loin;fc27_futwiz;https://www.futwiz.com/fc27/player/ivan-ramirez/20879;2026-10-08
PRO_015;volee;fc27_futwiz;https://www.futwiz.com/fc27/player/ivan-ramirez/20879;2026-10-08
PRO_015;penalty;fc27_futwiz;https://www.futwiz.com/fc27/player/ivan-ramirez/20879;2026-10-08
PRO_015;note_frappe;fc27_futwiz;https://www.futwiz.com/fc27/player/ivan-ramirez/20879;2026-10-08
PRO_015;vista;fc27_futwiz;https://www.futwiz.com/fc27/player/ivan-ramirez/20879;2026-10-08
PRO_015;centre;fc27_futwiz;https://www.futwiz.com/fc27/player/ivan-ramirez/20879;2026-10-08
PRO_015;precision_coup_franc;fc27_futwiz;https://www.futwiz.com/fc27/player/ivan-ramirez/20879;2026-10-08
PRO_015;passe_courte;fc27_futwiz;https://www.futwiz.com/fc27/player/ivan-ramirez/20879;2026-10-08
PRO_015;passe_longue;fc27_futwiz;https://www.futwiz.com/fc27/player/ivan-ramirez/20879;2026-10-08
PRO_015;effet;fc27_futwiz;https://www.futwiz.com/fc27/player/ivan-ramirez/20879;2026-10-08
PRO_015;note_passe;fc27_futwiz;https://www.futwiz.com/fc27/player/ivan-ramirez/20879;2026-10-08
PRO_015;agilite;fc27_futwiz;https://www.futwiz.com/fc27/player/ivan-ramirez/20879;2026-10-08
PRO_015;equilibre;fc27_futwiz;https://www.futwiz.com/fc27/player/ivan-ramirez/20879;2026-10-08
PRO_015;reactivite;fc27_futwiz;https://www.futwiz.com/fc27/player/ivan-ramirez/20879;2026-10-08
PRO_015;conduite_de_balle;fc27_futwiz;https://www.futwiz.com/fc27/player/ivan-ramirez/20879;2026-10-08
PRO_015;dribble;fc27_futwiz;https://www.futwiz.com/fc27/player/ivan-ramirez/20879;2026-10-08
PRO_015;calme;fc27_futwiz;https://www.futwiz.com/fc27/player/ivan-ramirez/20879;2026-10-08
PRO_015;note_dribble;fc27_futwiz;https://www.futwiz.com/fc27/player/ivan-ramirez/20879;2026-10-08
PRO_015;interception;fc27_futwiz;https://www.futwiz.com/fc27/player/ivan-ramirez/20879;2026-10-08
PRO_015;precision_de_la_tete;fc27_futwiz;https://www.futwiz.com/fc27/player/ivan-ramirez/20879;2026-10-08
PRO_015;lucidite_defensive;fc27_futwiz;https://www.futwiz.com/fc27/player/ivan-ramirez/20879;2026-10-08
PRO_015;tacle_debout;fc27_futwiz;https://www.futwiz.com/fc27/player/ivan-ramirez/20879;2026-10-08
PRO_015;tacle_glisse;fc27_futwiz;https://www.futwiz.com/fc27/player/ivan-ramirez/20879;2026-10-08
PRO_015;note_defense;fc27_futwiz;https://www.futwiz.com/fc27/player/ivan-ramirez/20879;2026-10-08
PRO_015;detente;fc27_futwiz;https://www.futwiz.com/fc27/player/ivan-ramirez/20879;2026-10-08
PRO_015;endurance;fc27_futwiz;https://www.futwiz.com/fc27/player/ivan-ramirez/20879;2026-10-08
PRO_015;force;fc27_futwiz;https://www.futwiz.com/fc27/player/ivan-ramirez/20879;2026-10-08
PRO_015;agressivite;fc27_futwiz;https://www.futwiz.com/fc27/player/ivan-ramirez/20879;2026-10-08
PRO_015;note_physique;fc27_futwiz;https://www.futwiz.com/fc27/player/ivan-ramirez/20879;2026-10-08
PRO_015;gardien_plongeon;non_applicable;;2026-10-08
PRO_015;gardien_prise_de_balle;non_applicable;;2026-10-08
PRO_015;gardien_jeu_au_pied;non_applicable;;2026-10-08
PRO_015;gardien_reflexes;non_applicable;;2026-10-08
PRO_015;gardien_sorties;non_applicable;;2026-10-08
PRO_015;gardien_placement;non_applicable;;2026-10-08
PRO_015;nom_fc27;fc27_futwiz;https://www.futwiz.com/fc27/player/ivan-ramirez/20879;2026-10-08
PRO_015;note_generale_fc27;fc27_futwiz;https://www.futwiz.com/fc27/player/ivan-ramirez/20879;2026-10-08
PRO_015;poste_fc27;fc27_futwiz;https://www.futwiz.com/fc27/player/ivan-ramirez/20879;2026-10-08
PRO_015;groupe_poste_fc27;derive_fc27;https://www.futwiz.com/fc27/player/ivan-ramirez/20879;2026-10-08
PRO_015;fc27_url;metadonnee;;2026-10-08
PRO_015;fc27_id_fiche;metadonnee;;2026-10-08
PRO_015;fc27_version_carte;metadonnee;;2026-10-08
PRO_015;playstyles_fc27_observes;fc27_futwiz;https://www.futwiz.com/fc27/player/ivan-ramirez/20879;2026-10-08
PRO_015;gardien_vitesse;non_applicable;;2026-10-08
PRO_015;statut_import_fc27;metadonnee;;2026-10-08
PRO_015;provenance_biometrie;metadonnee;;2026-10-08
PRO_015;provenance_pied_fort;metadonnee;;2026-10-08
PRO_015;provenance_attributs;metadonnee;;2026-10-08
PRO_015;provenance_notes_groupes;metadonnee;;2026-10-08
PRO_015;provenance_scenario;metadonnee;;2026-10-08
PRO_016;joueur_id;metadonnee;;2026-10-08
PRO_016;nom;fc27_futwiz;https://www.futwiz.com/fc27/player/alexandru-matan/20877;2026-10-08
PRO_016;type_joueur;metadonnee;;2026-10-08
PRO_016;club;non_disponible;;2026-10-08
PRO_016;groupe_poste;derive_fc27;https://www.futwiz.com/fc27/player/alexandru-matan/20877;2026-10-08
PRO_016;gardien;fc27_futwiz;https://www.futwiz.com/fc27/player/alexandru-matan/20877;2026-10-08
PRO_016;date_reference;metadonnee;;2026-10-08
PRO_016;date_naissance_simulee;simule;;2026-10-08
PRO_016;age;simule;;2026-10-08
PRO_016;taille_cm;simule;;2026-10-08
PRO_016;poids_kg;simule;;2026-10-08
PRO_016;pied_fort;fc27_futwiz;https://www.futwiz.com/fc27/player/alexandru-matan/20877;2026-10-08
PRO_016;personnalite_tags;simule;;2026-10-08
PRO_016;specialite_tags;simule;;2026-10-08
PRO_016;langues_parlees;simule;;2026-10-08
PRO_016;relation_equipe_score;simule;;2026-10-08
PRO_016;satisfaction_score;simule;;2026-10-08
PRO_016;satisfaction_motif;simule;;2026-10-08
PRO_016;fatigue_score;simule;;2026-10-08
PRO_016;sante_score;simule;;2026-10-08
PRO_016;statut_sante;simule;;2026-10-08
PRO_016;indicateur_sante;simule;;2026-10-08
PRO_016;disponibilite;simule;;2026-10-08
PRO_016;retour_prevu;non_disponible;;2026-10-08
PRO_016;nb_blessures_12_mois;simule;;2026-10-08
PRO_016;affinites_positives_ids;simule;;2026-10-08
PRO_016;affinites_negatives_ids;simule;;2026-10-08
PRO_016;provenance_identite;metadonnee;;2026-10-08
PRO_016;provenance_groupe_poste;metadonnee;;2026-10-08
PRO_016;provenance_autres_champs;metadonnee;;2026-10-08
PRO_016;source_url;metadonnee;;2026-10-08
PRO_016;source_consultee_le;metadonnee;;2026-10-08
PRO_016;relation_equipe_general;simule;;2026-10-08
PRO_016;acceleration;fc27_futwiz;https://www.futwiz.com/fc27/player/alexandru-matan/20877;2026-10-08
PRO_016;vitesse_de_pointe;fc27_futwiz;https://www.futwiz.com/fc27/player/alexandru-matan/20877;2026-10-08
PRO_016;note_vitesse;fc27_futwiz;https://www.futwiz.com/fc27/player/alexandru-matan/20877;2026-10-08
PRO_016;placement_offensif;fc27_futwiz;https://www.futwiz.com/fc27/player/alexandru-matan/20877;2026-10-08
PRO_016;finition;fc27_futwiz;https://www.futwiz.com/fc27/player/alexandru-matan/20877;2026-10-08
PRO_016;puissance_de_tir;fc27_futwiz;https://www.futwiz.com/fc27/player/alexandru-matan/20877;2026-10-08
PRO_016;tir_de_loin;fc27_futwiz;https://www.futwiz.com/fc27/player/alexandru-matan/20877;2026-10-08
PRO_016;volee;fc27_futwiz;https://www.futwiz.com/fc27/player/alexandru-matan/20877;2026-10-08
PRO_016;penalty;fc27_futwiz;https://www.futwiz.com/fc27/player/alexandru-matan/20877;2026-10-08
PRO_016;note_frappe;fc27_futwiz;https://www.futwiz.com/fc27/player/alexandru-matan/20877;2026-10-08
PRO_016;vista;fc27_futwiz;https://www.futwiz.com/fc27/player/alexandru-matan/20877;2026-10-08
PRO_016;centre;fc27_futwiz;https://www.futwiz.com/fc27/player/alexandru-matan/20877;2026-10-08
PRO_016;precision_coup_franc;fc27_futwiz;https://www.futwiz.com/fc27/player/alexandru-matan/20877;2026-10-08
PRO_016;passe_courte;fc27_futwiz;https://www.futwiz.com/fc27/player/alexandru-matan/20877;2026-10-08
PRO_016;passe_longue;fc27_futwiz;https://www.futwiz.com/fc27/player/alexandru-matan/20877;2026-10-08
PRO_016;effet;fc27_futwiz;https://www.futwiz.com/fc27/player/alexandru-matan/20877;2026-10-08
PRO_016;note_passe;fc27_futwiz;https://www.futwiz.com/fc27/player/alexandru-matan/20877;2026-10-08
PRO_016;agilite;fc27_futwiz;https://www.futwiz.com/fc27/player/alexandru-matan/20877;2026-10-08
PRO_016;equilibre;fc27_futwiz;https://www.futwiz.com/fc27/player/alexandru-matan/20877;2026-10-08
PRO_016;reactivite;fc27_futwiz;https://www.futwiz.com/fc27/player/alexandru-matan/20877;2026-10-08
PRO_016;conduite_de_balle;fc27_futwiz;https://www.futwiz.com/fc27/player/alexandru-matan/20877;2026-10-08
PRO_016;dribble;fc27_futwiz;https://www.futwiz.com/fc27/player/alexandru-matan/20877;2026-10-08
PRO_016;calme;fc27_futwiz;https://www.futwiz.com/fc27/player/alexandru-matan/20877;2026-10-08
PRO_016;note_dribble;fc27_futwiz;https://www.futwiz.com/fc27/player/alexandru-matan/20877;2026-10-08
PRO_016;interception;fc27_futwiz;https://www.futwiz.com/fc27/player/alexandru-matan/20877;2026-10-08
PRO_016;precision_de_la_tete;fc27_futwiz;https://www.futwiz.com/fc27/player/alexandru-matan/20877;2026-10-08
PRO_016;lucidite_defensive;fc27_futwiz;https://www.futwiz.com/fc27/player/alexandru-matan/20877;2026-10-08
PRO_016;tacle_debout;fc27_futwiz;https://www.futwiz.com/fc27/player/alexandru-matan/20877;2026-10-08
PRO_016;tacle_glisse;fc27_futwiz;https://www.futwiz.com/fc27/player/alexandru-matan/20877;2026-10-08
PRO_016;note_defense;fc27_futwiz;https://www.futwiz.com/fc27/player/alexandru-matan/20877;2026-10-08
PRO_016;detente;fc27_futwiz;https://www.futwiz.com/fc27/player/alexandru-matan/20877;2026-10-08
PRO_016;endurance;fc27_futwiz;https://www.futwiz.com/fc27/player/alexandru-matan/20877;2026-10-08
PRO_016;force;fc27_futwiz;https://www.futwiz.com/fc27/player/alexandru-matan/20877;2026-10-08
PRO_016;agressivite;fc27_futwiz;https://www.futwiz.com/fc27/player/alexandru-matan/20877;2026-10-08
PRO_016;note_physique;fc27_futwiz;https://www.futwiz.com/fc27/player/alexandru-matan/20877;2026-10-08
PRO_016;gardien_plongeon;non_applicable;;2026-10-08
PRO_016;gardien_prise_de_balle;non_applicable;;2026-10-08
PRO_016;gardien_jeu_au_pied;non_applicable;;2026-10-08
PRO_016;gardien_reflexes;non_applicable;;2026-10-08
PRO_016;gardien_sorties;non_applicable;;2026-10-08
PRO_016;gardien_placement;non_applicable;;2026-10-08
PRO_016;nom_fc27;fc27_futwiz;https://www.futwiz.com/fc27/player/alexandru-matan/20877;2026-10-08
PRO_016;note_generale_fc27;fc27_futwiz;https://www.futwiz.com/fc27/player/alexandru-matan/20877;2026-10-08
PRO_016;poste_fc27;fc27_futwiz;https://www.futwiz.com/fc27/player/alexandru-matan/20877;2026-10-08
PRO_016;groupe_poste_fc27;derive_fc27;https://www.futwiz.com/fc27/player/alexandru-matan/20877;2026-10-08
PRO_016;fc27_url;metadonnee;;2026-10-08
PRO_016;fc27_id_fiche;metadonnee;;2026-10-08
PRO_016;fc27_version_carte;metadonnee;;2026-10-08
PRO_016;playstyles_fc27_observes;fc27_futwiz;https://www.futwiz.com/fc27/player/alexandru-matan/20877;2026-10-08
PRO_016;gardien_vitesse;non_applicable;;2026-10-08
PRO_016;statut_import_fc27;metadonnee;;2026-10-08
PRO_016;provenance_biometrie;metadonnee;;2026-10-08
PRO_016;provenance_pied_fort;metadonnee;;2026-10-08
PRO_016;provenance_attributs;metadonnee;;2026-10-08
PRO_016;provenance_notes_groupes;metadonnee;;2026-10-08
PRO_016;provenance_scenario;metadonnee;;2026-10-08
PRO_017;joueur_id;metadonnee;;2026-10-08
PRO_017;nom;fc27_futwiz;https://www.futwiz.com/fc27/player/mawuli-mensah/20876;2026-10-08
PRO_017;type_joueur;metadonnee;;2026-10-08
PRO_017;club;non_disponible;;2026-10-08
PRO_017;groupe_poste;derive_fc27;https://www.futwiz.com/fc27/player/mawuli-mensah/20876;2026-10-08
PRO_017;gardien;fc27_futwiz;https://www.futwiz.com/fc27/player/mawuli-mensah/20876;2026-10-08
PRO_017;date_reference;metadonnee;;2026-10-08
PRO_017;date_naissance_simulee;simule;;2026-10-08
PRO_017;age;simule;;2026-10-08
PRO_017;taille_cm;simule;;2026-10-08
PRO_017;poids_kg;simule;;2026-10-08
PRO_017;pied_fort;fc27_futwiz;https://www.futwiz.com/fc27/player/mawuli-mensah/20876;2026-10-08
PRO_017;personnalite_tags;simule;;2026-10-08
PRO_017;specialite_tags;simule;;2026-10-08
PRO_017;langues_parlees;simule;;2026-10-08
PRO_017;relation_equipe_score;simule;;2026-10-08
PRO_017;satisfaction_score;simule;;2026-10-08
PRO_017;satisfaction_motif;simule;;2026-10-08
PRO_017;fatigue_score;simule;;2026-10-08
PRO_017;sante_score;simule;;2026-10-08
PRO_017;statut_sante;simule;;2026-10-08
PRO_017;indicateur_sante;simule;;2026-10-08
PRO_017;disponibilite;simule;;2026-10-08
PRO_017;retour_prevu;non_disponible;;2026-10-08
PRO_017;nb_blessures_12_mois;simule;;2026-10-08
PRO_017;affinites_positives_ids;simule;;2026-10-08
PRO_017;affinites_negatives_ids;simule;;2026-10-08
PRO_017;provenance_identite;metadonnee;;2026-10-08
PRO_017;provenance_groupe_poste;metadonnee;;2026-10-08
PRO_017;provenance_autres_champs;metadonnee;;2026-10-08
PRO_017;source_url;metadonnee;;2026-10-08
PRO_017;source_consultee_le;metadonnee;;2026-10-08
PRO_017;relation_equipe_general;simule;;2026-10-08
PRO_017;acceleration;fc27_futwiz;https://www.futwiz.com/fc27/player/mawuli-mensah/20876;2026-10-08
PRO_017;vitesse_de_pointe;fc27_futwiz;https://www.futwiz.com/fc27/player/mawuli-mensah/20876;2026-10-08
PRO_017;note_vitesse;fc27_futwiz;https://www.futwiz.com/fc27/player/mawuli-mensah/20876;2026-10-08
PRO_017;placement_offensif;fc27_futwiz;https://www.futwiz.com/fc27/player/mawuli-mensah/20876;2026-10-08
PRO_017;finition;fc27_futwiz;https://www.futwiz.com/fc27/player/mawuli-mensah/20876;2026-10-08
PRO_017;puissance_de_tir;fc27_futwiz;https://www.futwiz.com/fc27/player/mawuli-mensah/20876;2026-10-08
PRO_017;tir_de_loin;fc27_futwiz;https://www.futwiz.com/fc27/player/mawuli-mensah/20876;2026-10-08
PRO_017;volee;fc27_futwiz;https://www.futwiz.com/fc27/player/mawuli-mensah/20876;2026-10-08
PRO_017;penalty;fc27_futwiz;https://www.futwiz.com/fc27/player/mawuli-mensah/20876;2026-10-08
PRO_017;note_frappe;fc27_futwiz;https://www.futwiz.com/fc27/player/mawuli-mensah/20876;2026-10-08
PRO_017;vista;fc27_futwiz;https://www.futwiz.com/fc27/player/mawuli-mensah/20876;2026-10-08
PRO_017;centre;fc27_futwiz;https://www.futwiz.com/fc27/player/mawuli-mensah/20876;2026-10-08
PRO_017;precision_coup_franc;fc27_futwiz;https://www.futwiz.com/fc27/player/mawuli-mensah/20876;2026-10-08
PRO_017;passe_courte;fc27_futwiz;https://www.futwiz.com/fc27/player/mawuli-mensah/20876;2026-10-08
PRO_017;passe_longue;fc27_futwiz;https://www.futwiz.com/fc27/player/mawuli-mensah/20876;2026-10-08
PRO_017;effet;fc27_futwiz;https://www.futwiz.com/fc27/player/mawuli-mensah/20876;2026-10-08
PRO_017;note_passe;fc27_futwiz;https://www.futwiz.com/fc27/player/mawuli-mensah/20876;2026-10-08
PRO_017;agilite;fc27_futwiz;https://www.futwiz.com/fc27/player/mawuli-mensah/20876;2026-10-08
PRO_017;equilibre;fc27_futwiz;https://www.futwiz.com/fc27/player/mawuli-mensah/20876;2026-10-08
PRO_017;reactivite;fc27_futwiz;https://www.futwiz.com/fc27/player/mawuli-mensah/20876;2026-10-08
PRO_017;conduite_de_balle;fc27_futwiz;https://www.futwiz.com/fc27/player/mawuli-mensah/20876;2026-10-08
PRO_017;dribble;fc27_futwiz;https://www.futwiz.com/fc27/player/mawuli-mensah/20876;2026-10-08
PRO_017;calme;fc27_futwiz;https://www.futwiz.com/fc27/player/mawuli-mensah/20876;2026-10-08
PRO_017;note_dribble;fc27_futwiz;https://www.futwiz.com/fc27/player/mawuli-mensah/20876;2026-10-08
PRO_017;interception;fc27_futwiz;https://www.futwiz.com/fc27/player/mawuli-mensah/20876;2026-10-08
PRO_017;precision_de_la_tete;fc27_futwiz;https://www.futwiz.com/fc27/player/mawuli-mensah/20876;2026-10-08
PRO_017;lucidite_defensive;fc27_futwiz;https://www.futwiz.com/fc27/player/mawuli-mensah/20876;2026-10-08
PRO_017;tacle_debout;fc27_futwiz;https://www.futwiz.com/fc27/player/mawuli-mensah/20876;2026-10-08
PRO_017;tacle_glisse;fc27_futwiz;https://www.futwiz.com/fc27/player/mawuli-mensah/20876;2026-10-08
PRO_017;note_defense;fc27_futwiz;https://www.futwiz.com/fc27/player/mawuli-mensah/20876;2026-10-08
PRO_017;detente;fc27_futwiz;https://www.futwiz.com/fc27/player/mawuli-mensah/20876;2026-10-08
PRO_017;endurance;fc27_futwiz;https://www.futwiz.com/fc27/player/mawuli-mensah/20876;2026-10-08
PRO_017;force;fc27_futwiz;https://www.futwiz.com/fc27/player/mawuli-mensah/20876;2026-10-08
PRO_017;agressivite;fc27_futwiz;https://www.futwiz.com/fc27/player/mawuli-mensah/20876;2026-10-08
PRO_017;note_physique;fc27_futwiz;https://www.futwiz.com/fc27/player/mawuli-mensah/20876;2026-10-08
PRO_017;gardien_plongeon;non_applicable;;2026-10-08
PRO_017;gardien_prise_de_balle;non_applicable;;2026-10-08
PRO_017;gardien_jeu_au_pied;non_applicable;;2026-10-08
PRO_017;gardien_reflexes;non_applicable;;2026-10-08
PRO_017;gardien_sorties;non_applicable;;2026-10-08
PRO_017;gardien_placement;non_applicable;;2026-10-08
PRO_017;nom_fc27;fc27_futwiz;https://www.futwiz.com/fc27/player/mawuli-mensah/20876;2026-10-08
PRO_017;note_generale_fc27;fc27_futwiz;https://www.futwiz.com/fc27/player/mawuli-mensah/20876;2026-10-08
PRO_017;poste_fc27;fc27_futwiz;https://www.futwiz.com/fc27/player/mawuli-mensah/20876;2026-10-08
PRO_017;groupe_poste_fc27;derive_fc27;https://www.futwiz.com/fc27/player/mawuli-mensah/20876;2026-10-08
PRO_017;fc27_url;metadonnee;;2026-10-08
PRO_017;fc27_id_fiche;metadonnee;;2026-10-08
PRO_017;fc27_version_carte;metadonnee;;2026-10-08
PRO_017;playstyles_fc27_observes;fc27_futwiz;https://www.futwiz.com/fc27/player/mawuli-mensah/20876;2026-10-08
PRO_017;gardien_vitesse;non_applicable;;2026-10-08
PRO_017;statut_import_fc27;metadonnee;;2026-10-08
PRO_017;provenance_biometrie;metadonnee;;2026-10-08
PRO_017;provenance_pied_fort;metadonnee;;2026-10-08
PRO_017;provenance_attributs;metadonnee;;2026-10-08
PRO_017;provenance_notes_groupes;metadonnee;;2026-10-08
PRO_017;provenance_scenario;metadonnee;;2026-10-08
PRO_018;joueur_id;metadonnee;;2026-10-08
PRO_018;nom;fc27_futwiz;https://www.futwiz.com/fc27/player/junior-sambia/20875;2026-10-08
PRO_018;type_joueur;metadonnee;;2026-10-08
PRO_018;club;non_disponible;;2026-10-08
PRO_018;groupe_poste;derive_fc27;https://www.futwiz.com/fc27/player/junior-sambia/20875;2026-10-08
PRO_018;gardien;fc27_futwiz;https://www.futwiz.com/fc27/player/junior-sambia/20875;2026-10-08
PRO_018;date_reference;metadonnee;;2026-10-08
PRO_018;date_naissance_simulee;simule;;2026-10-08
PRO_018;age;simule;;2026-10-08
PRO_018;taille_cm;simule;;2026-10-08
PRO_018;poids_kg;simule;;2026-10-08
PRO_018;pied_fort;fc27_futwiz;https://www.futwiz.com/fc27/player/junior-sambia/20875;2026-10-08
PRO_018;personnalite_tags;simule;;2026-10-08
PRO_018;specialite_tags;simule;;2026-10-08
PRO_018;langues_parlees;simule;;2026-10-08
PRO_018;relation_equipe_score;simule;;2026-10-08
PRO_018;satisfaction_score;simule;;2026-10-08
PRO_018;satisfaction_motif;simule;;2026-10-08
PRO_018;fatigue_score;simule;;2026-10-08
PRO_018;sante_score;simule;;2026-10-08
PRO_018;statut_sante;simule;;2026-10-08
PRO_018;indicateur_sante;simule;;2026-10-08
PRO_018;disponibilite;simule;;2026-10-08
PRO_018;retour_prevu;non_disponible;;2026-10-08
PRO_018;nb_blessures_12_mois;simule;;2026-10-08
PRO_018;affinites_positives_ids;simule;;2026-10-08
PRO_018;affinites_negatives_ids;simule;;2026-10-08
PRO_018;provenance_identite;metadonnee;;2026-10-08
PRO_018;provenance_groupe_poste;metadonnee;;2026-10-08
PRO_018;provenance_autres_champs;metadonnee;;2026-10-08
PRO_018;source_url;metadonnee;;2026-10-08
PRO_018;source_consultee_le;metadonnee;;2026-10-08
PRO_018;relation_equipe_general;simule;;2026-10-08
PRO_018;acceleration;fc27_futwiz;https://www.futwiz.com/fc27/player/junior-sambia/20875;2026-10-08
PRO_018;vitesse_de_pointe;fc27_futwiz;https://www.futwiz.com/fc27/player/junior-sambia/20875;2026-10-08
PRO_018;note_vitesse;fc27_futwiz;https://www.futwiz.com/fc27/player/junior-sambia/20875;2026-10-08
PRO_018;placement_offensif;fc27_futwiz;https://www.futwiz.com/fc27/player/junior-sambia/20875;2026-10-08
PRO_018;finition;fc27_futwiz;https://www.futwiz.com/fc27/player/junior-sambia/20875;2026-10-08
PRO_018;puissance_de_tir;fc27_futwiz;https://www.futwiz.com/fc27/player/junior-sambia/20875;2026-10-08
PRO_018;tir_de_loin;fc27_futwiz;https://www.futwiz.com/fc27/player/junior-sambia/20875;2026-10-08
PRO_018;volee;fc27_futwiz;https://www.futwiz.com/fc27/player/junior-sambia/20875;2026-10-08
PRO_018;penalty;fc27_futwiz;https://www.futwiz.com/fc27/player/junior-sambia/20875;2026-10-08
PRO_018;note_frappe;fc27_futwiz;https://www.futwiz.com/fc27/player/junior-sambia/20875;2026-10-08
PRO_018;vista;fc27_futwiz;https://www.futwiz.com/fc27/player/junior-sambia/20875;2026-10-08
PRO_018;centre;fc27_futwiz;https://www.futwiz.com/fc27/player/junior-sambia/20875;2026-10-08
PRO_018;precision_coup_franc;fc27_futwiz;https://www.futwiz.com/fc27/player/junior-sambia/20875;2026-10-08
PRO_018;passe_courte;fc27_futwiz;https://www.futwiz.com/fc27/player/junior-sambia/20875;2026-10-08
PRO_018;passe_longue;fc27_futwiz;https://www.futwiz.com/fc27/player/junior-sambia/20875;2026-10-08
PRO_018;effet;fc27_futwiz;https://www.futwiz.com/fc27/player/junior-sambia/20875;2026-10-08
PRO_018;note_passe;fc27_futwiz;https://www.futwiz.com/fc27/player/junior-sambia/20875;2026-10-08
PRO_018;agilite;fc27_futwiz;https://www.futwiz.com/fc27/player/junior-sambia/20875;2026-10-08
PRO_018;equilibre;fc27_futwiz;https://www.futwiz.com/fc27/player/junior-sambia/20875;2026-10-08
PRO_018;reactivite;fc27_futwiz;https://www.futwiz.com/fc27/player/junior-sambia/20875;2026-10-08
PRO_018;conduite_de_balle;fc27_futwiz;https://www.futwiz.com/fc27/player/junior-sambia/20875;2026-10-08
PRO_018;dribble;fc27_futwiz;https://www.futwiz.com/fc27/player/junior-sambia/20875;2026-10-08
PRO_018;calme;fc27_futwiz;https://www.futwiz.com/fc27/player/junior-sambia/20875;2026-10-08
PRO_018;note_dribble;fc27_futwiz;https://www.futwiz.com/fc27/player/junior-sambia/20875;2026-10-08
PRO_018;interception;fc27_futwiz;https://www.futwiz.com/fc27/player/junior-sambia/20875;2026-10-08
PRO_018;precision_de_la_tete;fc27_futwiz;https://www.futwiz.com/fc27/player/junior-sambia/20875;2026-10-08
PRO_018;lucidite_defensive;fc27_futwiz;https://www.futwiz.com/fc27/player/junior-sambia/20875;2026-10-08
PRO_018;tacle_debout;fc27_futwiz;https://www.futwiz.com/fc27/player/junior-sambia/20875;2026-10-08
PRO_018;tacle_glisse;fc27_futwiz;https://www.futwiz.com/fc27/player/junior-sambia/20875;2026-10-08
PRO_018;note_defense;fc27_futwiz;https://www.futwiz.com/fc27/player/junior-sambia/20875;2026-10-08
PRO_018;detente;fc27_futwiz;https://www.futwiz.com/fc27/player/junior-sambia/20875;2026-10-08
PRO_018;endurance;fc27_futwiz;https://www.futwiz.com/fc27/player/junior-sambia/20875;2026-10-08
PRO_018;force;fc27_futwiz;https://www.futwiz.com/fc27/player/junior-sambia/20875;2026-10-08
PRO_018;agressivite;fc27_futwiz;https://www.futwiz.com/fc27/player/junior-sambia/20875;2026-10-08
PRO_018;note_physique;fc27_futwiz;https://www.futwiz.com/fc27/player/junior-sambia/20875;2026-10-08
PRO_018;gardien_plongeon;non_applicable;;2026-10-08
PRO_018;gardien_prise_de_balle;non_applicable;;2026-10-08
PRO_018;gardien_jeu_au_pied;non_applicable;;2026-10-08
PRO_018;gardien_reflexes;non_applicable;;2026-10-08
PRO_018;gardien_sorties;non_applicable;;2026-10-08
PRO_018;gardien_placement;non_applicable;;2026-10-08
PRO_018;nom_fc27;fc27_futwiz;https://www.futwiz.com/fc27/player/junior-sambia/20875;2026-10-08
PRO_018;note_generale_fc27;fc27_futwiz;https://www.futwiz.com/fc27/player/junior-sambia/20875;2026-10-08
PRO_018;poste_fc27;fc27_futwiz;https://www.futwiz.com/fc27/player/junior-sambia/20875;2026-10-08
PRO_018;groupe_poste_fc27;derive_fc27;https://www.futwiz.com/fc27/player/junior-sambia/20875;2026-10-08
PRO_018;fc27_url;metadonnee;;2026-10-08
PRO_018;fc27_id_fiche;metadonnee;;2026-10-08
PRO_018;fc27_version_carte;metadonnee;;2026-10-08
PRO_018;playstyles_fc27_observes;fc27_futwiz;https://www.futwiz.com/fc27/player/junior-sambia/20875;2026-10-08
PRO_018;gardien_vitesse;non_applicable;;2026-10-08
PRO_018;statut_import_fc27;metadonnee;;2026-10-08
PRO_018;provenance_biometrie;metadonnee;;2026-10-08
PRO_018;provenance_pied_fort;metadonnee;;2026-10-08
PRO_018;provenance_attributs;metadonnee;;2026-10-08
PRO_018;provenance_notes_groupes;metadonnee;;2026-10-08
PRO_018;provenance_scenario;metadonnee;;2026-10-08
PRO_019;joueur_id;metadonnee;;2026-10-08
PRO_019;nom;fc27_futwiz;https://www.futwiz.com/fc27/player/alireza-jahanbakhsh/20874;2026-10-08
PRO_019;type_joueur;metadonnee;;2026-10-08
PRO_019;club;non_disponible;;2026-10-08
PRO_019;groupe_poste;derive_fc27;https://www.futwiz.com/fc27/player/alireza-jahanbakhsh/20874;2026-10-08
PRO_019;gardien;fc27_futwiz;https://www.futwiz.com/fc27/player/alireza-jahanbakhsh/20874;2026-10-08
PRO_019;date_reference;metadonnee;;2026-10-08
PRO_019;date_naissance_simulee;simule;;2026-10-08
PRO_019;age;simule;;2026-10-08
PRO_019;taille_cm;simule;;2026-10-08
PRO_019;poids_kg;simule;;2026-10-08
PRO_019;pied_fort;fc27_futwiz;https://www.futwiz.com/fc27/player/alireza-jahanbakhsh/20874;2026-10-08
PRO_019;personnalite_tags;simule;;2026-10-08
PRO_019;specialite_tags;simule;;2026-10-08
PRO_019;langues_parlees;simule;;2026-10-08
PRO_019;relation_equipe_score;simule;;2026-10-08
PRO_019;satisfaction_score;simule;;2026-10-08
PRO_019;satisfaction_motif;simule;;2026-10-08
PRO_019;fatigue_score;simule;;2026-10-08
PRO_019;sante_score;simule;;2026-10-08
PRO_019;statut_sante;simule;;2026-10-08
PRO_019;indicateur_sante;simule;;2026-10-08
PRO_019;disponibilite;simule;;2026-10-08
PRO_019;retour_prevu;simule;;2026-10-08
PRO_019;nb_blessures_12_mois;simule;;2026-10-08
PRO_019;affinites_positives_ids;simule;;2026-10-08
PRO_019;affinites_negatives_ids;simule;;2026-10-08
PRO_019;provenance_identite;metadonnee;;2026-10-08
PRO_019;provenance_groupe_poste;metadonnee;;2026-10-08
PRO_019;provenance_autres_champs;metadonnee;;2026-10-08
PRO_019;source_url;metadonnee;;2026-10-08
PRO_019;source_consultee_le;metadonnee;;2026-10-08
PRO_019;relation_equipe_general;simule;;2026-10-08
PRO_019;acceleration;fc27_futwiz;https://www.futwiz.com/fc27/player/alireza-jahanbakhsh/20874;2026-10-08
PRO_019;vitesse_de_pointe;fc27_futwiz;https://www.futwiz.com/fc27/player/alireza-jahanbakhsh/20874;2026-10-08
PRO_019;note_vitesse;fc27_futwiz;https://www.futwiz.com/fc27/player/alireza-jahanbakhsh/20874;2026-10-08
PRO_019;placement_offensif;fc27_futwiz;https://www.futwiz.com/fc27/player/alireza-jahanbakhsh/20874;2026-10-08
PRO_019;finition;fc27_futwiz;https://www.futwiz.com/fc27/player/alireza-jahanbakhsh/20874;2026-10-08
PRO_019;puissance_de_tir;fc27_futwiz;https://www.futwiz.com/fc27/player/alireza-jahanbakhsh/20874;2026-10-08
PRO_019;tir_de_loin;fc27_futwiz;https://www.futwiz.com/fc27/player/alireza-jahanbakhsh/20874;2026-10-08
PRO_019;volee;fc27_futwiz;https://www.futwiz.com/fc27/player/alireza-jahanbakhsh/20874;2026-10-08
PRO_019;penalty;fc27_futwiz;https://www.futwiz.com/fc27/player/alireza-jahanbakhsh/20874;2026-10-08
PRO_019;note_frappe;fc27_futwiz;https://www.futwiz.com/fc27/player/alireza-jahanbakhsh/20874;2026-10-08
PRO_019;vista;fc27_futwiz;https://www.futwiz.com/fc27/player/alireza-jahanbakhsh/20874;2026-10-08
PRO_019;centre;fc27_futwiz;https://www.futwiz.com/fc27/player/alireza-jahanbakhsh/20874;2026-10-08
PRO_019;precision_coup_franc;fc27_futwiz;https://www.futwiz.com/fc27/player/alireza-jahanbakhsh/20874;2026-10-08
PRO_019;passe_courte;fc27_futwiz;https://www.futwiz.com/fc27/player/alireza-jahanbakhsh/20874;2026-10-08
PRO_019;passe_longue;fc27_futwiz;https://www.futwiz.com/fc27/player/alireza-jahanbakhsh/20874;2026-10-08
PRO_019;effet;fc27_futwiz;https://www.futwiz.com/fc27/player/alireza-jahanbakhsh/20874;2026-10-08
PRO_019;note_passe;fc27_futwiz;https://www.futwiz.com/fc27/player/alireza-jahanbakhsh/20874;2026-10-08
PRO_019;agilite;fc27_futwiz;https://www.futwiz.com/fc27/player/alireza-jahanbakhsh/20874;2026-10-08
PRO_019;equilibre;fc27_futwiz;https://www.futwiz.com/fc27/player/alireza-jahanbakhsh/20874;2026-10-08
PRO_019;reactivite;fc27_futwiz;https://www.futwiz.com/fc27/player/alireza-jahanbakhsh/20874;2026-10-08
PRO_019;conduite_de_balle;fc27_futwiz;https://www.futwiz.com/fc27/player/alireza-jahanbakhsh/20874;2026-10-08
PRO_019;dribble;fc27_futwiz;https://www.futwiz.com/fc27/player/alireza-jahanbakhsh/20874;2026-10-08
PRO_019;calme;fc27_futwiz;https://www.futwiz.com/fc27/player/alireza-jahanbakhsh/20874;2026-10-08
PRO_019;note_dribble;fc27_futwiz;https://www.futwiz.com/fc27/player/alireza-jahanbakhsh/20874;2026-10-08
PRO_019;interception;fc27_futwiz;https://www.futwiz.com/fc27/player/alireza-jahanbakhsh/20874;2026-10-08
PRO_019;precision_de_la_tete;fc27_futwiz;https://www.futwiz.com/fc27/player/alireza-jahanbakhsh/20874;2026-10-08
PRO_019;lucidite_defensive;fc27_futwiz;https://www.futwiz.com/fc27/player/alireza-jahanbakhsh/20874;2026-10-08
PRO_019;tacle_debout;fc27_futwiz;https://www.futwiz.com/fc27/player/alireza-jahanbakhsh/20874;2026-10-08
PRO_019;tacle_glisse;fc27_futwiz;https://www.futwiz.com/fc27/player/alireza-jahanbakhsh/20874;2026-10-08
PRO_019;note_defense;fc27_futwiz;https://www.futwiz.com/fc27/player/alireza-jahanbakhsh/20874;2026-10-08
PRO_019;detente;fc27_futwiz;https://www.futwiz.com/fc27/player/alireza-jahanbakhsh/20874;2026-10-08
PRO_019;endurance;fc27_futwiz;https://www.futwiz.com/fc27/player/alireza-jahanbakhsh/20874;2026-10-08
PRO_019;force;fc27_futwiz;https://www.futwiz.com/fc27/player/alireza-jahanbakhsh/20874;2026-10-08
PRO_019;agressivite;fc27_futwiz;https://www.futwiz.com/fc27/player/alireza-jahanbakhsh/20874;2026-10-08
PRO_019;note_physique;fc27_futwiz;https://www.futwiz.com/fc27/player/alireza-jahanbakhsh/20874;2026-10-08
PRO_019;gardien_plongeon;non_applicable;;2026-10-08
PRO_019;gardien_prise_de_balle;non_applicable;;2026-10-08
PRO_019;gardien_jeu_au_pied;non_applicable;;2026-10-08
PRO_019;gardien_reflexes;non_applicable;;2026-10-08
PRO_019;gardien_sorties;non_applicable;;2026-10-08
PRO_019;gardien_placement;non_applicable;;2026-10-08
PRO_019;nom_fc27;fc27_futwiz;https://www.futwiz.com/fc27/player/alireza-jahanbakhsh/20874;2026-10-08
PRO_019;note_generale_fc27;fc27_futwiz;https://www.futwiz.com/fc27/player/alireza-jahanbakhsh/20874;2026-10-08
PRO_019;poste_fc27;fc27_futwiz;https://www.futwiz.com/fc27/player/alireza-jahanbakhsh/20874;2026-10-08
PRO_019;groupe_poste_fc27;derive_fc27;https://www.futwiz.com/fc27/player/alireza-jahanbakhsh/20874;2026-10-08
PRO_019;fc27_url;metadonnee;;2026-10-08
PRO_019;fc27_id_fiche;metadonnee;;2026-10-08
PRO_019;fc27_version_carte;metadonnee;;2026-10-08
PRO_019;playstyles_fc27_observes;fc27_futwiz;https://www.futwiz.com/fc27/player/alireza-jahanbakhsh/20874;2026-10-08
PRO_019;gardien_vitesse;non_applicable;;2026-10-08
PRO_019;statut_import_fc27;metadonnee;;2026-10-08
PRO_019;provenance_biometrie;metadonnee;;2026-10-08
PRO_019;provenance_pied_fort;metadonnee;;2026-10-08
PRO_019;provenance_attributs;metadonnee;;2026-10-08
PRO_019;provenance_notes_groupes;metadonnee;;2026-10-08
PRO_019;provenance_scenario;metadonnee;;2026-10-08
PRO_020;joueur_id;metadonnee;;2026-10-08
PRO_020;nom;fc27_futwiz;https://www.futwiz.com/fc27/player/matteo-ricci/20873;2026-10-08
PRO_020;type_joueur;metadonnee;;2026-10-08
PRO_020;club;non_disponible;;2026-10-08
PRO_020;groupe_poste;derive_fc27;https://www.futwiz.com/fc27/player/matteo-ricci/20873;2026-10-08
PRO_020;gardien;fc27_futwiz;https://www.futwiz.com/fc27/player/matteo-ricci/20873;2026-10-08
PRO_020;date_reference;metadonnee;;2026-10-08
PRO_020;date_naissance_simulee;simule;;2026-10-08
PRO_020;age;simule;;2026-10-08
PRO_020;taille_cm;simule;;2026-10-08
PRO_020;poids_kg;simule;;2026-10-08
PRO_020;pied_fort;fc27_futwiz;https://www.futwiz.com/fc27/player/matteo-ricci/20873;2026-10-08
PRO_020;personnalite_tags;simule;;2026-10-08
PRO_020;specialite_tags;simule;;2026-10-08
PRO_020;langues_parlees;simule;;2026-10-08
PRO_020;relation_equipe_score;simule;;2026-10-08
PRO_020;satisfaction_score;simule;;2026-10-08
PRO_020;satisfaction_motif;simule;;2026-10-08
PRO_020;fatigue_score;simule;;2026-10-08
PRO_020;sante_score;simule;;2026-10-08
PRO_020;statut_sante;simule;;2026-10-08
PRO_020;indicateur_sante;simule;;2026-10-08
PRO_020;disponibilite;simule;;2026-10-08
PRO_020;retour_prevu;non_disponible;;2026-10-08
PRO_020;nb_blessures_12_mois;simule;;2026-10-08
PRO_020;affinites_positives_ids;simule;;2026-10-08
PRO_020;affinites_negatives_ids;simule;;2026-10-08
PRO_020;provenance_identite;metadonnee;;2026-10-08
PRO_020;provenance_groupe_poste;metadonnee;;2026-10-08
PRO_020;provenance_autres_champs;metadonnee;;2026-10-08
PRO_020;source_url;metadonnee;;2026-10-08
PRO_020;source_consultee_le;metadonnee;;2026-10-08
PRO_020;relation_equipe_general;simule;;2026-10-08
PRO_020;acceleration;fc27_futwiz;https://www.futwiz.com/fc27/player/matteo-ricci/20873;2026-10-08
PRO_020;vitesse_de_pointe;fc27_futwiz;https://www.futwiz.com/fc27/player/matteo-ricci/20873;2026-10-08
PRO_020;note_vitesse;fc27_futwiz;https://www.futwiz.com/fc27/player/matteo-ricci/20873;2026-10-08
PRO_020;placement_offensif;fc27_futwiz;https://www.futwiz.com/fc27/player/matteo-ricci/20873;2026-10-08
PRO_020;finition;fc27_futwiz;https://www.futwiz.com/fc27/player/matteo-ricci/20873;2026-10-08
PRO_020;puissance_de_tir;fc27_futwiz;https://www.futwiz.com/fc27/player/matteo-ricci/20873;2026-10-08
PRO_020;tir_de_loin;fc27_futwiz;https://www.futwiz.com/fc27/player/matteo-ricci/20873;2026-10-08
PRO_020;volee;fc27_futwiz;https://www.futwiz.com/fc27/player/matteo-ricci/20873;2026-10-08
PRO_020;penalty;fc27_futwiz;https://www.futwiz.com/fc27/player/matteo-ricci/20873;2026-10-08
PRO_020;note_frappe;fc27_futwiz;https://www.futwiz.com/fc27/player/matteo-ricci/20873;2026-10-08
PRO_020;vista;fc27_futwiz;https://www.futwiz.com/fc27/player/matteo-ricci/20873;2026-10-08
PRO_020;centre;fc27_futwiz;https://www.futwiz.com/fc27/player/matteo-ricci/20873;2026-10-08
PRO_020;precision_coup_franc;fc27_futwiz;https://www.futwiz.com/fc27/player/matteo-ricci/20873;2026-10-08
PRO_020;passe_courte;fc27_futwiz;https://www.futwiz.com/fc27/player/matteo-ricci/20873;2026-10-08
PRO_020;passe_longue;fc27_futwiz;https://www.futwiz.com/fc27/player/matteo-ricci/20873;2026-10-08
PRO_020;effet;fc27_futwiz;https://www.futwiz.com/fc27/player/matteo-ricci/20873;2026-10-08
PRO_020;note_passe;fc27_futwiz;https://www.futwiz.com/fc27/player/matteo-ricci/20873;2026-10-08
PRO_020;agilite;fc27_futwiz;https://www.futwiz.com/fc27/player/matteo-ricci/20873;2026-10-08
PRO_020;equilibre;fc27_futwiz;https://www.futwiz.com/fc27/player/matteo-ricci/20873;2026-10-08
PRO_020;reactivite;fc27_futwiz;https://www.futwiz.com/fc27/player/matteo-ricci/20873;2026-10-08
PRO_020;conduite_de_balle;fc27_futwiz;https://www.futwiz.com/fc27/player/matteo-ricci/20873;2026-10-08
PRO_020;dribble;fc27_futwiz;https://www.futwiz.com/fc27/player/matteo-ricci/20873;2026-10-08
PRO_020;calme;fc27_futwiz;https://www.futwiz.com/fc27/player/matteo-ricci/20873;2026-10-08
PRO_020;note_dribble;fc27_futwiz;https://www.futwiz.com/fc27/player/matteo-ricci/20873;2026-10-08
PRO_020;interception;fc27_futwiz;https://www.futwiz.com/fc27/player/matteo-ricci/20873;2026-10-08
PRO_020;precision_de_la_tete;fc27_futwiz;https://www.futwiz.com/fc27/player/matteo-ricci/20873;2026-10-08
PRO_020;lucidite_defensive;fc27_futwiz;https://www.futwiz.com/fc27/player/matteo-ricci/20873;2026-10-08
PRO_020;tacle_debout;fc27_futwiz;https://www.futwiz.com/fc27/player/matteo-ricci/20873;2026-10-08
PRO_020;tacle_glisse;fc27_futwiz;https://www.futwiz.com/fc27/player/matteo-ricci/20873;2026-10-08
PRO_020;note_defense;fc27_futwiz;https://www.futwiz.com/fc27/player/matteo-ricci/20873;2026-10-08
PRO_020;detente;fc27_futwiz;https://www.futwiz.com/fc27/player/matteo-ricci/20873;2026-10-08
PRO_020;endurance;fc27_futwiz;https://www.futwiz.com/fc27/player/matteo-ricci/20873;2026-10-08
PRO_020;force;fc27_futwiz;https://www.futwiz.com/fc27/player/matteo-ricci/20873;2026-10-08
PRO_020;agressivite;fc27_futwiz;https://www.futwiz.com/fc27/player/matteo-ricci/20873;2026-10-08
PRO_020;note_physique;fc27_futwiz;https://www.futwiz.com/fc27/player/matteo-ricci/20873;2026-10-08
PRO_020;gardien_plongeon;non_applicable;;2026-10-08
PRO_020;gardien_prise_de_balle;non_applicable;;2026-10-08
PRO_020;gardien_jeu_au_pied;non_applicable;;2026-10-08
PRO_020;gardien_reflexes;non_applicable;;2026-10-08
PRO_020;gardien_sorties;non_applicable;;2026-10-08
PRO_020;gardien_placement;non_applicable;;2026-10-08
PRO_020;nom_fc27;fc27_futwiz;https://www.futwiz.com/fc27/player/matteo-ricci/20873;2026-10-08
PRO_020;note_generale_fc27;fc27_futwiz;https://www.futwiz.com/fc27/player/matteo-ricci/20873;2026-10-08
PRO_020;poste_fc27;fc27_futwiz;https://www.futwiz.com/fc27/player/matteo-ricci/20873;2026-10-08
PRO_020;groupe_poste_fc27;derive_fc27;https://www.futwiz.com/fc27/player/matteo-ricci/20873;2026-10-08
PRO_020;fc27_url;metadonnee;;2026-10-08
PRO_020;fc27_id_fiche;metadonnee;;2026-10-08
PRO_020;fc27_version_carte;metadonnee;;2026-10-08
PRO_020;playstyles_fc27_observes;fc27_futwiz;https://www.futwiz.com/fc27/player/matteo-ricci/20873;2026-10-08
PRO_020;gardien_vitesse;non_applicable;;2026-10-08
PRO_020;statut_import_fc27;metadonnee;;2026-10-08
PRO_020;provenance_biometrie;metadonnee;;2026-10-08
PRO_020;provenance_pied_fort;metadonnee;;2026-10-08
PRO_020;provenance_attributs;metadonnee;;2026-10-08
PRO_020;provenance_notes_groupes;metadonnee;;2026-10-08
PRO_020;provenance_scenario;metadonnee;;2026-10-08
PRO_021;joueur_id;metadonnee;;2026-10-08
PRO_021;nom;fc27_futwiz;https://www.futwiz.com/fc27/player/alejandro-silva/20872;2026-10-08
PRO_021;type_joueur;metadonnee;;2026-10-08
PRO_021;club;non_disponible;;2026-10-08
PRO_021;groupe_poste;derive_fc27;https://www.futwiz.com/fc27/player/alejandro-silva/20872;2026-10-08
PRO_021;gardien;fc27_futwiz;https://www.futwiz.com/fc27/player/alejandro-silva/20872;2026-10-08
PRO_021;date_reference;metadonnee;;2026-10-08
PRO_021;date_naissance_simulee;simule;;2026-10-08
PRO_021;age;simule;;2026-10-08
PRO_021;taille_cm;simule;;2026-10-08
PRO_021;poids_kg;simule;;2026-10-08
PRO_021;pied_fort;fc27_futwiz;https://www.futwiz.com/fc27/player/alejandro-silva/20872;2026-10-08
PRO_021;personnalite_tags;simule;;2026-10-08
PRO_021;specialite_tags;simule;;2026-10-08
PRO_021;langues_parlees;simule;;2026-10-08
PRO_021;relation_equipe_score;simule;;2026-10-08
PRO_021;satisfaction_score;simule;;2026-10-08
PRO_021;satisfaction_motif;simule;;2026-10-08
PRO_021;fatigue_score;simule;;2026-10-08
PRO_021;sante_score;simule;;2026-10-08
PRO_021;statut_sante;simule;;2026-10-08
PRO_021;indicateur_sante;simule;;2026-10-08
PRO_021;disponibilite;simule;;2026-10-08
PRO_021;retour_prevu;simule;;2026-10-08
PRO_021;nb_blessures_12_mois;simule;;2026-10-08
PRO_021;affinites_positives_ids;simule;;2026-10-08
PRO_021;affinites_negatives_ids;simule;;2026-10-08
PRO_021;provenance_identite;metadonnee;;2026-10-08
PRO_021;provenance_groupe_poste;metadonnee;;2026-10-08
PRO_021;provenance_autres_champs;metadonnee;;2026-10-08
PRO_021;source_url;metadonnee;;2026-10-08
PRO_021;source_consultee_le;metadonnee;;2026-10-08
PRO_021;relation_equipe_general;simule;;2026-10-08
PRO_021;acceleration;fc27_futwiz;https://www.futwiz.com/fc27/player/alejandro-silva/20872;2026-10-08
PRO_021;vitesse_de_pointe;fc27_futwiz;https://www.futwiz.com/fc27/player/alejandro-silva/20872;2026-10-08
PRO_021;note_vitesse;fc27_futwiz;https://www.futwiz.com/fc27/player/alejandro-silva/20872;2026-10-08
PRO_021;placement_offensif;fc27_futwiz;https://www.futwiz.com/fc27/player/alejandro-silva/20872;2026-10-08
PRO_021;finition;fc27_futwiz;https://www.futwiz.com/fc27/player/alejandro-silva/20872;2026-10-08
PRO_021;puissance_de_tir;fc27_futwiz;https://www.futwiz.com/fc27/player/alejandro-silva/20872;2026-10-08
PRO_021;tir_de_loin;fc27_futwiz;https://www.futwiz.com/fc27/player/alejandro-silva/20872;2026-10-08
PRO_021;volee;fc27_futwiz;https://www.futwiz.com/fc27/player/alejandro-silva/20872;2026-10-08
PRO_021;penalty;fc27_futwiz;https://www.futwiz.com/fc27/player/alejandro-silva/20872;2026-10-08
PRO_021;note_frappe;fc27_futwiz;https://www.futwiz.com/fc27/player/alejandro-silva/20872;2026-10-08
PRO_021;vista;fc27_futwiz;https://www.futwiz.com/fc27/player/alejandro-silva/20872;2026-10-08
PRO_021;centre;fc27_futwiz;https://www.futwiz.com/fc27/player/alejandro-silva/20872;2026-10-08
PRO_021;precision_coup_franc;fc27_futwiz;https://www.futwiz.com/fc27/player/alejandro-silva/20872;2026-10-08
PRO_021;passe_courte;fc27_futwiz;https://www.futwiz.com/fc27/player/alejandro-silva/20872;2026-10-08
PRO_021;passe_longue;fc27_futwiz;https://www.futwiz.com/fc27/player/alejandro-silva/20872;2026-10-08
PRO_021;effet;fc27_futwiz;https://www.futwiz.com/fc27/player/alejandro-silva/20872;2026-10-08
PRO_021;note_passe;fc27_futwiz;https://www.futwiz.com/fc27/player/alejandro-silva/20872;2026-10-08
PRO_021;agilite;fc27_futwiz;https://www.futwiz.com/fc27/player/alejandro-silva/20872;2026-10-08
PRO_021;equilibre;fc27_futwiz;https://www.futwiz.com/fc27/player/alejandro-silva/20872;2026-10-08
PRO_021;reactivite;fc27_futwiz;https://www.futwiz.com/fc27/player/alejandro-silva/20872;2026-10-08
PRO_021;conduite_de_balle;fc27_futwiz;https://www.futwiz.com/fc27/player/alejandro-silva/20872;2026-10-08
PRO_021;dribble;fc27_futwiz;https://www.futwiz.com/fc27/player/alejandro-silva/20872;2026-10-08
PRO_021;calme;fc27_futwiz;https://www.futwiz.com/fc27/player/alejandro-silva/20872;2026-10-08
PRO_021;note_dribble;fc27_futwiz;https://www.futwiz.com/fc27/player/alejandro-silva/20872;2026-10-08
PRO_021;interception;fc27_futwiz;https://www.futwiz.com/fc27/player/alejandro-silva/20872;2026-10-08
PRO_021;precision_de_la_tete;fc27_futwiz;https://www.futwiz.com/fc27/player/alejandro-silva/20872;2026-10-08
PRO_021;lucidite_defensive;fc27_futwiz;https://www.futwiz.com/fc27/player/alejandro-silva/20872;2026-10-08
PRO_021;tacle_debout;fc27_futwiz;https://www.futwiz.com/fc27/player/alejandro-silva/20872;2026-10-08
PRO_021;tacle_glisse;fc27_futwiz;https://www.futwiz.com/fc27/player/alejandro-silva/20872;2026-10-08
PRO_021;note_defense;fc27_futwiz;https://www.futwiz.com/fc27/player/alejandro-silva/20872;2026-10-08
PRO_021;detente;fc27_futwiz;https://www.futwiz.com/fc27/player/alejandro-silva/20872;2026-10-08
PRO_021;endurance;fc27_futwiz;https://www.futwiz.com/fc27/player/alejandro-silva/20872;2026-10-08
PRO_021;force;fc27_futwiz;https://www.futwiz.com/fc27/player/alejandro-silva/20872;2026-10-08
PRO_021;agressivite;fc27_futwiz;https://www.futwiz.com/fc27/player/alejandro-silva/20872;2026-10-08
PRO_021;note_physique;fc27_futwiz;https://www.futwiz.com/fc27/player/alejandro-silva/20872;2026-10-08
PRO_021;gardien_plongeon;non_applicable;;2026-10-08
PRO_021;gardien_prise_de_balle;non_applicable;;2026-10-08
PRO_021;gardien_jeu_au_pied;non_applicable;;2026-10-08
PRO_021;gardien_reflexes;non_applicable;;2026-10-08
PRO_021;gardien_sorties;non_applicable;;2026-10-08
PRO_021;gardien_placement;non_applicable;;2026-10-08
PRO_021;nom_fc27;fc27_futwiz;https://www.futwiz.com/fc27/player/alejandro-silva/20872;2026-10-08
PRO_021;note_generale_fc27;fc27_futwiz;https://www.futwiz.com/fc27/player/alejandro-silva/20872;2026-10-08
PRO_021;poste_fc27;fc27_futwiz;https://www.futwiz.com/fc27/player/alejandro-silva/20872;2026-10-08
PRO_021;groupe_poste_fc27;derive_fc27;https://www.futwiz.com/fc27/player/alejandro-silva/20872;2026-10-08
PRO_021;fc27_url;metadonnee;;2026-10-08
PRO_021;fc27_id_fiche;metadonnee;;2026-10-08
PRO_021;fc27_version_carte;metadonnee;;2026-10-08
PRO_021;playstyles_fc27_observes;fc27_futwiz;https://www.futwiz.com/fc27/player/alejandro-silva/20872;2026-10-08
PRO_021;gardien_vitesse;non_applicable;;2026-10-08
PRO_021;statut_import_fc27;metadonnee;;2026-10-08
PRO_021;provenance_biometrie;metadonnee;;2026-10-08
PRO_021;provenance_pied_fort;metadonnee;;2026-10-08
PRO_021;provenance_attributs;metadonnee;;2026-10-08
PRO_021;provenance_notes_groupes;metadonnee;;2026-10-08
PRO_021;provenance_scenario;metadonnee;;2026-10-08
PRO_022;joueur_id;metadonnee;;2026-10-08
PRO_022;nom;fc27_futwiz;https://www.futwiz.com/fc27/player/darlan/8825;2026-10-08
PRO_022;type_joueur;metadonnee;;2026-10-08
PRO_022;club;non_disponible;;2026-10-08
PRO_022;groupe_poste;derive_fc27;https://www.futwiz.com/fc27/player/darlan/8825;2026-10-08
PRO_022;gardien;fc27_futwiz;https://www.futwiz.com/fc27/player/darlan/8825;2026-10-08
PRO_022;date_reference;metadonnee;;2026-10-08
PRO_022;date_naissance_simulee;simule;;2026-10-08
PRO_022;age;simule;;2026-10-08
PRO_022;taille_cm;simule;;2026-10-08
PRO_022;poids_kg;simule;;2026-10-08
PRO_022;pied_fort;fc27_futwiz;https://www.futwiz.com/fc27/player/darlan/8825;2026-10-08
PRO_022;personnalite_tags;simule;;2026-10-08
PRO_022;specialite_tags;simule;;2026-10-08
PRO_022;langues_parlees;simule;;2026-10-08
PRO_022;relation_equipe_score;simule;;2026-10-08
PRO_022;satisfaction_score;simule;;2026-10-08
PRO_022;satisfaction_motif;simule;;2026-10-08
PRO_022;fatigue_score;simule;;2026-10-08
PRO_022;sante_score;simule;;2026-10-08
PRO_022;statut_sante;simule;;2026-10-08
PRO_022;indicateur_sante;simule;;2026-10-08
PRO_022;disponibilite;simule;;2026-10-08
PRO_022;retour_prevu;non_disponible;;2026-10-08
PRO_022;nb_blessures_12_mois;simule;;2026-10-08
PRO_022;affinites_positives_ids;simule;;2026-10-08
PRO_022;affinites_negatives_ids;simule;;2026-10-08
PRO_022;provenance_identite;metadonnee;;2026-10-08
PRO_022;provenance_groupe_poste;metadonnee;;2026-10-08
PRO_022;provenance_autres_champs;metadonnee;;2026-10-08
PRO_022;source_url;metadonnee;;2026-10-08
PRO_022;source_consultee_le;metadonnee;;2026-10-08
PRO_022;relation_equipe_general;simule;;2026-10-08
PRO_022;acceleration;fc27_futwiz;https://www.futwiz.com/fc27/player/darlan/8825;2026-10-08
PRO_022;vitesse_de_pointe;fc27_futwiz;https://www.futwiz.com/fc27/player/darlan/8825;2026-10-08
PRO_022;note_vitesse;fc27_futwiz;https://www.futwiz.com/fc27/player/darlan/8825;2026-10-08
PRO_022;placement_offensif;fc27_futwiz;https://www.futwiz.com/fc27/player/darlan/8825;2026-10-08
PRO_022;finition;fc27_futwiz;https://www.futwiz.com/fc27/player/darlan/8825;2026-10-08
PRO_022;puissance_de_tir;fc27_futwiz;https://www.futwiz.com/fc27/player/darlan/8825;2026-10-08
PRO_022;tir_de_loin;fc27_futwiz;https://www.futwiz.com/fc27/player/darlan/8825;2026-10-08
PRO_022;volee;fc27_futwiz;https://www.futwiz.com/fc27/player/darlan/8825;2026-10-08
PRO_022;penalty;fc27_futwiz;https://www.futwiz.com/fc27/player/darlan/8825;2026-10-08
PRO_022;note_frappe;fc27_futwiz;https://www.futwiz.com/fc27/player/darlan/8825;2026-10-08
PRO_022;vista;fc27_futwiz;https://www.futwiz.com/fc27/player/darlan/8825;2026-10-08
PRO_022;centre;fc27_futwiz;https://www.futwiz.com/fc27/player/darlan/8825;2026-10-08
PRO_022;precision_coup_franc;fc27_futwiz;https://www.futwiz.com/fc27/player/darlan/8825;2026-10-08
PRO_022;passe_courte;fc27_futwiz;https://www.futwiz.com/fc27/player/darlan/8825;2026-10-08
PRO_022;passe_longue;fc27_futwiz;https://www.futwiz.com/fc27/player/darlan/8825;2026-10-08
PRO_022;effet;fc27_futwiz;https://www.futwiz.com/fc27/player/darlan/8825;2026-10-08
PRO_022;note_passe;fc27_futwiz;https://www.futwiz.com/fc27/player/darlan/8825;2026-10-08
PRO_022;agilite;fc27_futwiz;https://www.futwiz.com/fc27/player/darlan/8825;2026-10-08
PRO_022;equilibre;fc27_futwiz;https://www.futwiz.com/fc27/player/darlan/8825;2026-10-08
PRO_022;reactivite;fc27_futwiz;https://www.futwiz.com/fc27/player/darlan/8825;2026-10-08
PRO_022;conduite_de_balle;fc27_futwiz;https://www.futwiz.com/fc27/player/darlan/8825;2026-10-08
PRO_022;dribble;fc27_futwiz;https://www.futwiz.com/fc27/player/darlan/8825;2026-10-08
PRO_022;calme;fc27_futwiz;https://www.futwiz.com/fc27/player/darlan/8825;2026-10-08
PRO_022;note_dribble;fc27_futwiz;https://www.futwiz.com/fc27/player/darlan/8825;2026-10-08
PRO_022;interception;fc27_futwiz;https://www.futwiz.com/fc27/player/darlan/8825;2026-10-08
PRO_022;precision_de_la_tete;fc27_futwiz;https://www.futwiz.com/fc27/player/darlan/8825;2026-10-08
PRO_022;lucidite_defensive;fc27_futwiz;https://www.futwiz.com/fc27/player/darlan/8825;2026-10-08
PRO_022;tacle_debout;fc27_futwiz;https://www.futwiz.com/fc27/player/darlan/8825;2026-10-08
PRO_022;tacle_glisse;fc27_futwiz;https://www.futwiz.com/fc27/player/darlan/8825;2026-10-08
PRO_022;note_defense;fc27_futwiz;https://www.futwiz.com/fc27/player/darlan/8825;2026-10-08
PRO_022;detente;fc27_futwiz;https://www.futwiz.com/fc27/player/darlan/8825;2026-10-08
PRO_022;endurance;fc27_futwiz;https://www.futwiz.com/fc27/player/darlan/8825;2026-10-08
PRO_022;force;fc27_futwiz;https://www.futwiz.com/fc27/player/darlan/8825;2026-10-08
PRO_022;agressivite;fc27_futwiz;https://www.futwiz.com/fc27/player/darlan/8825;2026-10-08
PRO_022;note_physique;fc27_futwiz;https://www.futwiz.com/fc27/player/darlan/8825;2026-10-08
PRO_022;gardien_plongeon;non_applicable;;2026-10-08
PRO_022;gardien_prise_de_balle;non_applicable;;2026-10-08
PRO_022;gardien_jeu_au_pied;non_applicable;;2026-10-08
PRO_022;gardien_reflexes;non_applicable;;2026-10-08
PRO_022;gardien_sorties;non_applicable;;2026-10-08
PRO_022;gardien_placement;non_applicable;;2026-10-08
PRO_022;nom_fc27;fc27_futwiz;https://www.futwiz.com/fc27/player/darlan/8825;2026-10-08
PRO_022;note_generale_fc27;fc27_futwiz;https://www.futwiz.com/fc27/player/darlan/8825;2026-10-08
PRO_022;poste_fc27;fc27_futwiz;https://www.futwiz.com/fc27/player/darlan/8825;2026-10-08
PRO_022;groupe_poste_fc27;derive_fc27;https://www.futwiz.com/fc27/player/darlan/8825;2026-10-08
PRO_022;fc27_url;metadonnee;;2026-10-08
PRO_022;fc27_id_fiche;metadonnee;;2026-10-08
PRO_022;fc27_version_carte;metadonnee;;2026-10-08
PRO_022;playstyles_fc27_observes;fc27_futwiz;https://www.futwiz.com/fc27/player/darlan/8825;2026-10-08
PRO_022;gardien_vitesse;non_applicable;;2026-10-08
PRO_022;statut_import_fc27;metadonnee;;2026-10-08
PRO_022;provenance_biometrie;metadonnee;;2026-10-08
PRO_022;provenance_pied_fort;metadonnee;;2026-10-08
PRO_022;provenance_attributs;metadonnee;;2026-10-08
PRO_022;provenance_notes_groupes;metadonnee;;2026-10-08
PRO_022;provenance_scenario;metadonnee;;2026-10-08
PRO_023;joueur_id;metadonnee;;2026-10-08
PRO_023;nom;fc27_futwiz;https://www.futwiz.com/fc27/player/kingsley-schindler/8824;2026-10-08
PRO_023;type_joueur;metadonnee;;2026-10-08
PRO_023;club;non_disponible;;2026-10-08
PRO_023;groupe_poste;derive_fc27;https://www.futwiz.com/fc27/player/kingsley-schindler/8824;2026-10-08
PRO_023;gardien;fc27_futwiz;https://www.futwiz.com/fc27/player/kingsley-schindler/8824;2026-10-08
PRO_023;date_reference;metadonnee;;2026-10-08
PRO_023;date_naissance_simulee;simule;;2026-10-08
PRO_023;age;simule;;2026-10-08
PRO_023;taille_cm;simule;;2026-10-08
PRO_023;poids_kg;simule;;2026-10-08
PRO_023;pied_fort;fc27_futwiz;https://www.futwiz.com/fc27/player/kingsley-schindler/8824;2026-10-08
PRO_023;personnalite_tags;simule;;2026-10-08
PRO_023;specialite_tags;simule;;2026-10-08
PRO_023;langues_parlees;simule;;2026-10-08
PRO_023;relation_equipe_score;simule;;2026-10-08
PRO_023;satisfaction_score;simule;;2026-10-08
PRO_023;satisfaction_motif;simule;;2026-10-08
PRO_023;fatigue_score;simule;;2026-10-08
PRO_023;sante_score;simule;;2026-10-08
PRO_023;statut_sante;simule;;2026-10-08
PRO_023;indicateur_sante;simule;;2026-10-08
PRO_023;disponibilite;simule;;2026-10-08
PRO_023;retour_prevu;non_disponible;;2026-10-08
PRO_023;nb_blessures_12_mois;simule;;2026-10-08
PRO_023;affinites_positives_ids;simule;;2026-10-08
PRO_023;affinites_negatives_ids;simule;;2026-10-08
PRO_023;provenance_identite;metadonnee;;2026-10-08
PRO_023;provenance_groupe_poste;metadonnee;;2026-10-08
PRO_023;provenance_autres_champs;metadonnee;;2026-10-08
PRO_023;source_url;metadonnee;;2026-10-08
PRO_023;source_consultee_le;metadonnee;;2026-10-08
PRO_023;relation_equipe_general;simule;;2026-10-08
PRO_023;acceleration;fc27_futwiz;https://www.futwiz.com/fc27/player/kingsley-schindler/8824;2026-10-08
PRO_023;vitesse_de_pointe;fc27_futwiz;https://www.futwiz.com/fc27/player/kingsley-schindler/8824;2026-10-08
PRO_023;note_vitesse;fc27_futwiz;https://www.futwiz.com/fc27/player/kingsley-schindler/8824;2026-10-08
PRO_023;placement_offensif;fc27_futwiz;https://www.futwiz.com/fc27/player/kingsley-schindler/8824;2026-10-08
PRO_023;finition;fc27_futwiz;https://www.futwiz.com/fc27/player/kingsley-schindler/8824;2026-10-08
PRO_023;puissance_de_tir;fc27_futwiz;https://www.futwiz.com/fc27/player/kingsley-schindler/8824;2026-10-08
PRO_023;tir_de_loin;fc27_futwiz;https://www.futwiz.com/fc27/player/kingsley-schindler/8824;2026-10-08
PRO_023;volee;fc27_futwiz;https://www.futwiz.com/fc27/player/kingsley-schindler/8824;2026-10-08
PRO_023;penalty;fc27_futwiz;https://www.futwiz.com/fc27/player/kingsley-schindler/8824;2026-10-08
PRO_023;note_frappe;fc27_futwiz;https://www.futwiz.com/fc27/player/kingsley-schindler/8824;2026-10-08
PRO_023;vista;fc27_futwiz;https://www.futwiz.com/fc27/player/kingsley-schindler/8824;2026-10-08
PRO_023;centre;fc27_futwiz;https://www.futwiz.com/fc27/player/kingsley-schindler/8824;2026-10-08
PRO_023;precision_coup_franc;fc27_futwiz;https://www.futwiz.com/fc27/player/kingsley-schindler/8824;2026-10-08
PRO_023;passe_courte;fc27_futwiz;https://www.futwiz.com/fc27/player/kingsley-schindler/8824;2026-10-08
PRO_023;passe_longue;fc27_futwiz;https://www.futwiz.com/fc27/player/kingsley-schindler/8824;2026-10-08
PRO_023;effet;fc27_futwiz;https://www.futwiz.com/fc27/player/kingsley-schindler/8824;2026-10-08
PRO_023;note_passe;fc27_futwiz;https://www.futwiz.com/fc27/player/kingsley-schindler/8824;2026-10-08
PRO_023;agilite;fc27_futwiz;https://www.futwiz.com/fc27/player/kingsley-schindler/8824;2026-10-08
PRO_023;equilibre;fc27_futwiz;https://www.futwiz.com/fc27/player/kingsley-schindler/8824;2026-10-08
PRO_023;reactivite;fc27_futwiz;https://www.futwiz.com/fc27/player/kingsley-schindler/8824;2026-10-08
PRO_023;conduite_de_balle;fc27_futwiz;https://www.futwiz.com/fc27/player/kingsley-schindler/8824;2026-10-08
PRO_023;dribble;fc27_futwiz;https://www.futwiz.com/fc27/player/kingsley-schindler/8824;2026-10-08
PRO_023;calme;fc27_futwiz;https://www.futwiz.com/fc27/player/kingsley-schindler/8824;2026-10-08
PRO_023;note_dribble;fc27_futwiz;https://www.futwiz.com/fc27/player/kingsley-schindler/8824;2026-10-08
PRO_023;interception;fc27_futwiz;https://www.futwiz.com/fc27/player/kingsley-schindler/8824;2026-10-08
PRO_023;precision_de_la_tete;fc27_futwiz;https://www.futwiz.com/fc27/player/kingsley-schindler/8824;2026-10-08
PRO_023;lucidite_defensive;fc27_futwiz;https://www.futwiz.com/fc27/player/kingsley-schindler/8824;2026-10-08
PRO_023;tacle_debout;fc27_futwiz;https://www.futwiz.com/fc27/player/kingsley-schindler/8824;2026-10-08
PRO_023;tacle_glisse;fc27_futwiz;https://www.futwiz.com/fc27/player/kingsley-schindler/8824;2026-10-08
PRO_023;note_defense;fc27_futwiz;https://www.futwiz.com/fc27/player/kingsley-schindler/8824;2026-10-08
PRO_023;detente;fc27_futwiz;https://www.futwiz.com/fc27/player/kingsley-schindler/8824;2026-10-08
PRO_023;endurance;fc27_futwiz;https://www.futwiz.com/fc27/player/kingsley-schindler/8824;2026-10-08
PRO_023;force;fc27_futwiz;https://www.futwiz.com/fc27/player/kingsley-schindler/8824;2026-10-08
PRO_023;agressivite;fc27_futwiz;https://www.futwiz.com/fc27/player/kingsley-schindler/8824;2026-10-08
PRO_023;note_physique;fc27_futwiz;https://www.futwiz.com/fc27/player/kingsley-schindler/8824;2026-10-08
PRO_023;gardien_plongeon;non_applicable;;2026-10-08
PRO_023;gardien_prise_de_balle;non_applicable;;2026-10-08
PRO_023;gardien_jeu_au_pied;non_applicable;;2026-10-08
PRO_023;gardien_reflexes;non_applicable;;2026-10-08
PRO_023;gardien_sorties;non_applicable;;2026-10-08
PRO_023;gardien_placement;non_applicable;;2026-10-08
PRO_023;nom_fc27;fc27_futwiz;https://www.futwiz.com/fc27/player/kingsley-schindler/8824;2026-10-08
PRO_023;note_generale_fc27;fc27_futwiz;https://www.futwiz.com/fc27/player/kingsley-schindler/8824;2026-10-08
PRO_023;poste_fc27;fc27_futwiz;https://www.futwiz.com/fc27/player/kingsley-schindler/8824;2026-10-08
PRO_023;groupe_poste_fc27;derive_fc27;https://www.futwiz.com/fc27/player/kingsley-schindler/8824;2026-10-08
PRO_023;fc27_url;metadonnee;;2026-10-08
PRO_023;fc27_id_fiche;metadonnee;;2026-10-08
PRO_023;fc27_version_carte;metadonnee;;2026-10-08
PRO_023;playstyles_fc27_observes;fc27_futwiz;https://www.futwiz.com/fc27/player/kingsley-schindler/8824;2026-10-08
PRO_023;gardien_vitesse;non_applicable;;2026-10-08
PRO_023;statut_import_fc27;metadonnee;;2026-10-08
PRO_023;provenance_biometrie;metadonnee;;2026-10-08
PRO_023;provenance_pied_fort;metadonnee;;2026-10-08
PRO_023;provenance_attributs;metadonnee;;2026-10-08
PRO_023;provenance_notes_groupes;metadonnee;;2026-10-08
PRO_023;provenance_scenario;metadonnee;;2026-10-08
PRO_024;joueur_id;metadonnee;;2026-10-08
PRO_024;nom;fc27_futwiz;https://www.futwiz.com/fc27/player/kenny-dougall/8823;2026-10-08
PRO_024;type_joueur;metadonnee;;2026-10-08
PRO_024;club;non_disponible;;2026-10-08
PRO_024;groupe_poste;derive_fc27;https://www.futwiz.com/fc27/player/kenny-dougall/8823;2026-10-08
PRO_024;gardien;fc27_futwiz;https://www.futwiz.com/fc27/player/kenny-dougall/8823;2026-10-08
PRO_024;date_reference;metadonnee;;2026-10-08
PRO_024;date_naissance_simulee;simule;;2026-10-08
PRO_024;age;simule;;2026-10-08
PRO_024;taille_cm;simule;;2026-10-08
PRO_024;poids_kg;simule;;2026-10-08
PRO_024;pied_fort;fc27_futwiz;https://www.futwiz.com/fc27/player/kenny-dougall/8823;2026-10-08
PRO_024;personnalite_tags;simule;;2026-10-08
PRO_024;specialite_tags;simule;;2026-10-08
PRO_024;langues_parlees;simule;;2026-10-08
PRO_024;relation_equipe_score;simule;;2026-10-08
PRO_024;satisfaction_score;simule;;2026-10-08
PRO_024;satisfaction_motif;simule;;2026-10-08
PRO_024;fatigue_score;simule;;2026-10-08
PRO_024;sante_score;simule;;2026-10-08
PRO_024;statut_sante;simule;;2026-10-08
PRO_024;indicateur_sante;simule;;2026-10-08
PRO_024;disponibilite;simule;;2026-10-08
PRO_024;retour_prevu;non_disponible;;2026-10-08
PRO_024;nb_blessures_12_mois;simule;;2026-10-08
PRO_024;affinites_positives_ids;simule;;2026-10-08
PRO_024;affinites_negatives_ids;simule;;2026-10-08
PRO_024;provenance_identite;metadonnee;;2026-10-08
PRO_024;provenance_groupe_poste;metadonnee;;2026-10-08
PRO_024;provenance_autres_champs;metadonnee;;2026-10-08
PRO_024;source_url;metadonnee;;2026-10-08
PRO_024;source_consultee_le;metadonnee;;2026-10-08
PRO_024;relation_equipe_general;simule;;2026-10-08
PRO_024;acceleration;fc27_futwiz;https://www.futwiz.com/fc27/player/kenny-dougall/8823;2026-10-08
PRO_024;vitesse_de_pointe;fc27_futwiz;https://www.futwiz.com/fc27/player/kenny-dougall/8823;2026-10-08
PRO_024;note_vitesse;fc27_futwiz;https://www.futwiz.com/fc27/player/kenny-dougall/8823;2026-10-08
PRO_024;placement_offensif;fc27_futwiz;https://www.futwiz.com/fc27/player/kenny-dougall/8823;2026-10-08
PRO_024;finition;fc27_futwiz;https://www.futwiz.com/fc27/player/kenny-dougall/8823;2026-10-08
PRO_024;puissance_de_tir;fc27_futwiz;https://www.futwiz.com/fc27/player/kenny-dougall/8823;2026-10-08
PRO_024;tir_de_loin;fc27_futwiz;https://www.futwiz.com/fc27/player/kenny-dougall/8823;2026-10-08
PRO_024;volee;fc27_futwiz;https://www.futwiz.com/fc27/player/kenny-dougall/8823;2026-10-08
PRO_024;penalty;fc27_futwiz;https://www.futwiz.com/fc27/player/kenny-dougall/8823;2026-10-08
PRO_024;note_frappe;fc27_futwiz;https://www.futwiz.com/fc27/player/kenny-dougall/8823;2026-10-08
PRO_024;vista;fc27_futwiz;https://www.futwiz.com/fc27/player/kenny-dougall/8823;2026-10-08
PRO_024;centre;fc27_futwiz;https://www.futwiz.com/fc27/player/kenny-dougall/8823;2026-10-08
PRO_024;precision_coup_franc;fc27_futwiz;https://www.futwiz.com/fc27/player/kenny-dougall/8823;2026-10-08
PRO_024;passe_courte;fc27_futwiz;https://www.futwiz.com/fc27/player/kenny-dougall/8823;2026-10-08
PRO_024;passe_longue;fc27_futwiz;https://www.futwiz.com/fc27/player/kenny-dougall/8823;2026-10-08
PRO_024;effet;fc27_futwiz;https://www.futwiz.com/fc27/player/kenny-dougall/8823;2026-10-08
PRO_024;note_passe;fc27_futwiz;https://www.futwiz.com/fc27/player/kenny-dougall/8823;2026-10-08
PRO_024;agilite;fc27_futwiz;https://www.futwiz.com/fc27/player/kenny-dougall/8823;2026-10-08
PRO_024;equilibre;fc27_futwiz;https://www.futwiz.com/fc27/player/kenny-dougall/8823;2026-10-08
PRO_024;reactivite;fc27_futwiz;https://www.futwiz.com/fc27/player/kenny-dougall/8823;2026-10-08
PRO_024;conduite_de_balle;fc27_futwiz;https://www.futwiz.com/fc27/player/kenny-dougall/8823;2026-10-08
PRO_024;dribble;fc27_futwiz;https://www.futwiz.com/fc27/player/kenny-dougall/8823;2026-10-08
PRO_024;calme;fc27_futwiz;https://www.futwiz.com/fc27/player/kenny-dougall/8823;2026-10-08
PRO_024;note_dribble;fc27_futwiz;https://www.futwiz.com/fc27/player/kenny-dougall/8823;2026-10-08
PRO_024;interception;fc27_futwiz;https://www.futwiz.com/fc27/player/kenny-dougall/8823;2026-10-08
PRO_024;precision_de_la_tete;fc27_futwiz;https://www.futwiz.com/fc27/player/kenny-dougall/8823;2026-10-08
PRO_024;lucidite_defensive;fc27_futwiz;https://www.futwiz.com/fc27/player/kenny-dougall/8823;2026-10-08
PRO_024;tacle_debout;fc27_futwiz;https://www.futwiz.com/fc27/player/kenny-dougall/8823;2026-10-08
PRO_024;tacle_glisse;fc27_futwiz;https://www.futwiz.com/fc27/player/kenny-dougall/8823;2026-10-08
PRO_024;note_defense;fc27_futwiz;https://www.futwiz.com/fc27/player/kenny-dougall/8823;2026-10-08
PRO_024;detente;fc27_futwiz;https://www.futwiz.com/fc27/player/kenny-dougall/8823;2026-10-08
PRO_024;endurance;fc27_futwiz;https://www.futwiz.com/fc27/player/kenny-dougall/8823;2026-10-08
PRO_024;force;fc27_futwiz;https://www.futwiz.com/fc27/player/kenny-dougall/8823;2026-10-08
PRO_024;agressivite;fc27_futwiz;https://www.futwiz.com/fc27/player/kenny-dougall/8823;2026-10-08
PRO_024;note_physique;fc27_futwiz;https://www.futwiz.com/fc27/player/kenny-dougall/8823;2026-10-08
PRO_024;gardien_plongeon;non_applicable;;2026-10-08
PRO_024;gardien_prise_de_balle;non_applicable;;2026-10-08
PRO_024;gardien_jeu_au_pied;non_applicable;;2026-10-08
PRO_024;gardien_reflexes;non_applicable;;2026-10-08
PRO_024;gardien_sorties;non_applicable;;2026-10-08
PRO_024;gardien_placement;non_applicable;;2026-10-08
PRO_024;nom_fc27;fc27_futwiz;https://www.futwiz.com/fc27/player/kenny-dougall/8823;2026-10-08
PRO_024;note_generale_fc27;fc27_futwiz;https://www.futwiz.com/fc27/player/kenny-dougall/8823;2026-10-08
PRO_024;poste_fc27;fc27_futwiz;https://www.futwiz.com/fc27/player/kenny-dougall/8823;2026-10-08
PRO_024;groupe_poste_fc27;derive_fc27;https://www.futwiz.com/fc27/player/kenny-dougall/8823;2026-10-08
PRO_024;fc27_url;metadonnee;;2026-10-08
PRO_024;fc27_id_fiche;metadonnee;;2026-10-08
PRO_024;fc27_version_carte;metadonnee;;2026-10-08
PRO_024;playstyles_fc27_observes;fc27_futwiz;https://www.futwiz.com/fc27/player/kenny-dougall/8823;2026-10-08
PRO_024;gardien_vitesse;non_applicable;;2026-10-08
PRO_024;statut_import_fc27;metadonnee;;2026-10-08
PRO_024;provenance_biometrie;metadonnee;;2026-10-08
PRO_024;provenance_pied_fort;metadonnee;;2026-10-08
PRO_024;provenance_attributs;metadonnee;;2026-10-08
PRO_024;provenance_notes_groupes;metadonnee;;2026-10-08
PRO_024;provenance_scenario;metadonnee;;2026-10-08
PRO_025;joueur_id;metadonnee;;2026-10-08
PRO_025;nom;fc27_futwiz;https://www.futwiz.com/fc27/player/mateo-sanabria/8822;2026-10-08
PRO_025;type_joueur;metadonnee;;2026-10-08
PRO_025;club;non_disponible;;2026-10-08
PRO_025;groupe_poste;derive_fc27;https://www.futwiz.com/fc27/player/mateo-sanabria/8822;2026-10-08
PRO_025;gardien;fc27_futwiz;https://www.futwiz.com/fc27/player/mateo-sanabria/8822;2026-10-08
PRO_025;date_reference;metadonnee;;2026-10-08
PRO_025;date_naissance_simulee;simule;;2026-10-08
PRO_025;age;simule;;2026-10-08
PRO_025;taille_cm;simule;;2026-10-08
PRO_025;poids_kg;simule;;2026-10-08
PRO_025;pied_fort;fc27_futwiz;https://www.futwiz.com/fc27/player/mateo-sanabria/8822;2026-10-08
PRO_025;personnalite_tags;simule;;2026-10-08
PRO_025;specialite_tags;simule;;2026-10-08
PRO_025;langues_parlees;simule;;2026-10-08
PRO_025;relation_equipe_score;simule;;2026-10-08
PRO_025;satisfaction_score;simule;;2026-10-08
PRO_025;satisfaction_motif;simule;;2026-10-08
PRO_025;fatigue_score;simule;;2026-10-08
PRO_025;sante_score;simule;;2026-10-08
PRO_025;statut_sante;simule;;2026-10-08
PRO_025;indicateur_sante;simule;;2026-10-08
PRO_025;disponibilite;simule;;2026-10-08
PRO_025;retour_prevu;non_disponible;;2026-10-08
PRO_025;nb_blessures_12_mois;simule;;2026-10-08
PRO_025;affinites_positives_ids;simule;;2026-10-08
PRO_025;affinites_negatives_ids;simule;;2026-10-08
PRO_025;provenance_identite;metadonnee;;2026-10-08
PRO_025;provenance_groupe_poste;metadonnee;;2026-10-08
PRO_025;provenance_autres_champs;metadonnee;;2026-10-08
PRO_025;source_url;metadonnee;;2026-10-08
PRO_025;source_consultee_le;metadonnee;;2026-10-08
PRO_025;relation_equipe_general;simule;;2026-10-08
PRO_025;acceleration;fc27_futwiz;https://www.futwiz.com/fc27/player/mateo-sanabria/8822;2026-10-08
PRO_025;vitesse_de_pointe;fc27_futwiz;https://www.futwiz.com/fc27/player/mateo-sanabria/8822;2026-10-08
PRO_025;note_vitesse;fc27_futwiz;https://www.futwiz.com/fc27/player/mateo-sanabria/8822;2026-10-08
PRO_025;placement_offensif;fc27_futwiz;https://www.futwiz.com/fc27/player/mateo-sanabria/8822;2026-10-08
PRO_025;finition;fc27_futwiz;https://www.futwiz.com/fc27/player/mateo-sanabria/8822;2026-10-08
PRO_025;puissance_de_tir;fc27_futwiz;https://www.futwiz.com/fc27/player/mateo-sanabria/8822;2026-10-08
PRO_025;tir_de_loin;fc27_futwiz;https://www.futwiz.com/fc27/player/mateo-sanabria/8822;2026-10-08
PRO_025;volee;fc27_futwiz;https://www.futwiz.com/fc27/player/mateo-sanabria/8822;2026-10-08
PRO_025;penalty;fc27_futwiz;https://www.futwiz.com/fc27/player/mateo-sanabria/8822;2026-10-08
PRO_025;note_frappe;fc27_futwiz;https://www.futwiz.com/fc27/player/mateo-sanabria/8822;2026-10-08
PRO_025;vista;fc27_futwiz;https://www.futwiz.com/fc27/player/mateo-sanabria/8822;2026-10-08
PRO_025;centre;fc27_futwiz;https://www.futwiz.com/fc27/player/mateo-sanabria/8822;2026-10-08
PRO_025;precision_coup_franc;fc27_futwiz;https://www.futwiz.com/fc27/player/mateo-sanabria/8822;2026-10-08
PRO_025;passe_courte;fc27_futwiz;https://www.futwiz.com/fc27/player/mateo-sanabria/8822;2026-10-08
PRO_025;passe_longue;fc27_futwiz;https://www.futwiz.com/fc27/player/mateo-sanabria/8822;2026-10-08
PRO_025;effet;fc27_futwiz;https://www.futwiz.com/fc27/player/mateo-sanabria/8822;2026-10-08
PRO_025;note_passe;fc27_futwiz;https://www.futwiz.com/fc27/player/mateo-sanabria/8822;2026-10-08
PRO_025;agilite;fc27_futwiz;https://www.futwiz.com/fc27/player/mateo-sanabria/8822;2026-10-08
PRO_025;equilibre;fc27_futwiz;https://www.futwiz.com/fc27/player/mateo-sanabria/8822;2026-10-08
PRO_025;reactivite;fc27_futwiz;https://www.futwiz.com/fc27/player/mateo-sanabria/8822;2026-10-08
PRO_025;conduite_de_balle;fc27_futwiz;https://www.futwiz.com/fc27/player/mateo-sanabria/8822;2026-10-08
PRO_025;dribble;fc27_futwiz;https://www.futwiz.com/fc27/player/mateo-sanabria/8822;2026-10-08
PRO_025;calme;fc27_futwiz;https://www.futwiz.com/fc27/player/mateo-sanabria/8822;2026-10-08
PRO_025;note_dribble;fc27_futwiz;https://www.futwiz.com/fc27/player/mateo-sanabria/8822;2026-10-08
PRO_025;interception;fc27_futwiz;https://www.futwiz.com/fc27/player/mateo-sanabria/8822;2026-10-08
PRO_025;precision_de_la_tete;fc27_futwiz;https://www.futwiz.com/fc27/player/mateo-sanabria/8822;2026-10-08
PRO_025;lucidite_defensive;fc27_futwiz;https://www.futwiz.com/fc27/player/mateo-sanabria/8822;2026-10-08
PRO_025;tacle_debout;fc27_futwiz;https://www.futwiz.com/fc27/player/mateo-sanabria/8822;2026-10-08
PRO_025;tacle_glisse;fc27_futwiz;https://www.futwiz.com/fc27/player/mateo-sanabria/8822;2026-10-08
PRO_025;note_defense;fc27_futwiz;https://www.futwiz.com/fc27/player/mateo-sanabria/8822;2026-10-08
PRO_025;detente;fc27_futwiz;https://www.futwiz.com/fc27/player/mateo-sanabria/8822;2026-10-08
PRO_025;endurance;fc27_futwiz;https://www.futwiz.com/fc27/player/mateo-sanabria/8822;2026-10-08
PRO_025;force;fc27_futwiz;https://www.futwiz.com/fc27/player/mateo-sanabria/8822;2026-10-08
PRO_025;agressivite;fc27_futwiz;https://www.futwiz.com/fc27/player/mateo-sanabria/8822;2026-10-08
PRO_025;note_physique;fc27_futwiz;https://www.futwiz.com/fc27/player/mateo-sanabria/8822;2026-10-08
PRO_025;gardien_plongeon;non_applicable;;2026-10-08
PRO_025;gardien_prise_de_balle;non_applicable;;2026-10-08
PRO_025;gardien_jeu_au_pied;non_applicable;;2026-10-08
PRO_025;gardien_reflexes;non_applicable;;2026-10-08
PRO_025;gardien_sorties;non_applicable;;2026-10-08
PRO_025;gardien_placement;non_applicable;;2026-10-08
PRO_025;nom_fc27;fc27_futwiz;https://www.futwiz.com/fc27/player/mateo-sanabria/8822;2026-10-08
PRO_025;note_generale_fc27;fc27_futwiz;https://www.futwiz.com/fc27/player/mateo-sanabria/8822;2026-10-08
PRO_025;poste_fc27;fc27_futwiz;https://www.futwiz.com/fc27/player/mateo-sanabria/8822;2026-10-08
PRO_025;groupe_poste_fc27;derive_fc27;https://www.futwiz.com/fc27/player/mateo-sanabria/8822;2026-10-08
PRO_025;fc27_url;metadonnee;;2026-10-08
PRO_025;fc27_id_fiche;metadonnee;;2026-10-08
PRO_025;fc27_version_carte;metadonnee;;2026-10-08
PRO_025;playstyles_fc27_observes;fc27_futwiz;https://www.futwiz.com/fc27/player/mateo-sanabria/8822;2026-10-08
PRO_025;gardien_vitesse;non_applicable;;2026-10-08
PRO_025;statut_import_fc27;metadonnee;;2026-10-08
PRO_025;provenance_biometrie;metadonnee;;2026-10-08
PRO_025;provenance_pied_fort;metadonnee;;2026-10-08
PRO_025;provenance_attributs;metadonnee;;2026-10-08
PRO_025;provenance_notes_groupes;metadonnee;;2026-10-08
PRO_025;provenance_scenario;metadonnee;;2026-10-08
PRO_026;joueur_id;metadonnee;;2026-10-08
PRO_026;nom;fc27_futwiz;https://www.futwiz.com/fc27/player/shahruddin-magomedaliyev/8821;2026-10-08
PRO_026;type_joueur;metadonnee;;2026-10-08
PRO_026;club;non_disponible;;2026-10-08
PRO_026;groupe_poste;derive_fc27;https://www.futwiz.com/fc27/player/shahruddin-magomedaliyev/8821;2026-10-08
PRO_026;gardien;fc27_futwiz;https://www.futwiz.com/fc27/player/shahruddin-magomedaliyev/8821;2026-10-08
PRO_026;date_reference;metadonnee;;2026-10-08
PRO_026;date_naissance_simulee;simule;;2026-10-08
PRO_026;age;simule;;2026-10-08
PRO_026;taille_cm;simule;;2026-10-08
PRO_026;poids_kg;simule;;2026-10-08
PRO_026;pied_fort;fc27_futwiz;https://www.futwiz.com/fc27/player/shahruddin-magomedaliyev/8821;2026-10-08
PRO_026;personnalite_tags;simule;;2026-10-08
PRO_026;specialite_tags;simule;;2026-10-08
PRO_026;langues_parlees;simule;;2026-10-08
PRO_026;relation_equipe_score;simule;;2026-10-08
PRO_026;satisfaction_score;simule;;2026-10-08
PRO_026;satisfaction_motif;simule;;2026-10-08
PRO_026;fatigue_score;simule;;2026-10-08
PRO_026;sante_score;simule;;2026-10-08
PRO_026;statut_sante;simule;;2026-10-08
PRO_026;indicateur_sante;simule;;2026-10-08
PRO_026;disponibilite;simule;;2026-10-08
PRO_026;retour_prevu;non_disponible;;2026-10-08
PRO_026;nb_blessures_12_mois;simule;;2026-10-08
PRO_026;affinites_positives_ids;simule;;2026-10-08
PRO_026;affinites_negatives_ids;simule;;2026-10-08
PRO_026;provenance_identite;metadonnee;;2026-10-08
PRO_026;provenance_groupe_poste;metadonnee;;2026-10-08
PRO_026;provenance_autres_champs;metadonnee;;2026-10-08
PRO_026;source_url;metadonnee;;2026-10-08
PRO_026;source_consultee_le;metadonnee;;2026-10-08
PRO_026;relation_equipe_general;simule;;2026-10-08
PRO_026;acceleration;fc27_futwiz;https://www.futwiz.com/fc27/player/shahruddin-magomedaliyev/8821;2026-10-08
PRO_026;vitesse_de_pointe;fc27_futwiz;https://www.futwiz.com/fc27/player/shahruddin-magomedaliyev/8821;2026-10-08
PRO_026;note_vitesse;fc27_futwiz;https://www.futwiz.com/fc27/player/shahruddin-magomedaliyev/8821;2026-10-08
PRO_026;placement_offensif;fc27_futwiz;https://www.futwiz.com/fc27/player/shahruddin-magomedaliyev/8821;2026-10-08
PRO_026;finition;fc27_futwiz;https://www.futwiz.com/fc27/player/shahruddin-magomedaliyev/8821;2026-10-08
PRO_026;puissance_de_tir;fc27_futwiz;https://www.futwiz.com/fc27/player/shahruddin-magomedaliyev/8821;2026-10-08
PRO_026;tir_de_loin;fc27_futwiz;https://www.futwiz.com/fc27/player/shahruddin-magomedaliyev/8821;2026-10-08
PRO_026;volee;fc27_futwiz;https://www.futwiz.com/fc27/player/shahruddin-magomedaliyev/8821;2026-10-08
PRO_026;penalty;fc27_futwiz;https://www.futwiz.com/fc27/player/shahruddin-magomedaliyev/8821;2026-10-08
PRO_026;note_frappe;fc27_futwiz;https://www.futwiz.com/fc27/player/shahruddin-magomedaliyev/8821;2026-10-08
PRO_026;vista;fc27_futwiz;https://www.futwiz.com/fc27/player/shahruddin-magomedaliyev/8821;2026-10-08
PRO_026;centre;fc27_futwiz;https://www.futwiz.com/fc27/player/shahruddin-magomedaliyev/8821;2026-10-08
PRO_026;precision_coup_franc;fc27_futwiz;https://www.futwiz.com/fc27/player/shahruddin-magomedaliyev/8821;2026-10-08
PRO_026;passe_courte;fc27_futwiz;https://www.futwiz.com/fc27/player/shahruddin-magomedaliyev/8821;2026-10-08
PRO_026;passe_longue;fc27_futwiz;https://www.futwiz.com/fc27/player/shahruddin-magomedaliyev/8821;2026-10-08
PRO_026;effet;fc27_futwiz;https://www.futwiz.com/fc27/player/shahruddin-magomedaliyev/8821;2026-10-08
PRO_026;note_passe;fc27_futwiz;https://www.futwiz.com/fc27/player/shahruddin-magomedaliyev/8821;2026-10-08
PRO_026;agilite;fc27_futwiz;https://www.futwiz.com/fc27/player/shahruddin-magomedaliyev/8821;2026-10-08
PRO_026;equilibre;fc27_futwiz;https://www.futwiz.com/fc27/player/shahruddin-magomedaliyev/8821;2026-10-08
PRO_026;reactivite;fc27_futwiz;https://www.futwiz.com/fc27/player/shahruddin-magomedaliyev/8821;2026-10-08
PRO_026;conduite_de_balle;fc27_futwiz;https://www.futwiz.com/fc27/player/shahruddin-magomedaliyev/8821;2026-10-08
PRO_026;dribble;fc27_futwiz;https://www.futwiz.com/fc27/player/shahruddin-magomedaliyev/8821;2026-10-08
PRO_026;calme;fc27_futwiz;https://www.futwiz.com/fc27/player/shahruddin-magomedaliyev/8821;2026-10-08
PRO_026;note_dribble;fc27_futwiz;https://www.futwiz.com/fc27/player/shahruddin-magomedaliyev/8821;2026-10-08
PRO_026;interception;fc27_futwiz;https://www.futwiz.com/fc27/player/shahruddin-magomedaliyev/8821;2026-10-08
PRO_026;precision_de_la_tete;fc27_futwiz;https://www.futwiz.com/fc27/player/shahruddin-magomedaliyev/8821;2026-10-08
PRO_026;lucidite_defensive;fc27_futwiz;https://www.futwiz.com/fc27/player/shahruddin-magomedaliyev/8821;2026-10-08
PRO_026;tacle_debout;fc27_futwiz;https://www.futwiz.com/fc27/player/shahruddin-magomedaliyev/8821;2026-10-08
PRO_026;tacle_glisse;fc27_futwiz;https://www.futwiz.com/fc27/player/shahruddin-magomedaliyev/8821;2026-10-08
PRO_026;note_defense;fc27_futwiz;https://www.futwiz.com/fc27/player/shahruddin-magomedaliyev/8821;2026-10-08
PRO_026;detente;fc27_futwiz;https://www.futwiz.com/fc27/player/shahruddin-magomedaliyev/8821;2026-10-08
PRO_026;endurance;fc27_futwiz;https://www.futwiz.com/fc27/player/shahruddin-magomedaliyev/8821;2026-10-08
PRO_026;force;fc27_futwiz;https://www.futwiz.com/fc27/player/shahruddin-magomedaliyev/8821;2026-10-08
PRO_026;agressivite;fc27_futwiz;https://www.futwiz.com/fc27/player/shahruddin-magomedaliyev/8821;2026-10-08
PRO_026;note_physique;fc27_futwiz;https://www.futwiz.com/fc27/player/shahruddin-magomedaliyev/8821;2026-10-08
PRO_026;gardien_plongeon;fc27_futwiz;https://www.futwiz.com/fc27/player/shahruddin-magomedaliyev/8821;2026-10-08
PRO_026;gardien_prise_de_balle;fc27_futwiz;https://www.futwiz.com/fc27/player/shahruddin-magomedaliyev/8821;2026-10-08
PRO_026;gardien_jeu_au_pied;fc27_futwiz;https://www.futwiz.com/fc27/player/shahruddin-magomedaliyev/8821;2026-10-08
PRO_026;gardien_reflexes;fc27_futwiz;https://www.futwiz.com/fc27/player/shahruddin-magomedaliyev/8821;2026-10-08
PRO_026;gardien_sorties;simule;;2026-10-08
PRO_026;gardien_placement;fc27_futwiz;https://www.futwiz.com/fc27/player/shahruddin-magomedaliyev/8821;2026-10-08
PRO_026;nom_fc27;fc27_futwiz;https://www.futwiz.com/fc27/player/shahruddin-magomedaliyev/8821;2026-10-08
PRO_026;note_generale_fc27;fc27_futwiz;https://www.futwiz.com/fc27/player/shahruddin-magomedaliyev/8821;2026-10-08
PRO_026;poste_fc27;fc27_futwiz;https://www.futwiz.com/fc27/player/shahruddin-magomedaliyev/8821;2026-10-08
PRO_026;groupe_poste_fc27;derive_fc27;https://www.futwiz.com/fc27/player/shahruddin-magomedaliyev/8821;2026-10-08
PRO_026;fc27_url;metadonnee;;2026-10-08
PRO_026;fc27_id_fiche;metadonnee;;2026-10-08
PRO_026;fc27_version_carte;metadonnee;;2026-10-08
PRO_026;playstyles_fc27_observes;fc27_futwiz;https://www.futwiz.com/fc27/player/shahruddin-magomedaliyev/8821;2026-10-08
PRO_026;gardien_vitesse;fc27_futwiz;https://www.futwiz.com/fc27/player/shahruddin-magomedaliyev/8821;2026-10-08
PRO_026;statut_import_fc27;metadonnee;;2026-10-08
PRO_026;provenance_biometrie;metadonnee;;2026-10-08
PRO_026;provenance_pied_fort;metadonnee;;2026-10-08
PRO_026;provenance_attributs;metadonnee;;2026-10-08
PRO_026;provenance_notes_groupes;metadonnee;;2026-10-08
PRO_026;provenance_scenario;metadonnee;;2026-10-08
PRO_027;joueur_id;metadonnee;;2026-10-08
PRO_027;nom;fc27_futwiz;https://www.futwiz.com/fc27/player/oleksiy-kashchuk/8820;2026-10-08
PRO_027;type_joueur;metadonnee;;2026-10-08
PRO_027;club;non_disponible;;2026-10-08
PRO_027;groupe_poste;derive_fc27;https://www.futwiz.com/fc27/player/oleksiy-kashchuk/8820;2026-10-08
PRO_027;gardien;fc27_futwiz;https://www.futwiz.com/fc27/player/oleksiy-kashchuk/8820;2026-10-08
PRO_027;date_reference;metadonnee;;2026-10-08
PRO_027;date_naissance_simulee;simule;;2026-10-08
PRO_027;age;simule;;2026-10-08
PRO_027;taille_cm;simule;;2026-10-08
PRO_027;poids_kg;simule;;2026-10-08
PRO_027;pied_fort;fc27_futwiz;https://www.futwiz.com/fc27/player/oleksiy-kashchuk/8820;2026-10-08
PRO_027;personnalite_tags;simule;;2026-10-08
PRO_027;specialite_tags;simule;;2026-10-08
PRO_027;langues_parlees;simule;;2026-10-08
PRO_027;relation_equipe_score;simule;;2026-10-08
PRO_027;satisfaction_score;simule;;2026-10-08
PRO_027;satisfaction_motif;simule;;2026-10-08
PRO_027;fatigue_score;simule;;2026-10-08
PRO_027;sante_score;simule;;2026-10-08
PRO_027;statut_sante;simule;;2026-10-08
PRO_027;indicateur_sante;simule;;2026-10-08
PRO_027;disponibilite;simule;;2026-10-08
PRO_027;retour_prevu;non_disponible;;2026-10-08
PRO_027;nb_blessures_12_mois;simule;;2026-10-08
PRO_027;affinites_positives_ids;simule;;2026-10-08
PRO_027;affinites_negatives_ids;simule;;2026-10-08
PRO_027;provenance_identite;metadonnee;;2026-10-08
PRO_027;provenance_groupe_poste;metadonnee;;2026-10-08
PRO_027;provenance_autres_champs;metadonnee;;2026-10-08
PRO_027;source_url;metadonnee;;2026-10-08
PRO_027;source_consultee_le;metadonnee;;2026-10-08
PRO_027;relation_equipe_general;simule;;2026-10-08
PRO_027;acceleration;fc27_futwiz;https://www.futwiz.com/fc27/player/oleksiy-kashchuk/8820;2026-10-08
PRO_027;vitesse_de_pointe;fc27_futwiz;https://www.futwiz.com/fc27/player/oleksiy-kashchuk/8820;2026-10-08
PRO_027;note_vitesse;fc27_futwiz;https://www.futwiz.com/fc27/player/oleksiy-kashchuk/8820;2026-10-08
PRO_027;placement_offensif;fc27_futwiz;https://www.futwiz.com/fc27/player/oleksiy-kashchuk/8820;2026-10-08
PRO_027;finition;fc27_futwiz;https://www.futwiz.com/fc27/player/oleksiy-kashchuk/8820;2026-10-08
PRO_027;puissance_de_tir;fc27_futwiz;https://www.futwiz.com/fc27/player/oleksiy-kashchuk/8820;2026-10-08
PRO_027;tir_de_loin;fc27_futwiz;https://www.futwiz.com/fc27/player/oleksiy-kashchuk/8820;2026-10-08
PRO_027;volee;fc27_futwiz;https://www.futwiz.com/fc27/player/oleksiy-kashchuk/8820;2026-10-08
PRO_027;penalty;fc27_futwiz;https://www.futwiz.com/fc27/player/oleksiy-kashchuk/8820;2026-10-08
PRO_027;note_frappe;fc27_futwiz;https://www.futwiz.com/fc27/player/oleksiy-kashchuk/8820;2026-10-08
PRO_027;vista;fc27_futwiz;https://www.futwiz.com/fc27/player/oleksiy-kashchuk/8820;2026-10-08
PRO_027;centre;fc27_futwiz;https://www.futwiz.com/fc27/player/oleksiy-kashchuk/8820;2026-10-08
PRO_027;precision_coup_franc;fc27_futwiz;https://www.futwiz.com/fc27/player/oleksiy-kashchuk/8820;2026-10-08
PRO_027;passe_courte;fc27_futwiz;https://www.futwiz.com/fc27/player/oleksiy-kashchuk/8820;2026-10-08
PRO_027;passe_longue;fc27_futwiz;https://www.futwiz.com/fc27/player/oleksiy-kashchuk/8820;2026-10-08
PRO_027;effet;fc27_futwiz;https://www.futwiz.com/fc27/player/oleksiy-kashchuk/8820;2026-10-08
PRO_027;note_passe;fc27_futwiz;https://www.futwiz.com/fc27/player/oleksiy-kashchuk/8820;2026-10-08
PRO_027;agilite;fc27_futwiz;https://www.futwiz.com/fc27/player/oleksiy-kashchuk/8820;2026-10-08
PRO_027;equilibre;fc27_futwiz;https://www.futwiz.com/fc27/player/oleksiy-kashchuk/8820;2026-10-08
PRO_027;reactivite;fc27_futwiz;https://www.futwiz.com/fc27/player/oleksiy-kashchuk/8820;2026-10-08
PRO_027;conduite_de_balle;fc27_futwiz;https://www.futwiz.com/fc27/player/oleksiy-kashchuk/8820;2026-10-08
PRO_027;dribble;fc27_futwiz;https://www.futwiz.com/fc27/player/oleksiy-kashchuk/8820;2026-10-08
PRO_027;calme;fc27_futwiz;https://www.futwiz.com/fc27/player/oleksiy-kashchuk/8820;2026-10-08
PRO_027;note_dribble;fc27_futwiz;https://www.futwiz.com/fc27/player/oleksiy-kashchuk/8820;2026-10-08
PRO_027;interception;fc27_futwiz;https://www.futwiz.com/fc27/player/oleksiy-kashchuk/8820;2026-10-08
PRO_027;precision_de_la_tete;fc27_futwiz;https://www.futwiz.com/fc27/player/oleksiy-kashchuk/8820;2026-10-08
PRO_027;lucidite_defensive;fc27_futwiz;https://www.futwiz.com/fc27/player/oleksiy-kashchuk/8820;2026-10-08
PRO_027;tacle_debout;fc27_futwiz;https://www.futwiz.com/fc27/player/oleksiy-kashchuk/8820;2026-10-08
PRO_027;tacle_glisse;fc27_futwiz;https://www.futwiz.com/fc27/player/oleksiy-kashchuk/8820;2026-10-08
PRO_027;note_defense;fc27_futwiz;https://www.futwiz.com/fc27/player/oleksiy-kashchuk/8820;2026-10-08
PRO_027;detente;fc27_futwiz;https://www.futwiz.com/fc27/player/oleksiy-kashchuk/8820;2026-10-08
PRO_027;endurance;fc27_futwiz;https://www.futwiz.com/fc27/player/oleksiy-kashchuk/8820;2026-10-08
PRO_027;force;fc27_futwiz;https://www.futwiz.com/fc27/player/oleksiy-kashchuk/8820;2026-10-08
PRO_027;agressivite;fc27_futwiz;https://www.futwiz.com/fc27/player/oleksiy-kashchuk/8820;2026-10-08
PRO_027;note_physique;fc27_futwiz;https://www.futwiz.com/fc27/player/oleksiy-kashchuk/8820;2026-10-08
PRO_027;gardien_plongeon;non_applicable;;2026-10-08
PRO_027;gardien_prise_de_balle;non_applicable;;2026-10-08
PRO_027;gardien_jeu_au_pied;non_applicable;;2026-10-08
PRO_027;gardien_reflexes;non_applicable;;2026-10-08
PRO_027;gardien_sorties;non_applicable;;2026-10-08
PRO_027;gardien_placement;non_applicable;;2026-10-08
PRO_027;nom_fc27;fc27_futwiz;https://www.futwiz.com/fc27/player/oleksiy-kashchuk/8820;2026-10-08
PRO_027;note_generale_fc27;fc27_futwiz;https://www.futwiz.com/fc27/player/oleksiy-kashchuk/8820;2026-10-08
PRO_027;poste_fc27;fc27_futwiz;https://www.futwiz.com/fc27/player/oleksiy-kashchuk/8820;2026-10-08
PRO_027;groupe_poste_fc27;derive_fc27;https://www.futwiz.com/fc27/player/oleksiy-kashchuk/8820;2026-10-08
PRO_027;fc27_url;metadonnee;;2026-10-08
PRO_027;fc27_id_fiche;metadonnee;;2026-10-08
PRO_027;fc27_version_carte;metadonnee;;2026-10-08
PRO_027;playstyles_fc27_observes;fc27_futwiz;https://www.futwiz.com/fc27/player/oleksiy-kashchuk/8820;2026-10-08
PRO_027;gardien_vitesse;non_applicable;;2026-10-08
PRO_027;statut_import_fc27;metadonnee;;2026-10-08
PRO_027;provenance_biometrie;metadonnee;;2026-10-08
PRO_027;provenance_pied_fort;metadonnee;;2026-10-08
PRO_027;provenance_attributs;metadonnee;;2026-10-08
PRO_027;provenance_notes_groupes;metadonnee;;2026-10-08
PRO_027;provenance_scenario;metadonnee;;2026-10-08
PRO_028;joueur_id;metadonnee;;2026-10-08
PRO_028;nom;fc27_futwiz;https://www.futwiz.com/fc27/player/joni-montiel/8819;2026-10-08
PRO_028;type_joueur;metadonnee;;2026-10-08
PRO_028;club;non_disponible;;2026-10-08
PRO_028;groupe_poste;derive_fc27;https://www.futwiz.com/fc27/player/joni-montiel/8819;2026-10-08
PRO_028;gardien;fc27_futwiz;https://www.futwiz.com/fc27/player/joni-montiel/8819;2026-10-08
PRO_028;date_reference;metadonnee;;2026-10-08
PRO_028;date_naissance_simulee;simule;;2026-10-08
PRO_028;age;simule;;2026-10-08
PRO_028;taille_cm;simule;;2026-10-08
PRO_028;poids_kg;simule;;2026-10-08
PRO_028;pied_fort;fc27_futwiz;https://www.futwiz.com/fc27/player/joni-montiel/8819;2026-10-08
PRO_028;personnalite_tags;simule;;2026-10-08
PRO_028;specialite_tags;simule;;2026-10-08
PRO_028;langues_parlees;simule;;2026-10-08
PRO_028;relation_equipe_score;simule;;2026-10-08
PRO_028;satisfaction_score;simule;;2026-10-08
PRO_028;satisfaction_motif;simule;;2026-10-08
PRO_028;fatigue_score;simule;;2026-10-08
PRO_028;sante_score;simule;;2026-10-08
PRO_028;statut_sante;simule;;2026-10-08
PRO_028;indicateur_sante;simule;;2026-10-08
PRO_028;disponibilite;simule;;2026-10-08
PRO_028;retour_prevu;non_disponible;;2026-10-08
PRO_028;nb_blessures_12_mois;simule;;2026-10-08
PRO_028;affinites_positives_ids;simule;;2026-10-08
PRO_028;affinites_negatives_ids;simule;;2026-10-08
PRO_028;provenance_identite;metadonnee;;2026-10-08
PRO_028;provenance_groupe_poste;metadonnee;;2026-10-08
PRO_028;provenance_autres_champs;metadonnee;;2026-10-08
PRO_028;source_url;metadonnee;;2026-10-08
PRO_028;source_consultee_le;metadonnee;;2026-10-08
PRO_028;relation_equipe_general;simule;;2026-10-08
PRO_028;acceleration;fc27_futwiz;https://www.futwiz.com/fc27/player/joni-montiel/8819;2026-10-08
PRO_028;vitesse_de_pointe;fc27_futwiz;https://www.futwiz.com/fc27/player/joni-montiel/8819;2026-10-08
PRO_028;note_vitesse;fc27_futwiz;https://www.futwiz.com/fc27/player/joni-montiel/8819;2026-10-08
PRO_028;placement_offensif;fc27_futwiz;https://www.futwiz.com/fc27/player/joni-montiel/8819;2026-10-08
PRO_028;finition;fc27_futwiz;https://www.futwiz.com/fc27/player/joni-montiel/8819;2026-10-08
PRO_028;puissance_de_tir;fc27_futwiz;https://www.futwiz.com/fc27/player/joni-montiel/8819;2026-10-08
PRO_028;tir_de_loin;fc27_futwiz;https://www.futwiz.com/fc27/player/joni-montiel/8819;2026-10-08
PRO_028;volee;fc27_futwiz;https://www.futwiz.com/fc27/player/joni-montiel/8819;2026-10-08
PRO_028;penalty;fc27_futwiz;https://www.futwiz.com/fc27/player/joni-montiel/8819;2026-10-08
PRO_028;note_frappe;fc27_futwiz;https://www.futwiz.com/fc27/player/joni-montiel/8819;2026-10-08
PRO_028;vista;fc27_futwiz;https://www.futwiz.com/fc27/player/joni-montiel/8819;2026-10-08
PRO_028;centre;fc27_futwiz;https://www.futwiz.com/fc27/player/joni-montiel/8819;2026-10-08
PRO_028;precision_coup_franc;fc27_futwiz;https://www.futwiz.com/fc27/player/joni-montiel/8819;2026-10-08
PRO_028;passe_courte;fc27_futwiz;https://www.futwiz.com/fc27/player/joni-montiel/8819;2026-10-08
PRO_028;passe_longue;fc27_futwiz;https://www.futwiz.com/fc27/player/joni-montiel/8819;2026-10-08
PRO_028;effet;fc27_futwiz;https://www.futwiz.com/fc27/player/joni-montiel/8819;2026-10-08
PRO_028;note_passe;fc27_futwiz;https://www.futwiz.com/fc27/player/joni-montiel/8819;2026-10-08
PRO_028;agilite;fc27_futwiz;https://www.futwiz.com/fc27/player/joni-montiel/8819;2026-10-08
PRO_028;equilibre;fc27_futwiz;https://www.futwiz.com/fc27/player/joni-montiel/8819;2026-10-08
PRO_028;reactivite;fc27_futwiz;https://www.futwiz.com/fc27/player/joni-montiel/8819;2026-10-08
PRO_028;conduite_de_balle;fc27_futwiz;https://www.futwiz.com/fc27/player/joni-montiel/8819;2026-10-08
PRO_028;dribble;fc27_futwiz;https://www.futwiz.com/fc27/player/joni-montiel/8819;2026-10-08
PRO_028;calme;fc27_futwiz;https://www.futwiz.com/fc27/player/joni-montiel/8819;2026-10-08
PRO_028;note_dribble;fc27_futwiz;https://www.futwiz.com/fc27/player/joni-montiel/8819;2026-10-08
PRO_028;interception;fc27_futwiz;https://www.futwiz.com/fc27/player/joni-montiel/8819;2026-10-08
PRO_028;precision_de_la_tete;fc27_futwiz;https://www.futwiz.com/fc27/player/joni-montiel/8819;2026-10-08
PRO_028;lucidite_defensive;fc27_futwiz;https://www.futwiz.com/fc27/player/joni-montiel/8819;2026-10-08
PRO_028;tacle_debout;fc27_futwiz;https://www.futwiz.com/fc27/player/joni-montiel/8819;2026-10-08
PRO_028;tacle_glisse;fc27_futwiz;https://www.futwiz.com/fc27/player/joni-montiel/8819;2026-10-08
PRO_028;note_defense;fc27_futwiz;https://www.futwiz.com/fc27/player/joni-montiel/8819;2026-10-08
PRO_028;detente;fc27_futwiz;https://www.futwiz.com/fc27/player/joni-montiel/8819;2026-10-08
PRO_028;endurance;fc27_futwiz;https://www.futwiz.com/fc27/player/joni-montiel/8819;2026-10-08
PRO_028;force;fc27_futwiz;https://www.futwiz.com/fc27/player/joni-montiel/8819;2026-10-08
PRO_028;agressivite;fc27_futwiz;https://www.futwiz.com/fc27/player/joni-montiel/8819;2026-10-08
PRO_028;note_physique;fc27_futwiz;https://www.futwiz.com/fc27/player/joni-montiel/8819;2026-10-08
PRO_028;gardien_plongeon;non_applicable;;2026-10-08
PRO_028;gardien_prise_de_balle;non_applicable;;2026-10-08
PRO_028;gardien_jeu_au_pied;non_applicable;;2026-10-08
PRO_028;gardien_reflexes;non_applicable;;2026-10-08
PRO_028;gardien_sorties;non_applicable;;2026-10-08
PRO_028;gardien_placement;non_applicable;;2026-10-08
PRO_028;nom_fc27;fc27_futwiz;https://www.futwiz.com/fc27/player/joni-montiel/8819;2026-10-08
PRO_028;note_generale_fc27;fc27_futwiz;https://www.futwiz.com/fc27/player/joni-montiel/8819;2026-10-08
PRO_028;poste_fc27;fc27_futwiz;https://www.futwiz.com/fc27/player/joni-montiel/8819;2026-10-08
PRO_028;groupe_poste_fc27;derive_fc27;https://www.futwiz.com/fc27/player/joni-montiel/8819;2026-10-08
PRO_028;fc27_url;metadonnee;;2026-10-08
PRO_028;fc27_id_fiche;metadonnee;;2026-10-08
PRO_028;fc27_version_carte;metadonnee;;2026-10-08
PRO_028;playstyles_fc27_observes;fc27_futwiz;https://www.futwiz.com/fc27/player/joni-montiel/8819;2026-10-08
PRO_028;gardien_vitesse;non_applicable;;2026-10-08
PRO_028;statut_import_fc27;metadonnee;;2026-10-08
PRO_028;provenance_biometrie;metadonnee;;2026-10-08
PRO_028;provenance_pied_fort;metadonnee;;2026-10-08
PRO_028;provenance_attributs;metadonnee;;2026-10-08
PRO_028;provenance_notes_groupes;metadonnee;;2026-10-08
PRO_028;provenance_scenario;metadonnee;;2026-10-08
PRO_029;joueur_id;metadonnee;;2026-10-08
PRO_029;nom;fc27_futwiz;https://www.futwiz.com/fc27/player/lenny-joseph/8818;2026-10-08
PRO_029;type_joueur;metadonnee;;2026-10-08
PRO_029;club;non_disponible;;2026-10-08
PRO_029;groupe_poste;derive_fc27;https://www.futwiz.com/fc27/player/lenny-joseph/8818;2026-10-08
PRO_029;gardien;fc27_futwiz;https://www.futwiz.com/fc27/player/lenny-joseph/8818;2026-10-08
PRO_029;date_reference;metadonnee;;2026-10-08
PRO_029;date_naissance_simulee;simule;;2026-10-08
PRO_029;age;simule;;2026-10-08
PRO_029;taille_cm;simule;;2026-10-08
PRO_029;poids_kg;simule;;2026-10-08
PRO_029;pied_fort;fc27_futwiz;https://www.futwiz.com/fc27/player/lenny-joseph/8818;2026-10-08
PRO_029;personnalite_tags;simule;;2026-10-08
PRO_029;specialite_tags;simule;;2026-10-08
PRO_029;langues_parlees;simule;;2026-10-08
PRO_029;relation_equipe_score;simule;;2026-10-08
PRO_029;satisfaction_score;simule;;2026-10-08
PRO_029;satisfaction_motif;simule;;2026-10-08
PRO_029;fatigue_score;simule;;2026-10-08
PRO_029;sante_score;simule;;2026-10-08
PRO_029;statut_sante;simule;;2026-10-08
PRO_029;indicateur_sante;simule;;2026-10-08
PRO_029;disponibilite;simule;;2026-10-08
PRO_029;retour_prevu;simule;;2026-10-08
PRO_029;nb_blessures_12_mois;simule;;2026-10-08
PRO_029;affinites_positives_ids;simule;;2026-10-08
PRO_029;affinites_negatives_ids;simule;;2026-10-08
PRO_029;provenance_identite;metadonnee;;2026-10-08
PRO_029;provenance_groupe_poste;metadonnee;;2026-10-08
PRO_029;provenance_autres_champs;metadonnee;;2026-10-08
PRO_029;source_url;metadonnee;;2026-10-08
PRO_029;source_consultee_le;metadonnee;;2026-10-08
PRO_029;relation_equipe_general;simule;;2026-10-08
PRO_029;acceleration;fc27_futwiz;https://www.futwiz.com/fc27/player/lenny-joseph/8818;2026-10-08
PRO_029;vitesse_de_pointe;fc27_futwiz;https://www.futwiz.com/fc27/player/lenny-joseph/8818;2026-10-08
PRO_029;note_vitesse;fc27_futwiz;https://www.futwiz.com/fc27/player/lenny-joseph/8818;2026-10-08
PRO_029;placement_offensif;fc27_futwiz;https://www.futwiz.com/fc27/player/lenny-joseph/8818;2026-10-08
PRO_029;finition;fc27_futwiz;https://www.futwiz.com/fc27/player/lenny-joseph/8818;2026-10-08
PRO_029;puissance_de_tir;fc27_futwiz;https://www.futwiz.com/fc27/player/lenny-joseph/8818;2026-10-08
PRO_029;tir_de_loin;fc27_futwiz;https://www.futwiz.com/fc27/player/lenny-joseph/8818;2026-10-08
PRO_029;volee;fc27_futwiz;https://www.futwiz.com/fc27/player/lenny-joseph/8818;2026-10-08
PRO_029;penalty;fc27_futwiz;https://www.futwiz.com/fc27/player/lenny-joseph/8818;2026-10-08
PRO_029;note_frappe;fc27_futwiz;https://www.futwiz.com/fc27/player/lenny-joseph/8818;2026-10-08
PRO_029;vista;fc27_futwiz;https://www.futwiz.com/fc27/player/lenny-joseph/8818;2026-10-08
PRO_029;centre;fc27_futwiz;https://www.futwiz.com/fc27/player/lenny-joseph/8818;2026-10-08
PRO_029;precision_coup_franc;fc27_futwiz;https://www.futwiz.com/fc27/player/lenny-joseph/8818;2026-10-08
PRO_029;passe_courte;fc27_futwiz;https://www.futwiz.com/fc27/player/lenny-joseph/8818;2026-10-08
PRO_029;passe_longue;fc27_futwiz;https://www.futwiz.com/fc27/player/lenny-joseph/8818;2026-10-08
PRO_029;effet;fc27_futwiz;https://www.futwiz.com/fc27/player/lenny-joseph/8818;2026-10-08
PRO_029;note_passe;fc27_futwiz;https://www.futwiz.com/fc27/player/lenny-joseph/8818;2026-10-08
PRO_029;agilite;fc27_futwiz;https://www.futwiz.com/fc27/player/lenny-joseph/8818;2026-10-08
PRO_029;equilibre;fc27_futwiz;https://www.futwiz.com/fc27/player/lenny-joseph/8818;2026-10-08
PRO_029;reactivite;fc27_futwiz;https://www.futwiz.com/fc27/player/lenny-joseph/8818;2026-10-08
PRO_029;conduite_de_balle;fc27_futwiz;https://www.futwiz.com/fc27/player/lenny-joseph/8818;2026-10-08
PRO_029;dribble;fc27_futwiz;https://www.futwiz.com/fc27/player/lenny-joseph/8818;2026-10-08
PRO_029;calme;fc27_futwiz;https://www.futwiz.com/fc27/player/lenny-joseph/8818;2026-10-08
PRO_029;note_dribble;fc27_futwiz;https://www.futwiz.com/fc27/player/lenny-joseph/8818;2026-10-08
PRO_029;interception;fc27_futwiz;https://www.futwiz.com/fc27/player/lenny-joseph/8818;2026-10-08
PRO_029;precision_de_la_tete;fc27_futwiz;https://www.futwiz.com/fc27/player/lenny-joseph/8818;2026-10-08
PRO_029;lucidite_defensive;fc27_futwiz;https://www.futwiz.com/fc27/player/lenny-joseph/8818;2026-10-08
PRO_029;tacle_debout;fc27_futwiz;https://www.futwiz.com/fc27/player/lenny-joseph/8818;2026-10-08
PRO_029;tacle_glisse;fc27_futwiz;https://www.futwiz.com/fc27/player/lenny-joseph/8818;2026-10-08
PRO_029;note_defense;fc27_futwiz;https://www.futwiz.com/fc27/player/lenny-joseph/8818;2026-10-08
PRO_029;detente;fc27_futwiz;https://www.futwiz.com/fc27/player/lenny-joseph/8818;2026-10-08
PRO_029;endurance;fc27_futwiz;https://www.futwiz.com/fc27/player/lenny-joseph/8818;2026-10-08
PRO_029;force;fc27_futwiz;https://www.futwiz.com/fc27/player/lenny-joseph/8818;2026-10-08
PRO_029;agressivite;fc27_futwiz;https://www.futwiz.com/fc27/player/lenny-joseph/8818;2026-10-08
PRO_029;note_physique;fc27_futwiz;https://www.futwiz.com/fc27/player/lenny-joseph/8818;2026-10-08
PRO_029;gardien_plongeon;non_applicable;;2026-10-08
PRO_029;gardien_prise_de_balle;non_applicable;;2026-10-08
PRO_029;gardien_jeu_au_pied;non_applicable;;2026-10-08
PRO_029;gardien_reflexes;non_applicable;;2026-10-08
PRO_029;gardien_sorties;non_applicable;;2026-10-08
PRO_029;gardien_placement;non_applicable;;2026-10-08
PRO_029;nom_fc27;fc27_futwiz;https://www.futwiz.com/fc27/player/lenny-joseph/8818;2026-10-08
PRO_029;note_generale_fc27;fc27_futwiz;https://www.futwiz.com/fc27/player/lenny-joseph/8818;2026-10-08
PRO_029;poste_fc27;fc27_futwiz;https://www.futwiz.com/fc27/player/lenny-joseph/8818;2026-10-08
PRO_029;groupe_poste_fc27;derive_fc27;https://www.futwiz.com/fc27/player/lenny-joseph/8818;2026-10-08
PRO_029;fc27_url;metadonnee;;2026-10-08
PRO_029;fc27_id_fiche;metadonnee;;2026-10-08
PRO_029;fc27_version_carte;metadonnee;;2026-10-08
PRO_029;playstyles_fc27_observes;fc27_futwiz;https://www.futwiz.com/fc27/player/lenny-joseph/8818;2026-10-08
PRO_029;gardien_vitesse;non_applicable;;2026-10-08
PRO_029;statut_import_fc27;metadonnee;;2026-10-08
PRO_029;provenance_biometrie;metadonnee;;2026-10-08
PRO_029;provenance_pied_fort;metadonnee;;2026-10-08
PRO_029;provenance_attributs;metadonnee;;2026-10-08
PRO_029;provenance_notes_groupes;metadonnee;;2026-10-08
PRO_029;provenance_scenario;metadonnee;;2026-10-08
PRO_030;joueur_id;metadonnee;;2026-10-08
PRO_030;nom;fc27_futwiz;https://www.futwiz.com/fc27/player/aleksandar-cirkovic/8817;2026-10-08
PRO_030;type_joueur;metadonnee;;2026-10-08
PRO_030;club;non_disponible;;2026-10-08
PRO_030;groupe_poste;derive_fc27;https://www.futwiz.com/fc27/player/aleksandar-cirkovic/8817;2026-10-08
PRO_030;gardien;fc27_futwiz;https://www.futwiz.com/fc27/player/aleksandar-cirkovic/8817;2026-10-08
PRO_030;date_reference;metadonnee;;2026-10-08
PRO_030;date_naissance_simulee;simule;;2026-10-08
PRO_030;age;simule;;2026-10-08
PRO_030;taille_cm;simule;;2026-10-08
PRO_030;poids_kg;simule;;2026-10-08
PRO_030;pied_fort;fc27_futwiz;https://www.futwiz.com/fc27/player/aleksandar-cirkovic/8817;2026-10-08
PRO_030;personnalite_tags;simule;;2026-10-08
PRO_030;specialite_tags;simule;;2026-10-08
PRO_030;langues_parlees;simule;;2026-10-08
PRO_030;relation_equipe_score;simule;;2026-10-08
PRO_030;satisfaction_score;simule;;2026-10-08
PRO_030;satisfaction_motif;simule;;2026-10-08
PRO_030;fatigue_score;simule;;2026-10-08
PRO_030;sante_score;simule;;2026-10-08
PRO_030;statut_sante;simule;;2026-10-08
PRO_030;indicateur_sante;simule;;2026-10-08
PRO_030;disponibilite;simule;;2026-10-08
PRO_030;retour_prevu;non_disponible;;2026-10-08
PRO_030;nb_blessures_12_mois;simule;;2026-10-08
PRO_030;affinites_positives_ids;simule;;2026-10-08
PRO_030;affinites_negatives_ids;simule;;2026-10-08
PRO_030;provenance_identite;metadonnee;;2026-10-08
PRO_030;provenance_groupe_poste;metadonnee;;2026-10-08
PRO_030;provenance_autres_champs;metadonnee;;2026-10-08
PRO_030;source_url;metadonnee;;2026-10-08
PRO_030;source_consultee_le;metadonnee;;2026-10-08
PRO_030;relation_equipe_general;simule;;2026-10-08
PRO_030;acceleration;fc27_futwiz;https://www.futwiz.com/fc27/player/aleksandar-cirkovic/8817;2026-10-08
PRO_030;vitesse_de_pointe;fc27_futwiz;https://www.futwiz.com/fc27/player/aleksandar-cirkovic/8817;2026-10-08
PRO_030;note_vitesse;fc27_futwiz;https://www.futwiz.com/fc27/player/aleksandar-cirkovic/8817;2026-10-08
PRO_030;placement_offensif;fc27_futwiz;https://www.futwiz.com/fc27/player/aleksandar-cirkovic/8817;2026-10-08
PRO_030;finition;fc27_futwiz;https://www.futwiz.com/fc27/player/aleksandar-cirkovic/8817;2026-10-08
PRO_030;puissance_de_tir;fc27_futwiz;https://www.futwiz.com/fc27/player/aleksandar-cirkovic/8817;2026-10-08
PRO_030;tir_de_loin;fc27_futwiz;https://www.futwiz.com/fc27/player/aleksandar-cirkovic/8817;2026-10-08
PRO_030;volee;fc27_futwiz;https://www.futwiz.com/fc27/player/aleksandar-cirkovic/8817;2026-10-08
PRO_030;penalty;fc27_futwiz;https://www.futwiz.com/fc27/player/aleksandar-cirkovic/8817;2026-10-08
PRO_030;note_frappe;fc27_futwiz;https://www.futwiz.com/fc27/player/aleksandar-cirkovic/8817;2026-10-08
PRO_030;vista;fc27_futwiz;https://www.futwiz.com/fc27/player/aleksandar-cirkovic/8817;2026-10-08
PRO_030;centre;fc27_futwiz;https://www.futwiz.com/fc27/player/aleksandar-cirkovic/8817;2026-10-08
PRO_030;precision_coup_franc;fc27_futwiz;https://www.futwiz.com/fc27/player/aleksandar-cirkovic/8817;2026-10-08
PRO_030;passe_courte;fc27_futwiz;https://www.futwiz.com/fc27/player/aleksandar-cirkovic/8817;2026-10-08
PRO_030;passe_longue;fc27_futwiz;https://www.futwiz.com/fc27/player/aleksandar-cirkovic/8817;2026-10-08
PRO_030;effet;fc27_futwiz;https://www.futwiz.com/fc27/player/aleksandar-cirkovic/8817;2026-10-08
PRO_030;note_passe;fc27_futwiz;https://www.futwiz.com/fc27/player/aleksandar-cirkovic/8817;2026-10-08
PRO_030;agilite;fc27_futwiz;https://www.futwiz.com/fc27/player/aleksandar-cirkovic/8817;2026-10-08
PRO_030;equilibre;fc27_futwiz;https://www.futwiz.com/fc27/player/aleksandar-cirkovic/8817;2026-10-08
PRO_030;reactivite;fc27_futwiz;https://www.futwiz.com/fc27/player/aleksandar-cirkovic/8817;2026-10-08
PRO_030;conduite_de_balle;fc27_futwiz;https://www.futwiz.com/fc27/player/aleksandar-cirkovic/8817;2026-10-08
PRO_030;dribble;fc27_futwiz;https://www.futwiz.com/fc27/player/aleksandar-cirkovic/8817;2026-10-08
PRO_030;calme;fc27_futwiz;https://www.futwiz.com/fc27/player/aleksandar-cirkovic/8817;2026-10-08
PRO_030;note_dribble;fc27_futwiz;https://www.futwiz.com/fc27/player/aleksandar-cirkovic/8817;2026-10-08
PRO_030;interception;fc27_futwiz;https://www.futwiz.com/fc27/player/aleksandar-cirkovic/8817;2026-10-08
PRO_030;precision_de_la_tete;fc27_futwiz;https://www.futwiz.com/fc27/player/aleksandar-cirkovic/8817;2026-10-08
PRO_030;lucidite_defensive;fc27_futwiz;https://www.futwiz.com/fc27/player/aleksandar-cirkovic/8817;2026-10-08
PRO_030;tacle_debout;fc27_futwiz;https://www.futwiz.com/fc27/player/aleksandar-cirkovic/8817;2026-10-08
PRO_030;tacle_glisse;fc27_futwiz;https://www.futwiz.com/fc27/player/aleksandar-cirkovic/8817;2026-10-08
PRO_030;note_defense;fc27_futwiz;https://www.futwiz.com/fc27/player/aleksandar-cirkovic/8817;2026-10-08
PRO_030;detente;fc27_futwiz;https://www.futwiz.com/fc27/player/aleksandar-cirkovic/8817;2026-10-08
PRO_030;endurance;fc27_futwiz;https://www.futwiz.com/fc27/player/aleksandar-cirkovic/8817;2026-10-08
PRO_030;force;fc27_futwiz;https://www.futwiz.com/fc27/player/aleksandar-cirkovic/8817;2026-10-08
PRO_030;agressivite;fc27_futwiz;https://www.futwiz.com/fc27/player/aleksandar-cirkovic/8817;2026-10-08
PRO_030;note_physique;fc27_futwiz;https://www.futwiz.com/fc27/player/aleksandar-cirkovic/8817;2026-10-08
PRO_030;gardien_plongeon;non_applicable;;2026-10-08
PRO_030;gardien_prise_de_balle;non_applicable;;2026-10-08
PRO_030;gardien_jeu_au_pied;non_applicable;;2026-10-08
PRO_030;gardien_reflexes;non_applicable;;2026-10-08
PRO_030;gardien_sorties;non_applicable;;2026-10-08
PRO_030;gardien_placement;non_applicable;;2026-10-08
PRO_030;nom_fc27;fc27_futwiz;https://www.futwiz.com/fc27/player/aleksandar-cirkovic/8817;2026-10-08
PRO_030;note_generale_fc27;fc27_futwiz;https://www.futwiz.com/fc27/player/aleksandar-cirkovic/8817;2026-10-08
PRO_030;poste_fc27;fc27_futwiz;https://www.futwiz.com/fc27/player/aleksandar-cirkovic/8817;2026-10-08
PRO_030;groupe_poste_fc27;derive_fc27;https://www.futwiz.com/fc27/player/aleksandar-cirkovic/8817;2026-10-08
PRO_030;fc27_url;metadonnee;;2026-10-08
PRO_030;fc27_id_fiche;metadonnee;;2026-10-08
PRO_030;fc27_version_carte;metadonnee;;2026-10-08
PRO_030;playstyles_fc27_observes;fc27_futwiz;https://www.futwiz.com/fc27/player/aleksandar-cirkovic/8817;2026-10-08
PRO_030;gardien_vitesse;non_applicable;;2026-10-08
PRO_030;statut_import_fc27;metadonnee;;2026-10-08
PRO_030;provenance_biometrie;metadonnee;;2026-10-08
PRO_030;provenance_pied_fort;metadonnee;;2026-10-08
PRO_030;provenance_attributs;metadonnee;;2026-10-08
PRO_030;provenance_notes_groupes;metadonnee;;2026-10-08
PRO_030;provenance_scenario;metadonnee;;2026-10-08
PRO_031;joueur_id;metadonnee;;2026-10-08
PRO_031;nom;fc27_futwiz;https://www.futwiz.com/fc27/player/endre-botka/8815;2026-10-08
PRO_031;type_joueur;metadonnee;;2026-10-08
PRO_031;club;non_disponible;;2026-10-08
PRO_031;groupe_poste;derive_fc27;https://www.futwiz.com/fc27/player/endre-botka/8815;2026-10-08
PRO_031;gardien;fc27_futwiz;https://www.futwiz.com/fc27/player/endre-botka/8815;2026-10-08
PRO_031;date_reference;metadonnee;;2026-10-08
PRO_031;date_naissance_simulee;simule;;2026-10-08
PRO_031;age;simule;;2026-10-08
PRO_031;taille_cm;simule;;2026-10-08
PRO_031;poids_kg;simule;;2026-10-08
PRO_031;pied_fort;fc27_futwiz;https://www.futwiz.com/fc27/player/endre-botka/8815;2026-10-08
PRO_031;personnalite_tags;simule;;2026-10-08
PRO_031;specialite_tags;simule;;2026-10-08
PRO_031;langues_parlees;simule;;2026-10-08
PRO_031;relation_equipe_score;simule;;2026-10-08
PRO_031;satisfaction_score;simule;;2026-10-08
PRO_031;satisfaction_motif;simule;;2026-10-08
PRO_031;fatigue_score;simule;;2026-10-08
PRO_031;sante_score;simule;;2026-10-08
PRO_031;statut_sante;simule;;2026-10-08
PRO_031;indicateur_sante;simule;;2026-10-08
PRO_031;disponibilite;simule;;2026-10-08
PRO_031;retour_prevu;non_disponible;;2026-10-08
PRO_031;nb_blessures_12_mois;simule;;2026-10-08
PRO_031;affinites_positives_ids;simule;;2026-10-08
PRO_031;affinites_negatives_ids;simule;;2026-10-08
PRO_031;provenance_identite;metadonnee;;2026-10-08
PRO_031;provenance_groupe_poste;metadonnee;;2026-10-08
PRO_031;provenance_autres_champs;metadonnee;;2026-10-08
PRO_031;source_url;metadonnee;;2026-10-08
PRO_031;source_consultee_le;metadonnee;;2026-10-08
PRO_031;relation_equipe_general;simule;;2026-10-08
PRO_031;acceleration;fc27_futwiz;https://www.futwiz.com/fc27/player/endre-botka/8815;2026-10-08
PRO_031;vitesse_de_pointe;fc27_futwiz;https://www.futwiz.com/fc27/player/endre-botka/8815;2026-10-08
PRO_031;note_vitesse;fc27_futwiz;https://www.futwiz.com/fc27/player/endre-botka/8815;2026-10-08
PRO_031;placement_offensif;fc27_futwiz;https://www.futwiz.com/fc27/player/endre-botka/8815;2026-10-08
PRO_031;finition;fc27_futwiz;https://www.futwiz.com/fc27/player/endre-botka/8815;2026-10-08
PRO_031;puissance_de_tir;fc27_futwiz;https://www.futwiz.com/fc27/player/endre-botka/8815;2026-10-08
PRO_031;tir_de_loin;fc27_futwiz;https://www.futwiz.com/fc27/player/endre-botka/8815;2026-10-08
PRO_031;volee;fc27_futwiz;https://www.futwiz.com/fc27/player/endre-botka/8815;2026-10-08
PRO_031;penalty;fc27_futwiz;https://www.futwiz.com/fc27/player/endre-botka/8815;2026-10-08
PRO_031;note_frappe;fc27_futwiz;https://www.futwiz.com/fc27/player/endre-botka/8815;2026-10-08
PRO_031;vista;fc27_futwiz;https://www.futwiz.com/fc27/player/endre-botka/8815;2026-10-08
PRO_031;centre;fc27_futwiz;https://www.futwiz.com/fc27/player/endre-botka/8815;2026-10-08
PRO_031;precision_coup_franc;fc27_futwiz;https://www.futwiz.com/fc27/player/endre-botka/8815;2026-10-08
PRO_031;passe_courte;fc27_futwiz;https://www.futwiz.com/fc27/player/endre-botka/8815;2026-10-08
PRO_031;passe_longue;fc27_futwiz;https://www.futwiz.com/fc27/player/endre-botka/8815;2026-10-08
PRO_031;effet;fc27_futwiz;https://www.futwiz.com/fc27/player/endre-botka/8815;2026-10-08
PRO_031;note_passe;fc27_futwiz;https://www.futwiz.com/fc27/player/endre-botka/8815;2026-10-08
PRO_031;agilite;fc27_futwiz;https://www.futwiz.com/fc27/player/endre-botka/8815;2026-10-08
PRO_031;equilibre;fc27_futwiz;https://www.futwiz.com/fc27/player/endre-botka/8815;2026-10-08
PRO_031;reactivite;fc27_futwiz;https://www.futwiz.com/fc27/player/endre-botka/8815;2026-10-08
PRO_031;conduite_de_balle;fc27_futwiz;https://www.futwiz.com/fc27/player/endre-botka/8815;2026-10-08
PRO_031;dribble;fc27_futwiz;https://www.futwiz.com/fc27/player/endre-botka/8815;2026-10-08
PRO_031;calme;fc27_futwiz;https://www.futwiz.com/fc27/player/endre-botka/8815;2026-10-08
PRO_031;note_dribble;fc27_futwiz;https://www.futwiz.com/fc27/player/endre-botka/8815;2026-10-08
PRO_031;interception;fc27_futwiz;https://www.futwiz.com/fc27/player/endre-botka/8815;2026-10-08
PRO_031;precision_de_la_tete;fc27_futwiz;https://www.futwiz.com/fc27/player/endre-botka/8815;2026-10-08
PRO_031;lucidite_defensive;fc27_futwiz;https://www.futwiz.com/fc27/player/endre-botka/8815;2026-10-08
PRO_031;tacle_debout;fc27_futwiz;https://www.futwiz.com/fc27/player/endre-botka/8815;2026-10-08
PRO_031;tacle_glisse;fc27_futwiz;https://www.futwiz.com/fc27/player/endre-botka/8815;2026-10-08
PRO_031;note_defense;fc27_futwiz;https://www.futwiz.com/fc27/player/endre-botka/8815;2026-10-08
PRO_031;detente;fc27_futwiz;https://www.futwiz.com/fc27/player/endre-botka/8815;2026-10-08
PRO_031;endurance;fc27_futwiz;https://www.futwiz.com/fc27/player/endre-botka/8815;2026-10-08
PRO_031;force;fc27_futwiz;https://www.futwiz.com/fc27/player/endre-botka/8815;2026-10-08
PRO_031;agressivite;fc27_futwiz;https://www.futwiz.com/fc27/player/endre-botka/8815;2026-10-08
PRO_031;note_physique;fc27_futwiz;https://www.futwiz.com/fc27/player/endre-botka/8815;2026-10-08
PRO_031;gardien_plongeon;non_applicable;;2026-10-08
PRO_031;gardien_prise_de_balle;non_applicable;;2026-10-08
PRO_031;gardien_jeu_au_pied;non_applicable;;2026-10-08
PRO_031;gardien_reflexes;non_applicable;;2026-10-08
PRO_031;gardien_sorties;non_applicable;;2026-10-08
PRO_031;gardien_placement;non_applicable;;2026-10-08
PRO_031;nom_fc27;fc27_futwiz;https://www.futwiz.com/fc27/player/endre-botka/8815;2026-10-08
PRO_031;note_generale_fc27;fc27_futwiz;https://www.futwiz.com/fc27/player/endre-botka/8815;2026-10-08
PRO_031;poste_fc27;fc27_futwiz;https://www.futwiz.com/fc27/player/endre-botka/8815;2026-10-08
PRO_031;groupe_poste_fc27;derive_fc27;https://www.futwiz.com/fc27/player/endre-botka/8815;2026-10-08
PRO_031;fc27_url;metadonnee;;2026-10-08
PRO_031;fc27_id_fiche;metadonnee;;2026-10-08
PRO_031;fc27_version_carte;metadonnee;;2026-10-08
PRO_031;playstyles_fc27_observes;fc27_futwiz;https://www.futwiz.com/fc27/player/endre-botka/8815;2026-10-08
PRO_031;gardien_vitesse;non_applicable;;2026-10-08
PRO_031;statut_import_fc27;metadonnee;;2026-10-08
PRO_031;provenance_biometrie;metadonnee;;2026-10-08
PRO_031;provenance_pied_fort;metadonnee;;2026-10-08
PRO_031;provenance_attributs;metadonnee;;2026-10-08
PRO_031;provenance_notes_groupes;metadonnee;;2026-10-08
PRO_031;provenance_scenario;metadonnee;;2026-10-08
PRO_032;joueur_id;metadonnee;;2026-10-08
PRO_032;nom;fc27_futwiz;https://www.futwiz.com/fc27/player/callum-odowda/8814;2026-10-08
PRO_032;type_joueur;metadonnee;;2026-10-08
PRO_032;club;non_disponible;;2026-10-08
PRO_032;groupe_poste;derive_fc27;https://www.futwiz.com/fc27/player/callum-odowda/8814;2026-10-08
PRO_032;gardien;fc27_futwiz;https://www.futwiz.com/fc27/player/callum-odowda/8814;2026-10-08
PRO_032;date_reference;metadonnee;;2026-10-08
PRO_032;date_naissance_simulee;simule;;2026-10-08
PRO_032;age;simule;;2026-10-08
PRO_032;taille_cm;simule;;2026-10-08
PRO_032;poids_kg;simule;;2026-10-08
PRO_032;pied_fort;fc27_futwiz;https://www.futwiz.com/fc27/player/callum-odowda/8814;2026-10-08
PRO_032;personnalite_tags;simule;;2026-10-08
PRO_032;specialite_tags;simule;;2026-10-08
PRO_032;langues_parlees;simule;;2026-10-08
PRO_032;relation_equipe_score;simule;;2026-10-08
PRO_032;satisfaction_score;simule;;2026-10-08
PRO_032;satisfaction_motif;simule;;2026-10-08
PRO_032;fatigue_score;simule;;2026-10-08
PRO_032;sante_score;simule;;2026-10-08
PRO_032;statut_sante;simule;;2026-10-08
PRO_032;indicateur_sante;simule;;2026-10-08
PRO_032;disponibilite;simule;;2026-10-08
PRO_032;retour_prevu;non_disponible;;2026-10-08
PRO_032;nb_blessures_12_mois;simule;;2026-10-08
PRO_032;affinites_positives_ids;simule;;2026-10-08
PRO_032;affinites_negatives_ids;simule;;2026-10-08
PRO_032;provenance_identite;metadonnee;;2026-10-08
PRO_032;provenance_groupe_poste;metadonnee;;2026-10-08
PRO_032;provenance_autres_champs;metadonnee;;2026-10-08
PRO_032;source_url;metadonnee;;2026-10-08
PRO_032;source_consultee_le;metadonnee;;2026-10-08
PRO_032;relation_equipe_general;simule;;2026-10-08
PRO_032;acceleration;fc27_futwiz;https://www.futwiz.com/fc27/player/callum-odowda/8814;2026-10-08
PRO_032;vitesse_de_pointe;fc27_futwiz;https://www.futwiz.com/fc27/player/callum-odowda/8814;2026-10-08
PRO_032;note_vitesse;fc27_futwiz;https://www.futwiz.com/fc27/player/callum-odowda/8814;2026-10-08
PRO_032;placement_offensif;fc27_futwiz;https://www.futwiz.com/fc27/player/callum-odowda/8814;2026-10-08
PRO_032;finition;fc27_futwiz;https://www.futwiz.com/fc27/player/callum-odowda/8814;2026-10-08
PRO_032;puissance_de_tir;fc27_futwiz;https://www.futwiz.com/fc27/player/callum-odowda/8814;2026-10-08
PRO_032;tir_de_loin;fc27_futwiz;https://www.futwiz.com/fc27/player/callum-odowda/8814;2026-10-08
PRO_032;volee;fc27_futwiz;https://www.futwiz.com/fc27/player/callum-odowda/8814;2026-10-08
PRO_032;penalty;fc27_futwiz;https://www.futwiz.com/fc27/player/callum-odowda/8814;2026-10-08
PRO_032;note_frappe;fc27_futwiz;https://www.futwiz.com/fc27/player/callum-odowda/8814;2026-10-08
PRO_032;vista;fc27_futwiz;https://www.futwiz.com/fc27/player/callum-odowda/8814;2026-10-08
PRO_032;centre;fc27_futwiz;https://www.futwiz.com/fc27/player/callum-odowda/8814;2026-10-08
PRO_032;precision_coup_franc;fc27_futwiz;https://www.futwiz.com/fc27/player/callum-odowda/8814;2026-10-08
PRO_032;passe_courte;fc27_futwiz;https://www.futwiz.com/fc27/player/callum-odowda/8814;2026-10-08
PRO_032;passe_longue;fc27_futwiz;https://www.futwiz.com/fc27/player/callum-odowda/8814;2026-10-08
PRO_032;effet;fc27_futwiz;https://www.futwiz.com/fc27/player/callum-odowda/8814;2026-10-08
PRO_032;note_passe;fc27_futwiz;https://www.futwiz.com/fc27/player/callum-odowda/8814;2026-10-08
PRO_032;agilite;fc27_futwiz;https://www.futwiz.com/fc27/player/callum-odowda/8814;2026-10-08
PRO_032;equilibre;fc27_futwiz;https://www.futwiz.com/fc27/player/callum-odowda/8814;2026-10-08
PRO_032;reactivite;fc27_futwiz;https://www.futwiz.com/fc27/player/callum-odowda/8814;2026-10-08
PRO_032;conduite_de_balle;fc27_futwiz;https://www.futwiz.com/fc27/player/callum-odowda/8814;2026-10-08
PRO_032;dribble;fc27_futwiz;https://www.futwiz.com/fc27/player/callum-odowda/8814;2026-10-08
PRO_032;calme;fc27_futwiz;https://www.futwiz.com/fc27/player/callum-odowda/8814;2026-10-08
PRO_032;note_dribble;fc27_futwiz;https://www.futwiz.com/fc27/player/callum-odowda/8814;2026-10-08
PRO_032;interception;fc27_futwiz;https://www.futwiz.com/fc27/player/callum-odowda/8814;2026-10-08
PRO_032;precision_de_la_tete;fc27_futwiz;https://www.futwiz.com/fc27/player/callum-odowda/8814;2026-10-08
PRO_032;lucidite_defensive;fc27_futwiz;https://www.futwiz.com/fc27/player/callum-odowda/8814;2026-10-08
PRO_032;tacle_debout;fc27_futwiz;https://www.futwiz.com/fc27/player/callum-odowda/8814;2026-10-08
PRO_032;tacle_glisse;fc27_futwiz;https://www.futwiz.com/fc27/player/callum-odowda/8814;2026-10-08
PRO_032;note_defense;fc27_futwiz;https://www.futwiz.com/fc27/player/callum-odowda/8814;2026-10-08
PRO_032;detente;fc27_futwiz;https://www.futwiz.com/fc27/player/callum-odowda/8814;2026-10-08
PRO_032;endurance;fc27_futwiz;https://www.futwiz.com/fc27/player/callum-odowda/8814;2026-10-08
PRO_032;force;fc27_futwiz;https://www.futwiz.com/fc27/player/callum-odowda/8814;2026-10-08
PRO_032;agressivite;fc27_futwiz;https://www.futwiz.com/fc27/player/callum-odowda/8814;2026-10-08
PRO_032;note_physique;fc27_futwiz;https://www.futwiz.com/fc27/player/callum-odowda/8814;2026-10-08
PRO_032;gardien_plongeon;non_applicable;;2026-10-08
PRO_032;gardien_prise_de_balle;non_applicable;;2026-10-08
PRO_032;gardien_jeu_au_pied;non_applicable;;2026-10-08
PRO_032;gardien_reflexes;non_applicable;;2026-10-08
PRO_032;gardien_sorties;non_applicable;;2026-10-08
PRO_032;gardien_placement;non_applicable;;2026-10-08
PRO_032;nom_fc27;fc27_futwiz;https://www.futwiz.com/fc27/player/callum-odowda/8814;2026-10-08
PRO_032;note_generale_fc27;fc27_futwiz;https://www.futwiz.com/fc27/player/callum-odowda/8814;2026-10-08
PRO_032;poste_fc27;fc27_futwiz;https://www.futwiz.com/fc27/player/callum-odowda/8814;2026-10-08
PRO_032;groupe_poste_fc27;derive_fc27;https://www.futwiz.com/fc27/player/callum-odowda/8814;2026-10-08
PRO_032;fc27_url;metadonnee;;2026-10-08
PRO_032;fc27_id_fiche;metadonnee;;2026-10-08
PRO_032;fc27_version_carte;metadonnee;;2026-10-08
PRO_032;playstyles_fc27_observes;fc27_futwiz;https://www.futwiz.com/fc27/player/callum-odowda/8814;2026-10-08
PRO_032;gardien_vitesse;non_applicable;;2026-10-08
PRO_032;statut_import_fc27;metadonnee;;2026-10-08
PRO_032;provenance_biometrie;metadonnee;;2026-10-08
PRO_032;provenance_pied_fort;metadonnee;;2026-10-08
PRO_032;provenance_attributs;metadonnee;;2026-10-08
PRO_032;provenance_notes_groupes;metadonnee;;2026-10-08
PRO_032;provenance_scenario;metadonnee;;2026-10-08
PRO_033;joueur_id;metadonnee;;2026-10-08
PRO_033;nom;fc27_futwiz;https://www.futwiz.com/fc27/player/bence-otvos/8812;2026-10-08
PRO_033;type_joueur;metadonnee;;2026-10-08
PRO_033;club;non_disponible;;2026-10-08
PRO_033;groupe_poste;derive_fc27;https://www.futwiz.com/fc27/player/bence-otvos/8812;2026-10-08
PRO_033;gardien;fc27_futwiz;https://www.futwiz.com/fc27/player/bence-otvos/8812;2026-10-08
PRO_033;date_reference;metadonnee;;2026-10-08
PRO_033;date_naissance_simulee;simule;;2026-10-08
PRO_033;age;simule;;2026-10-08
PRO_033;taille_cm;simule;;2026-10-08
PRO_033;poids_kg;simule;;2026-10-08
PRO_033;pied_fort;fc27_futwiz;https://www.futwiz.com/fc27/player/bence-otvos/8812;2026-10-08
PRO_033;personnalite_tags;simule;;2026-10-08
PRO_033;specialite_tags;simule;;2026-10-08
PRO_033;langues_parlees;simule;;2026-10-08
PRO_033;relation_equipe_score;simule;;2026-10-08
PRO_033;satisfaction_score;simule;;2026-10-08
PRO_033;satisfaction_motif;simule;;2026-10-08
PRO_033;fatigue_score;simule;;2026-10-08
PRO_033;sante_score;simule;;2026-10-08
PRO_033;statut_sante;simule;;2026-10-08
PRO_033;indicateur_sante;simule;;2026-10-08
PRO_033;disponibilite;simule;;2026-10-08
PRO_033;retour_prevu;non_disponible;;2026-10-08
PRO_033;nb_blessures_12_mois;simule;;2026-10-08
PRO_033;affinites_positives_ids;simule;;2026-10-08
PRO_033;affinites_negatives_ids;simule;;2026-10-08
PRO_033;provenance_identite;metadonnee;;2026-10-08
PRO_033;provenance_groupe_poste;metadonnee;;2026-10-08
PRO_033;provenance_autres_champs;metadonnee;;2026-10-08
PRO_033;source_url;metadonnee;;2026-10-08
PRO_033;source_consultee_le;metadonnee;;2026-10-08
PRO_033;relation_equipe_general;simule;;2026-10-08
PRO_033;acceleration;fc27_futwiz;https://www.futwiz.com/fc27/player/bence-otvos/8812;2026-10-08
PRO_033;vitesse_de_pointe;fc27_futwiz;https://www.futwiz.com/fc27/player/bence-otvos/8812;2026-10-08
PRO_033;note_vitesse;fc27_futwiz;https://www.futwiz.com/fc27/player/bence-otvos/8812;2026-10-08
PRO_033;placement_offensif;fc27_futwiz;https://www.futwiz.com/fc27/player/bence-otvos/8812;2026-10-08
PRO_033;finition;fc27_futwiz;https://www.futwiz.com/fc27/player/bence-otvos/8812;2026-10-08
PRO_033;puissance_de_tir;fc27_futwiz;https://www.futwiz.com/fc27/player/bence-otvos/8812;2026-10-08
PRO_033;tir_de_loin;fc27_futwiz;https://www.futwiz.com/fc27/player/bence-otvos/8812;2026-10-08
PRO_033;volee;fc27_futwiz;https://www.futwiz.com/fc27/player/bence-otvos/8812;2026-10-08
PRO_033;penalty;fc27_futwiz;https://www.futwiz.com/fc27/player/bence-otvos/8812;2026-10-08
PRO_033;note_frappe;fc27_futwiz;https://www.futwiz.com/fc27/player/bence-otvos/8812;2026-10-08
PRO_033;vista;fc27_futwiz;https://www.futwiz.com/fc27/player/bence-otvos/8812;2026-10-08
PRO_033;centre;fc27_futwiz;https://www.futwiz.com/fc27/player/bence-otvos/8812;2026-10-08
PRO_033;precision_coup_franc;fc27_futwiz;https://www.futwiz.com/fc27/player/bence-otvos/8812;2026-10-08
PRO_033;passe_courte;fc27_futwiz;https://www.futwiz.com/fc27/player/bence-otvos/8812;2026-10-08
PRO_033;passe_longue;fc27_futwiz;https://www.futwiz.com/fc27/player/bence-otvos/8812;2026-10-08
PRO_033;effet;fc27_futwiz;https://www.futwiz.com/fc27/player/bence-otvos/8812;2026-10-08
PRO_033;note_passe;fc27_futwiz;https://www.futwiz.com/fc27/player/bence-otvos/8812;2026-10-08
PRO_033;agilite;fc27_futwiz;https://www.futwiz.com/fc27/player/bence-otvos/8812;2026-10-08
PRO_033;equilibre;fc27_futwiz;https://www.futwiz.com/fc27/player/bence-otvos/8812;2026-10-08
PRO_033;reactivite;fc27_futwiz;https://www.futwiz.com/fc27/player/bence-otvos/8812;2026-10-08
PRO_033;conduite_de_balle;fc27_futwiz;https://www.futwiz.com/fc27/player/bence-otvos/8812;2026-10-08
PRO_033;dribble;fc27_futwiz;https://www.futwiz.com/fc27/player/bence-otvos/8812;2026-10-08
PRO_033;calme;fc27_futwiz;https://www.futwiz.com/fc27/player/bence-otvos/8812;2026-10-08
PRO_033;note_dribble;fc27_futwiz;https://www.futwiz.com/fc27/player/bence-otvos/8812;2026-10-08
PRO_033;interception;fc27_futwiz;https://www.futwiz.com/fc27/player/bence-otvos/8812;2026-10-08
PRO_033;precision_de_la_tete;fc27_futwiz;https://www.futwiz.com/fc27/player/bence-otvos/8812;2026-10-08
PRO_033;lucidite_defensive;fc27_futwiz;https://www.futwiz.com/fc27/player/bence-otvos/8812;2026-10-08
PRO_033;tacle_debout;fc27_futwiz;https://www.futwiz.com/fc27/player/bence-otvos/8812;2026-10-08
PRO_033;tacle_glisse;fc27_futwiz;https://www.futwiz.com/fc27/player/bence-otvos/8812;2026-10-08
PRO_033;note_defense;fc27_futwiz;https://www.futwiz.com/fc27/player/bence-otvos/8812;2026-10-08
PRO_033;detente;fc27_futwiz;https://www.futwiz.com/fc27/player/bence-otvos/8812;2026-10-08
PRO_033;endurance;fc27_futwiz;https://www.futwiz.com/fc27/player/bence-otvos/8812;2026-10-08
PRO_033;force;fc27_futwiz;https://www.futwiz.com/fc27/player/bence-otvos/8812;2026-10-08
PRO_033;agressivite;fc27_futwiz;https://www.futwiz.com/fc27/player/bence-otvos/8812;2026-10-08
PRO_033;note_physique;fc27_futwiz;https://www.futwiz.com/fc27/player/bence-otvos/8812;2026-10-08
PRO_033;gardien_plongeon;non_applicable;;2026-10-08
PRO_033;gardien_prise_de_balle;non_applicable;;2026-10-08
PRO_033;gardien_jeu_au_pied;non_applicable;;2026-10-08
PRO_033;gardien_reflexes;non_applicable;;2026-10-08
PRO_033;gardien_sorties;non_applicable;;2026-10-08
PRO_033;gardien_placement;non_applicable;;2026-10-08
PRO_033;nom_fc27;fc27_futwiz;https://www.futwiz.com/fc27/player/bence-otvos/8812;2026-10-08
PRO_033;note_generale_fc27;fc27_futwiz;https://www.futwiz.com/fc27/player/bence-otvos/8812;2026-10-08
PRO_033;poste_fc27;fc27_futwiz;https://www.futwiz.com/fc27/player/bence-otvos/8812;2026-10-08
PRO_033;groupe_poste_fc27;derive_fc27;https://www.futwiz.com/fc27/player/bence-otvos/8812;2026-10-08
PRO_033;fc27_url;metadonnee;;2026-10-08
PRO_033;fc27_id_fiche;metadonnee;;2026-10-08
PRO_033;fc27_version_carte;metadonnee;;2026-10-08
PRO_033;playstyles_fc27_observes;fc27_futwiz;https://www.futwiz.com/fc27/player/bence-otvos/8812;2026-10-08
PRO_033;gardien_vitesse;non_applicable;;2026-10-08
PRO_033;statut_import_fc27;metadonnee;;2026-10-08
PRO_033;provenance_biometrie;metadonnee;;2026-10-08
PRO_033;provenance_pied_fort;metadonnee;;2026-10-08
PRO_033;provenance_attributs;metadonnee;;2026-10-08
PRO_033;provenance_notes_groupes;metadonnee;;2026-10-08
PRO_033;provenance_scenario;metadonnee;;2026-10-08
PRO_034;joueur_id;metadonnee;;2026-10-08
PRO_034;nom;fc27_futwiz;https://www.futwiz.com/fc27/player/dimitris-limnios/8811;2026-10-08
PRO_034;type_joueur;metadonnee;;2026-10-08
PRO_034;club;non_disponible;;2026-10-08
PRO_034;groupe_poste;derive_fc27;https://www.futwiz.com/fc27/player/dimitris-limnios/8811;2026-10-08
PRO_034;gardien;fc27_futwiz;https://www.futwiz.com/fc27/player/dimitris-limnios/8811;2026-10-08
PRO_034;date_reference;metadonnee;;2026-10-08
PRO_034;date_naissance_simulee;simule;;2026-10-08
PRO_034;age;simule;;2026-10-08
PRO_034;taille_cm;simule;;2026-10-08
PRO_034;poids_kg;simule;;2026-10-08
PRO_034;pied_fort;fc27_futwiz;https://www.futwiz.com/fc27/player/dimitris-limnios/8811;2026-10-08
PRO_034;personnalite_tags;simule;;2026-10-08
PRO_034;specialite_tags;simule;;2026-10-08
PRO_034;langues_parlees;simule;;2026-10-08
PRO_034;relation_equipe_score;simule;;2026-10-08
PRO_034;satisfaction_score;simule;;2026-10-08
PRO_034;satisfaction_motif;simule;;2026-10-08
PRO_034;fatigue_score;simule;;2026-10-08
PRO_034;sante_score;simule;;2026-10-08
PRO_034;statut_sante;simule;;2026-10-08
PRO_034;indicateur_sante;simule;;2026-10-08
PRO_034;disponibilite;simule;;2026-10-08
PRO_034;retour_prevu;non_disponible;;2026-10-08
PRO_034;nb_blessures_12_mois;simule;;2026-10-08
PRO_034;affinites_positives_ids;simule;;2026-10-08
PRO_034;affinites_negatives_ids;simule;;2026-10-08
PRO_034;provenance_identite;metadonnee;;2026-10-08
PRO_034;provenance_groupe_poste;metadonnee;;2026-10-08
PRO_034;provenance_autres_champs;metadonnee;;2026-10-08
PRO_034;source_url;metadonnee;;2026-10-08
PRO_034;source_consultee_le;metadonnee;;2026-10-08
PRO_034;relation_equipe_general;simule;;2026-10-08
PRO_034;acceleration;fc27_futwiz;https://www.futwiz.com/fc27/player/dimitris-limnios/8811;2026-10-08
PRO_034;vitesse_de_pointe;fc27_futwiz;https://www.futwiz.com/fc27/player/dimitris-limnios/8811;2026-10-08
PRO_034;note_vitesse;fc27_futwiz;https://www.futwiz.com/fc27/player/dimitris-limnios/8811;2026-10-08
PRO_034;placement_offensif;fc27_futwiz;https://www.futwiz.com/fc27/player/dimitris-limnios/8811;2026-10-08
PRO_034;finition;fc27_futwiz;https://www.futwiz.com/fc27/player/dimitris-limnios/8811;2026-10-08
PRO_034;puissance_de_tir;fc27_futwiz;https://www.futwiz.com/fc27/player/dimitris-limnios/8811;2026-10-08
PRO_034;tir_de_loin;fc27_futwiz;https://www.futwiz.com/fc27/player/dimitris-limnios/8811;2026-10-08
PRO_034;volee;fc27_futwiz;https://www.futwiz.com/fc27/player/dimitris-limnios/8811;2026-10-08
PRO_034;penalty;fc27_futwiz;https://www.futwiz.com/fc27/player/dimitris-limnios/8811;2026-10-08
PRO_034;note_frappe;fc27_futwiz;https://www.futwiz.com/fc27/player/dimitris-limnios/8811;2026-10-08
PRO_034;vista;fc27_futwiz;https://www.futwiz.com/fc27/player/dimitris-limnios/8811;2026-10-08
PRO_034;centre;fc27_futwiz;https://www.futwiz.com/fc27/player/dimitris-limnios/8811;2026-10-08
PRO_034;precision_coup_franc;fc27_futwiz;https://www.futwiz.com/fc27/player/dimitris-limnios/8811;2026-10-08
PRO_034;passe_courte;fc27_futwiz;https://www.futwiz.com/fc27/player/dimitris-limnios/8811;2026-10-08
PRO_034;passe_longue;fc27_futwiz;https://www.futwiz.com/fc27/player/dimitris-limnios/8811;2026-10-08
PRO_034;effet;fc27_futwiz;https://www.futwiz.com/fc27/player/dimitris-limnios/8811;2026-10-08
PRO_034;note_passe;fc27_futwiz;https://www.futwiz.com/fc27/player/dimitris-limnios/8811;2026-10-08
PRO_034;agilite;fc27_futwiz;https://www.futwiz.com/fc27/player/dimitris-limnios/8811;2026-10-08
PRO_034;equilibre;fc27_futwiz;https://www.futwiz.com/fc27/player/dimitris-limnios/8811;2026-10-08
PRO_034;reactivite;fc27_futwiz;https://www.futwiz.com/fc27/player/dimitris-limnios/8811;2026-10-08
PRO_034;conduite_de_balle;fc27_futwiz;https://www.futwiz.com/fc27/player/dimitris-limnios/8811;2026-10-08
PRO_034;dribble;fc27_futwiz;https://www.futwiz.com/fc27/player/dimitris-limnios/8811;2026-10-08
PRO_034;calme;fc27_futwiz;https://www.futwiz.com/fc27/player/dimitris-limnios/8811;2026-10-08
PRO_034;note_dribble;fc27_futwiz;https://www.futwiz.com/fc27/player/dimitris-limnios/8811;2026-10-08
PRO_034;interception;fc27_futwiz;https://www.futwiz.com/fc27/player/dimitris-limnios/8811;2026-10-08
PRO_034;precision_de_la_tete;fc27_futwiz;https://www.futwiz.com/fc27/player/dimitris-limnios/8811;2026-10-08
PRO_034;lucidite_defensive;fc27_futwiz;https://www.futwiz.com/fc27/player/dimitris-limnios/8811;2026-10-08
PRO_034;tacle_debout;fc27_futwiz;https://www.futwiz.com/fc27/player/dimitris-limnios/8811;2026-10-08
PRO_034;tacle_glisse;fc27_futwiz;https://www.futwiz.com/fc27/player/dimitris-limnios/8811;2026-10-08
PRO_034;note_defense;fc27_futwiz;https://www.futwiz.com/fc27/player/dimitris-limnios/8811;2026-10-08
PRO_034;detente;fc27_futwiz;https://www.futwiz.com/fc27/player/dimitris-limnios/8811;2026-10-08
PRO_034;endurance;fc27_futwiz;https://www.futwiz.com/fc27/player/dimitris-limnios/8811;2026-10-08
PRO_034;force;fc27_futwiz;https://www.futwiz.com/fc27/player/dimitris-limnios/8811;2026-10-08
PRO_034;agressivite;fc27_futwiz;https://www.futwiz.com/fc27/player/dimitris-limnios/8811;2026-10-08
PRO_034;note_physique;fc27_futwiz;https://www.futwiz.com/fc27/player/dimitris-limnios/8811;2026-10-08
PRO_034;gardien_plongeon;non_applicable;;2026-10-08
PRO_034;gardien_prise_de_balle;non_applicable;;2026-10-08
PRO_034;gardien_jeu_au_pied;non_applicable;;2026-10-08
PRO_034;gardien_reflexes;non_applicable;;2026-10-08
PRO_034;gardien_sorties;non_applicable;;2026-10-08
PRO_034;gardien_placement;non_applicable;;2026-10-08
PRO_034;nom_fc27;fc27_futwiz;https://www.futwiz.com/fc27/player/dimitris-limnios/8811;2026-10-08
PRO_034;note_generale_fc27;fc27_futwiz;https://www.futwiz.com/fc27/player/dimitris-limnios/8811;2026-10-08
PRO_034;poste_fc27;fc27_futwiz;https://www.futwiz.com/fc27/player/dimitris-limnios/8811;2026-10-08
PRO_034;groupe_poste_fc27;derive_fc27;https://www.futwiz.com/fc27/player/dimitris-limnios/8811;2026-10-08
PRO_034;fc27_url;metadonnee;;2026-10-08
PRO_034;fc27_id_fiche;metadonnee;;2026-10-08
PRO_034;fc27_version_carte;metadonnee;;2026-10-08
PRO_034;playstyles_fc27_observes;fc27_futwiz;https://www.futwiz.com/fc27/player/dimitris-limnios/8811;2026-10-08
PRO_034;gardien_vitesse;non_applicable;;2026-10-08
PRO_034;statut_import_fc27;metadonnee;;2026-10-08
PRO_034;provenance_biometrie;metadonnee;;2026-10-08
PRO_034;provenance_pied_fort;metadonnee;;2026-10-08
PRO_034;provenance_attributs;metadonnee;;2026-10-08
PRO_034;provenance_notes_groupes;metadonnee;;2026-10-08
PRO_034;provenance_scenario;metadonnee;;2026-10-08
PRO_035;joueur_id;metadonnee;;2026-10-08
PRO_035;nom;fc27_futwiz;https://www.futwiz.com/fc27/player/milos-degenek/8809;2026-10-08
PRO_035;type_joueur;metadonnee;;2026-10-08
PRO_035;club;non_disponible;;2026-10-08
PRO_035;groupe_poste;derive_fc27;https://www.futwiz.com/fc27/player/milos-degenek/8809;2026-10-08
PRO_035;gardien;fc27_futwiz;https://www.futwiz.com/fc27/player/milos-degenek/8809;2026-10-08
PRO_035;date_reference;metadonnee;;2026-10-08
PRO_035;date_naissance_simulee;simule;;2026-10-08
PRO_035;age;simule;;2026-10-08
PRO_035;taille_cm;simule;;2026-10-08
PRO_035;poids_kg;simule;;2026-10-08
PRO_035;pied_fort;fc27_futwiz;https://www.futwiz.com/fc27/player/milos-degenek/8809;2026-10-08
PRO_035;personnalite_tags;simule;;2026-10-08
PRO_035;specialite_tags;simule;;2026-10-08
PRO_035;langues_parlees;simule;;2026-10-08
PRO_035;relation_equipe_score;simule;;2026-10-08
PRO_035;satisfaction_score;simule;;2026-10-08
PRO_035;satisfaction_motif;simule;;2026-10-08
PRO_035;fatigue_score;simule;;2026-10-08
PRO_035;sante_score;simule;;2026-10-08
PRO_035;statut_sante;simule;;2026-10-08
PRO_035;indicateur_sante;simule;;2026-10-08
PRO_035;disponibilite;simule;;2026-10-08
PRO_035;retour_prevu;simule;;2026-10-08
PRO_035;nb_blessures_12_mois;simule;;2026-10-08
PRO_035;affinites_positives_ids;simule;;2026-10-08
PRO_035;affinites_negatives_ids;simule;;2026-10-08
PRO_035;provenance_identite;metadonnee;;2026-10-08
PRO_035;provenance_groupe_poste;metadonnee;;2026-10-08
PRO_035;provenance_autres_champs;metadonnee;;2026-10-08
PRO_035;source_url;metadonnee;;2026-10-08
PRO_035;source_consultee_le;metadonnee;;2026-10-08
PRO_035;relation_equipe_general;simule;;2026-10-08
PRO_035;acceleration;fc27_futwiz;https://www.futwiz.com/fc27/player/milos-degenek/8809;2026-10-08
PRO_035;vitesse_de_pointe;fc27_futwiz;https://www.futwiz.com/fc27/player/milos-degenek/8809;2026-10-08
PRO_035;note_vitesse;fc27_futwiz;https://www.futwiz.com/fc27/player/milos-degenek/8809;2026-10-08
PRO_035;placement_offensif;fc27_futwiz;https://www.futwiz.com/fc27/player/milos-degenek/8809;2026-10-08
PRO_035;finition;fc27_futwiz;https://www.futwiz.com/fc27/player/milos-degenek/8809;2026-10-08
PRO_035;puissance_de_tir;fc27_futwiz;https://www.futwiz.com/fc27/player/milos-degenek/8809;2026-10-08
PRO_035;tir_de_loin;fc27_futwiz;https://www.futwiz.com/fc27/player/milos-degenek/8809;2026-10-08
PRO_035;volee;fc27_futwiz;https://www.futwiz.com/fc27/player/milos-degenek/8809;2026-10-08
PRO_035;penalty;fc27_futwiz;https://www.futwiz.com/fc27/player/milos-degenek/8809;2026-10-08
PRO_035;note_frappe;fc27_futwiz;https://www.futwiz.com/fc27/player/milos-degenek/8809;2026-10-08
PRO_035;vista;fc27_futwiz;https://www.futwiz.com/fc27/player/milos-degenek/8809;2026-10-08
PRO_035;centre;fc27_futwiz;https://www.futwiz.com/fc27/player/milos-degenek/8809;2026-10-08
PRO_035;precision_coup_franc;fc27_futwiz;https://www.futwiz.com/fc27/player/milos-degenek/8809;2026-10-08
PRO_035;passe_courte;fc27_futwiz;https://www.futwiz.com/fc27/player/milos-degenek/8809;2026-10-08
PRO_035;passe_longue;fc27_futwiz;https://www.futwiz.com/fc27/player/milos-degenek/8809;2026-10-08
PRO_035;effet;fc27_futwiz;https://www.futwiz.com/fc27/player/milos-degenek/8809;2026-10-08
PRO_035;note_passe;fc27_futwiz;https://www.futwiz.com/fc27/player/milos-degenek/8809;2026-10-08
PRO_035;agilite;fc27_futwiz;https://www.futwiz.com/fc27/player/milos-degenek/8809;2026-10-08
PRO_035;equilibre;fc27_futwiz;https://www.futwiz.com/fc27/player/milos-degenek/8809;2026-10-08
PRO_035;reactivite;fc27_futwiz;https://www.futwiz.com/fc27/player/milos-degenek/8809;2026-10-08
PRO_035;conduite_de_balle;fc27_futwiz;https://www.futwiz.com/fc27/player/milos-degenek/8809;2026-10-08
PRO_035;dribble;fc27_futwiz;https://www.futwiz.com/fc27/player/milos-degenek/8809;2026-10-08
PRO_035;calme;fc27_futwiz;https://www.futwiz.com/fc27/player/milos-degenek/8809;2026-10-08
PRO_035;note_dribble;fc27_futwiz;https://www.futwiz.com/fc27/player/milos-degenek/8809;2026-10-08
PRO_035;interception;fc27_futwiz;https://www.futwiz.com/fc27/player/milos-degenek/8809;2026-10-08
PRO_035;precision_de_la_tete;fc27_futwiz;https://www.futwiz.com/fc27/player/milos-degenek/8809;2026-10-08
PRO_035;lucidite_defensive;fc27_futwiz;https://www.futwiz.com/fc27/player/milos-degenek/8809;2026-10-08
PRO_035;tacle_debout;fc27_futwiz;https://www.futwiz.com/fc27/player/milos-degenek/8809;2026-10-08
PRO_035;tacle_glisse;fc27_futwiz;https://www.futwiz.com/fc27/player/milos-degenek/8809;2026-10-08
PRO_035;note_defense;fc27_futwiz;https://www.futwiz.com/fc27/player/milos-degenek/8809;2026-10-08
PRO_035;detente;fc27_futwiz;https://www.futwiz.com/fc27/player/milos-degenek/8809;2026-10-08
PRO_035;endurance;fc27_futwiz;https://www.futwiz.com/fc27/player/milos-degenek/8809;2026-10-08
PRO_035;force;fc27_futwiz;https://www.futwiz.com/fc27/player/milos-degenek/8809;2026-10-08
PRO_035;agressivite;fc27_futwiz;https://www.futwiz.com/fc27/player/milos-degenek/8809;2026-10-08
PRO_035;note_physique;fc27_futwiz;https://www.futwiz.com/fc27/player/milos-degenek/8809;2026-10-08
PRO_035;gardien_plongeon;non_applicable;;2026-10-08
PRO_035;gardien_prise_de_balle;non_applicable;;2026-10-08
PRO_035;gardien_jeu_au_pied;non_applicable;;2026-10-08
PRO_035;gardien_reflexes;non_applicable;;2026-10-08
PRO_035;gardien_sorties;non_applicable;;2026-10-08
PRO_035;gardien_placement;non_applicable;;2026-10-08
PRO_035;nom_fc27;fc27_futwiz;https://www.futwiz.com/fc27/player/milos-degenek/8809;2026-10-08
PRO_035;note_generale_fc27;fc27_futwiz;https://www.futwiz.com/fc27/player/milos-degenek/8809;2026-10-08
PRO_035;poste_fc27;fc27_futwiz;https://www.futwiz.com/fc27/player/milos-degenek/8809;2026-10-08
PRO_035;groupe_poste_fc27;derive_fc27;https://www.futwiz.com/fc27/player/milos-degenek/8809;2026-10-08
PRO_035;fc27_url;metadonnee;;2026-10-08
PRO_035;fc27_id_fiche;metadonnee;;2026-10-08
PRO_035;fc27_version_carte;metadonnee;;2026-10-08
PRO_035;playstyles_fc27_observes;fc27_futwiz;https://www.futwiz.com/fc27/player/milos-degenek/8809;2026-10-08
PRO_035;gardien_vitesse;non_applicable;;2026-10-08
PRO_035;statut_import_fc27;metadonnee;;2026-10-08
PRO_035;provenance_biometrie;metadonnee;;2026-10-08
PRO_035;provenance_pied_fort;metadonnee;;2026-10-08
PRO_035;provenance_attributs;metadonnee;;2026-10-08
PRO_035;provenance_notes_groupes;metadonnee;;2026-10-08
PRO_035;provenance_scenario;metadonnee;;2026-10-08
PRO_036;joueur_id;metadonnee;;2026-10-08
PRO_036;nom;fc27_futwiz;https://www.futwiz.com/fc27/player/pieros-sotiriou/8808;2026-10-08
PRO_036;type_joueur;metadonnee;;2026-10-08
PRO_036;club;non_disponible;;2026-10-08
PRO_036;groupe_poste;derive_fc27;https://www.futwiz.com/fc27/player/pieros-sotiriou/8808;2026-10-08
PRO_036;gardien;fc27_futwiz;https://www.futwiz.com/fc27/player/pieros-sotiriou/8808;2026-10-08
PRO_036;date_reference;metadonnee;;2026-10-08
PRO_036;date_naissance_simulee;simule;;2026-10-08
PRO_036;age;simule;;2026-10-08
PRO_036;taille_cm;simule;;2026-10-08
PRO_036;poids_kg;simule;;2026-10-08
PRO_036;pied_fort;fc27_futwiz;https://www.futwiz.com/fc27/player/pieros-sotiriou/8808;2026-10-08
PRO_036;personnalite_tags;simule;;2026-10-08
PRO_036;specialite_tags;simule;;2026-10-08
PRO_036;langues_parlees;simule;;2026-10-08
PRO_036;relation_equipe_score;simule;;2026-10-08
PRO_036;satisfaction_score;simule;;2026-10-08
PRO_036;satisfaction_motif;simule;;2026-10-08
PRO_036;fatigue_score;simule;;2026-10-08
PRO_036;sante_score;simule;;2026-10-08
PRO_036;statut_sante;simule;;2026-10-08
PRO_036;indicateur_sante;simule;;2026-10-08
PRO_036;disponibilite;simule;;2026-10-08
PRO_036;retour_prevu;non_disponible;;2026-10-08
PRO_036;nb_blessures_12_mois;simule;;2026-10-08
PRO_036;affinites_positives_ids;simule;;2026-10-08
PRO_036;affinites_negatives_ids;simule;;2026-10-08
PRO_036;provenance_identite;metadonnee;;2026-10-08
PRO_036;provenance_groupe_poste;metadonnee;;2026-10-08
PRO_036;provenance_autres_champs;metadonnee;;2026-10-08
PRO_036;source_url;metadonnee;;2026-10-08
PRO_036;source_consultee_le;metadonnee;;2026-10-08
PRO_036;relation_equipe_general;simule;;2026-10-08
PRO_036;acceleration;fc27_futwiz;https://www.futwiz.com/fc27/player/pieros-sotiriou/8808;2026-10-08
PRO_036;vitesse_de_pointe;fc27_futwiz;https://www.futwiz.com/fc27/player/pieros-sotiriou/8808;2026-10-08
PRO_036;note_vitesse;fc27_futwiz;https://www.futwiz.com/fc27/player/pieros-sotiriou/8808;2026-10-08
PRO_036;placement_offensif;fc27_futwiz;https://www.futwiz.com/fc27/player/pieros-sotiriou/8808;2026-10-08
PRO_036;finition;fc27_futwiz;https://www.futwiz.com/fc27/player/pieros-sotiriou/8808;2026-10-08
PRO_036;puissance_de_tir;fc27_futwiz;https://www.futwiz.com/fc27/player/pieros-sotiriou/8808;2026-10-08
PRO_036;tir_de_loin;fc27_futwiz;https://www.futwiz.com/fc27/player/pieros-sotiriou/8808;2026-10-08
PRO_036;volee;fc27_futwiz;https://www.futwiz.com/fc27/player/pieros-sotiriou/8808;2026-10-08
PRO_036;penalty;fc27_futwiz;https://www.futwiz.com/fc27/player/pieros-sotiriou/8808;2026-10-08
PRO_036;note_frappe;fc27_futwiz;https://www.futwiz.com/fc27/player/pieros-sotiriou/8808;2026-10-08
PRO_036;vista;fc27_futwiz;https://www.futwiz.com/fc27/player/pieros-sotiriou/8808;2026-10-08
PRO_036;centre;fc27_futwiz;https://www.futwiz.com/fc27/player/pieros-sotiriou/8808;2026-10-08
PRO_036;precision_coup_franc;fc27_futwiz;https://www.futwiz.com/fc27/player/pieros-sotiriou/8808;2026-10-08
PRO_036;passe_courte;fc27_futwiz;https://www.futwiz.com/fc27/player/pieros-sotiriou/8808;2026-10-08
PRO_036;passe_longue;fc27_futwiz;https://www.futwiz.com/fc27/player/pieros-sotiriou/8808;2026-10-08
PRO_036;effet;fc27_futwiz;https://www.futwiz.com/fc27/player/pieros-sotiriou/8808;2026-10-08
PRO_036;note_passe;fc27_futwiz;https://www.futwiz.com/fc27/player/pieros-sotiriou/8808;2026-10-08
PRO_036;agilite;fc27_futwiz;https://www.futwiz.com/fc27/player/pieros-sotiriou/8808;2026-10-08
PRO_036;equilibre;fc27_futwiz;https://www.futwiz.com/fc27/player/pieros-sotiriou/8808;2026-10-08
PRO_036;reactivite;fc27_futwiz;https://www.futwiz.com/fc27/player/pieros-sotiriou/8808;2026-10-08
PRO_036;conduite_de_balle;fc27_futwiz;https://www.futwiz.com/fc27/player/pieros-sotiriou/8808;2026-10-08
PRO_036;dribble;fc27_futwiz;https://www.futwiz.com/fc27/player/pieros-sotiriou/8808;2026-10-08
PRO_036;calme;fc27_futwiz;https://www.futwiz.com/fc27/player/pieros-sotiriou/8808;2026-10-08
PRO_036;note_dribble;fc27_futwiz;https://www.futwiz.com/fc27/player/pieros-sotiriou/8808;2026-10-08
PRO_036;interception;fc27_futwiz;https://www.futwiz.com/fc27/player/pieros-sotiriou/8808;2026-10-08
PRO_036;precision_de_la_tete;fc27_futwiz;https://www.futwiz.com/fc27/player/pieros-sotiriou/8808;2026-10-08
PRO_036;lucidite_defensive;fc27_futwiz;https://www.futwiz.com/fc27/player/pieros-sotiriou/8808;2026-10-08
PRO_036;tacle_debout;fc27_futwiz;https://www.futwiz.com/fc27/player/pieros-sotiriou/8808;2026-10-08
PRO_036;tacle_glisse;fc27_futwiz;https://www.futwiz.com/fc27/player/pieros-sotiriou/8808;2026-10-08
PRO_036;note_defense;fc27_futwiz;https://www.futwiz.com/fc27/player/pieros-sotiriou/8808;2026-10-08
PRO_036;detente;fc27_futwiz;https://www.futwiz.com/fc27/player/pieros-sotiriou/8808;2026-10-08
PRO_036;endurance;fc27_futwiz;https://www.futwiz.com/fc27/player/pieros-sotiriou/8808;2026-10-08
PRO_036;force;fc27_futwiz;https://www.futwiz.com/fc27/player/pieros-sotiriou/8808;2026-10-08
PRO_036;agressivite;fc27_futwiz;https://www.futwiz.com/fc27/player/pieros-sotiriou/8808;2026-10-08
PRO_036;note_physique;fc27_futwiz;https://www.futwiz.com/fc27/player/pieros-sotiriou/8808;2026-10-08
PRO_036;gardien_plongeon;non_applicable;;2026-10-08
PRO_036;gardien_prise_de_balle;non_applicable;;2026-10-08
PRO_036;gardien_jeu_au_pied;non_applicable;;2026-10-08
PRO_036;gardien_reflexes;non_applicable;;2026-10-08
PRO_036;gardien_sorties;non_applicable;;2026-10-08
PRO_036;gardien_placement;non_applicable;;2026-10-08
PRO_036;nom_fc27;fc27_futwiz;https://www.futwiz.com/fc27/player/pieros-sotiriou/8808;2026-10-08
PRO_036;note_generale_fc27;fc27_futwiz;https://www.futwiz.com/fc27/player/pieros-sotiriou/8808;2026-10-08
PRO_036;poste_fc27;fc27_futwiz;https://www.futwiz.com/fc27/player/pieros-sotiriou/8808;2026-10-08
PRO_036;groupe_poste_fc27;derive_fc27;https://www.futwiz.com/fc27/player/pieros-sotiriou/8808;2026-10-08
PRO_036;fc27_url;metadonnee;;2026-10-08
PRO_036;fc27_id_fiche;metadonnee;;2026-10-08
PRO_036;fc27_version_carte;metadonnee;;2026-10-08
PRO_036;playstyles_fc27_observes;fc27_futwiz;https://www.futwiz.com/fc27/player/pieros-sotiriou/8808;2026-10-08
PRO_036;gardien_vitesse;non_applicable;;2026-10-08
PRO_036;statut_import_fc27;metadonnee;;2026-10-08
PRO_036;provenance_biometrie;metadonnee;;2026-10-08
PRO_036;provenance_pied_fort;metadonnee;;2026-10-08
PRO_036;provenance_attributs;metadonnee;;2026-10-08
PRO_036;provenance_notes_groupes;metadonnee;;2026-10-08
PRO_036;provenance_scenario;metadonnee;;2026-10-08
PRO_037;joueur_id;metadonnee;;2026-10-08
PRO_037;nom;fc27_futwiz;https://www.futwiz.com/fc27/player/nikolas-panagiotou/8807;2026-10-08
PRO_037;type_joueur;metadonnee;;2026-10-08
PRO_037;club;non_disponible;;2026-10-08
PRO_037;groupe_poste;derive_fc27;https://www.futwiz.com/fc27/player/nikolas-panagiotou/8807;2026-10-08
PRO_037;gardien;fc27_futwiz;https://www.futwiz.com/fc27/player/nikolas-panagiotou/8807;2026-10-08
PRO_037;date_reference;metadonnee;;2026-10-08
PRO_037;date_naissance_simulee;simule;;2026-10-08
PRO_037;age;simule;;2026-10-08
PRO_037;taille_cm;simule;;2026-10-08
PRO_037;poids_kg;simule;;2026-10-08
PRO_037;pied_fort;fc27_futwiz;https://www.futwiz.com/fc27/player/nikolas-panagiotou/8807;2026-10-08
PRO_037;personnalite_tags;simule;;2026-10-08
PRO_037;specialite_tags;simule;;2026-10-08
PRO_037;langues_parlees;simule;;2026-10-08
PRO_037;relation_equipe_score;simule;;2026-10-08
PRO_037;satisfaction_score;simule;;2026-10-08
PRO_037;satisfaction_motif;simule;;2026-10-08
PRO_037;fatigue_score;simule;;2026-10-08
PRO_037;sante_score;simule;;2026-10-08
PRO_037;statut_sante;simule;;2026-10-08
PRO_037;indicateur_sante;simule;;2026-10-08
PRO_037;disponibilite;simule;;2026-10-08
PRO_037;retour_prevu;simule;;2026-10-08
PRO_037;nb_blessures_12_mois;simule;;2026-10-08
PRO_037;affinites_positives_ids;simule;;2026-10-08
PRO_037;affinites_negatives_ids;simule;;2026-10-08
PRO_037;provenance_identite;metadonnee;;2026-10-08
PRO_037;provenance_groupe_poste;metadonnee;;2026-10-08
PRO_037;provenance_autres_champs;metadonnee;;2026-10-08
PRO_037;source_url;metadonnee;;2026-10-08
PRO_037;source_consultee_le;metadonnee;;2026-10-08
PRO_037;relation_equipe_general;simule;;2026-10-08
PRO_037;acceleration;fc27_futwiz;https://www.futwiz.com/fc27/player/nikolas-panagiotou/8807;2026-10-08
PRO_037;vitesse_de_pointe;fc27_futwiz;https://www.futwiz.com/fc27/player/nikolas-panagiotou/8807;2026-10-08
PRO_037;note_vitesse;fc27_futwiz;https://www.futwiz.com/fc27/player/nikolas-panagiotou/8807;2026-10-08
PRO_037;placement_offensif;fc27_futwiz;https://www.futwiz.com/fc27/player/nikolas-panagiotou/8807;2026-10-08
PRO_037;finition;fc27_futwiz;https://www.futwiz.com/fc27/player/nikolas-panagiotou/8807;2026-10-08
PRO_037;puissance_de_tir;fc27_futwiz;https://www.futwiz.com/fc27/player/nikolas-panagiotou/8807;2026-10-08
PRO_037;tir_de_loin;fc27_futwiz;https://www.futwiz.com/fc27/player/nikolas-panagiotou/8807;2026-10-08
PRO_037;volee;fc27_futwiz;https://www.futwiz.com/fc27/player/nikolas-panagiotou/8807;2026-10-08
PRO_037;penalty;fc27_futwiz;https://www.futwiz.com/fc27/player/nikolas-panagiotou/8807;2026-10-08
PRO_037;note_frappe;fc27_futwiz;https://www.futwiz.com/fc27/player/nikolas-panagiotou/8807;2026-10-08
PRO_037;vista;fc27_futwiz;https://www.futwiz.com/fc27/player/nikolas-panagiotou/8807;2026-10-08
PRO_037;centre;fc27_futwiz;https://www.futwiz.com/fc27/player/nikolas-panagiotou/8807;2026-10-08
PRO_037;precision_coup_franc;fc27_futwiz;https://www.futwiz.com/fc27/player/nikolas-panagiotou/8807;2026-10-08
PRO_037;passe_courte;fc27_futwiz;https://www.futwiz.com/fc27/player/nikolas-panagiotou/8807;2026-10-08
PRO_037;passe_longue;fc27_futwiz;https://www.futwiz.com/fc27/player/nikolas-panagiotou/8807;2026-10-08
PRO_037;effet;fc27_futwiz;https://www.futwiz.com/fc27/player/nikolas-panagiotou/8807;2026-10-08
PRO_037;note_passe;fc27_futwiz;https://www.futwiz.com/fc27/player/nikolas-panagiotou/8807;2026-10-08
PRO_037;agilite;fc27_futwiz;https://www.futwiz.com/fc27/player/nikolas-panagiotou/8807;2026-10-08
PRO_037;equilibre;fc27_futwiz;https://www.futwiz.com/fc27/player/nikolas-panagiotou/8807;2026-10-08
PRO_037;reactivite;fc27_futwiz;https://www.futwiz.com/fc27/player/nikolas-panagiotou/8807;2026-10-08
PRO_037;conduite_de_balle;fc27_futwiz;https://www.futwiz.com/fc27/player/nikolas-panagiotou/8807;2026-10-08
PRO_037;dribble;fc27_futwiz;https://www.futwiz.com/fc27/player/nikolas-panagiotou/8807;2026-10-08
PRO_037;calme;fc27_futwiz;https://www.futwiz.com/fc27/player/nikolas-panagiotou/8807;2026-10-08
PRO_037;note_dribble;fc27_futwiz;https://www.futwiz.com/fc27/player/nikolas-panagiotou/8807;2026-10-08
PRO_037;interception;fc27_futwiz;https://www.futwiz.com/fc27/player/nikolas-panagiotou/8807;2026-10-08
PRO_037;precision_de_la_tete;fc27_futwiz;https://www.futwiz.com/fc27/player/nikolas-panagiotou/8807;2026-10-08
PRO_037;lucidite_defensive;fc27_futwiz;https://www.futwiz.com/fc27/player/nikolas-panagiotou/8807;2026-10-08
PRO_037;tacle_debout;fc27_futwiz;https://www.futwiz.com/fc27/player/nikolas-panagiotou/8807;2026-10-08
PRO_037;tacle_glisse;fc27_futwiz;https://www.futwiz.com/fc27/player/nikolas-panagiotou/8807;2026-10-08
PRO_037;note_defense;fc27_futwiz;https://www.futwiz.com/fc27/player/nikolas-panagiotou/8807;2026-10-08
PRO_037;detente;fc27_futwiz;https://www.futwiz.com/fc27/player/nikolas-panagiotou/8807;2026-10-08
PRO_037;endurance;fc27_futwiz;https://www.futwiz.com/fc27/player/nikolas-panagiotou/8807;2026-10-08
PRO_037;force;fc27_futwiz;https://www.futwiz.com/fc27/player/nikolas-panagiotou/8807;2026-10-08
PRO_037;agressivite;fc27_futwiz;https://www.futwiz.com/fc27/player/nikolas-panagiotou/8807;2026-10-08
PRO_037;note_physique;fc27_futwiz;https://www.futwiz.com/fc27/player/nikolas-panagiotou/8807;2026-10-08
PRO_037;gardien_plongeon;non_applicable;;2026-10-08
PRO_037;gardien_prise_de_balle;non_applicable;;2026-10-08
PRO_037;gardien_jeu_au_pied;non_applicable;;2026-10-08
PRO_037;gardien_reflexes;non_applicable;;2026-10-08
PRO_037;gardien_sorties;non_applicable;;2026-10-08
PRO_037;gardien_placement;non_applicable;;2026-10-08
PRO_037;nom_fc27;fc27_futwiz;https://www.futwiz.com/fc27/player/nikolas-panagiotou/8807;2026-10-08
PRO_037;note_generale_fc27;fc27_futwiz;https://www.futwiz.com/fc27/player/nikolas-panagiotou/8807;2026-10-08
PRO_037;poste_fc27;fc27_futwiz;https://www.futwiz.com/fc27/player/nikolas-panagiotou/8807;2026-10-08
PRO_037;groupe_poste_fc27;derive_fc27;https://www.futwiz.com/fc27/player/nikolas-panagiotou/8807;2026-10-08
PRO_037;fc27_url;metadonnee;;2026-10-08
PRO_037;fc27_id_fiche;metadonnee;;2026-10-08
PRO_037;fc27_version_carte;metadonnee;;2026-10-08
PRO_037;playstyles_fc27_observes;fc27_futwiz;https://www.futwiz.com/fc27/player/nikolas-panagiotou/8807;2026-10-08
PRO_037;gardien_vitesse;non_applicable;;2026-10-08
PRO_037;statut_import_fc27;metadonnee;;2026-10-08
PRO_037;provenance_biometrie;metadonnee;;2026-10-08
PRO_037;provenance_pied_fort;metadonnee;;2026-10-08
PRO_037;provenance_attributs;metadonnee;;2026-10-08
PRO_037;provenance_notes_groupes;metadonnee;;2026-10-08
PRO_037;provenance_scenario;metadonnee;;2026-10-08
PRO_038;joueur_id;metadonnee;;2026-10-08
PRO_038;nom;fc27_futwiz;https://www.futwiz.com/fc27/player/ioannis-kousoulos/8806;2026-10-08
PRO_038;type_joueur;metadonnee;;2026-10-08
PRO_038;club;non_disponible;;2026-10-08
PRO_038;groupe_poste;derive_fc27;https://www.futwiz.com/fc27/player/ioannis-kousoulos/8806;2026-10-08
PRO_038;gardien;fc27_futwiz;https://www.futwiz.com/fc27/player/ioannis-kousoulos/8806;2026-10-08
PRO_038;date_reference;metadonnee;;2026-10-08
PRO_038;date_naissance_simulee;simule;;2026-10-08
PRO_038;age;simule;;2026-10-08
PRO_038;taille_cm;simule;;2026-10-08
PRO_038;poids_kg;simule;;2026-10-08
PRO_038;pied_fort;fc27_futwiz;https://www.futwiz.com/fc27/player/ioannis-kousoulos/8806;2026-10-08
PRO_038;personnalite_tags;simule;;2026-10-08
PRO_038;specialite_tags;simule;;2026-10-08
PRO_038;langues_parlees;simule;;2026-10-08
PRO_038;relation_equipe_score;simule;;2026-10-08
PRO_038;satisfaction_score;simule;;2026-10-08
PRO_038;satisfaction_motif;simule;;2026-10-08
PRO_038;fatigue_score;simule;;2026-10-08
PRO_038;sante_score;simule;;2026-10-08
PRO_038;statut_sante;simule;;2026-10-08
PRO_038;indicateur_sante;simule;;2026-10-08
PRO_038;disponibilite;simule;;2026-10-08
PRO_038;retour_prevu;non_disponible;;2026-10-08
PRO_038;nb_blessures_12_mois;simule;;2026-10-08
PRO_038;affinites_positives_ids;simule;;2026-10-08
PRO_038;affinites_negatives_ids;simule;;2026-10-08
PRO_038;provenance_identite;metadonnee;;2026-10-08
PRO_038;provenance_groupe_poste;metadonnee;;2026-10-08
PRO_038;provenance_autres_champs;metadonnee;;2026-10-08
PRO_038;source_url;metadonnee;;2026-10-08
PRO_038;source_consultee_le;metadonnee;;2026-10-08
PRO_038;relation_equipe_general;simule;;2026-10-08
PRO_038;acceleration;fc27_futwiz;https://www.futwiz.com/fc27/player/ioannis-kousoulos/8806;2026-10-08
PRO_038;vitesse_de_pointe;fc27_futwiz;https://www.futwiz.com/fc27/player/ioannis-kousoulos/8806;2026-10-08
PRO_038;note_vitesse;fc27_futwiz;https://www.futwiz.com/fc27/player/ioannis-kousoulos/8806;2026-10-08
PRO_038;placement_offensif;fc27_futwiz;https://www.futwiz.com/fc27/player/ioannis-kousoulos/8806;2026-10-08
PRO_038;finition;fc27_futwiz;https://www.futwiz.com/fc27/player/ioannis-kousoulos/8806;2026-10-08
PRO_038;puissance_de_tir;fc27_futwiz;https://www.futwiz.com/fc27/player/ioannis-kousoulos/8806;2026-10-08
PRO_038;tir_de_loin;fc27_futwiz;https://www.futwiz.com/fc27/player/ioannis-kousoulos/8806;2026-10-08
PRO_038;volee;fc27_futwiz;https://www.futwiz.com/fc27/player/ioannis-kousoulos/8806;2026-10-08
PRO_038;penalty;fc27_futwiz;https://www.futwiz.com/fc27/player/ioannis-kousoulos/8806;2026-10-08
PRO_038;note_frappe;fc27_futwiz;https://www.futwiz.com/fc27/player/ioannis-kousoulos/8806;2026-10-08
PRO_038;vista;fc27_futwiz;https://www.futwiz.com/fc27/player/ioannis-kousoulos/8806;2026-10-08
PRO_038;centre;fc27_futwiz;https://www.futwiz.com/fc27/player/ioannis-kousoulos/8806;2026-10-08
PRO_038;precision_coup_franc;fc27_futwiz;https://www.futwiz.com/fc27/player/ioannis-kousoulos/8806;2026-10-08
PRO_038;passe_courte;fc27_futwiz;https://www.futwiz.com/fc27/player/ioannis-kousoulos/8806;2026-10-08
PRO_038;passe_longue;fc27_futwiz;https://www.futwiz.com/fc27/player/ioannis-kousoulos/8806;2026-10-08
PRO_038;effet;fc27_futwiz;https://www.futwiz.com/fc27/player/ioannis-kousoulos/8806;2026-10-08
PRO_038;note_passe;fc27_futwiz;https://www.futwiz.com/fc27/player/ioannis-kousoulos/8806;2026-10-08
PRO_038;agilite;fc27_futwiz;https://www.futwiz.com/fc27/player/ioannis-kousoulos/8806;2026-10-08
PRO_038;equilibre;fc27_futwiz;https://www.futwiz.com/fc27/player/ioannis-kousoulos/8806;2026-10-08
PRO_038;reactivite;fc27_futwiz;https://www.futwiz.com/fc27/player/ioannis-kousoulos/8806;2026-10-08
PRO_038;conduite_de_balle;fc27_futwiz;https://www.futwiz.com/fc27/player/ioannis-kousoulos/8806;2026-10-08
PRO_038;dribble;fc27_futwiz;https://www.futwiz.com/fc27/player/ioannis-kousoulos/8806;2026-10-08
PRO_038;calme;fc27_futwiz;https://www.futwiz.com/fc27/player/ioannis-kousoulos/8806;2026-10-08
PRO_038;note_dribble;fc27_futwiz;https://www.futwiz.com/fc27/player/ioannis-kousoulos/8806;2026-10-08
PRO_038;interception;fc27_futwiz;https://www.futwiz.com/fc27/player/ioannis-kousoulos/8806;2026-10-08
PRO_038;precision_de_la_tete;fc27_futwiz;https://www.futwiz.com/fc27/player/ioannis-kousoulos/8806;2026-10-08
PRO_038;lucidite_defensive;fc27_futwiz;https://www.futwiz.com/fc27/player/ioannis-kousoulos/8806;2026-10-08
PRO_038;tacle_debout;fc27_futwiz;https://www.futwiz.com/fc27/player/ioannis-kousoulos/8806;2026-10-08
PRO_038;tacle_glisse;fc27_futwiz;https://www.futwiz.com/fc27/player/ioannis-kousoulos/8806;2026-10-08
PRO_038;note_defense;fc27_futwiz;https://www.futwiz.com/fc27/player/ioannis-kousoulos/8806;2026-10-08
PRO_038;detente;fc27_futwiz;https://www.futwiz.com/fc27/player/ioannis-kousoulos/8806;2026-10-08
PRO_038;endurance;fc27_futwiz;https://www.futwiz.com/fc27/player/ioannis-kousoulos/8806;2026-10-08
PRO_038;force;fc27_futwiz;https://www.futwiz.com/fc27/player/ioannis-kousoulos/8806;2026-10-08
PRO_038;agressivite;fc27_futwiz;https://www.futwiz.com/fc27/player/ioannis-kousoulos/8806;2026-10-08
PRO_038;note_physique;fc27_futwiz;https://www.futwiz.com/fc27/player/ioannis-kousoulos/8806;2026-10-08
PRO_038;gardien_plongeon;non_applicable;;2026-10-08
PRO_038;gardien_prise_de_balle;non_applicable;;2026-10-08
PRO_038;gardien_jeu_au_pied;non_applicable;;2026-10-08
PRO_038;gardien_reflexes;non_applicable;;2026-10-08
PRO_038;gardien_sorties;non_applicable;;2026-10-08
PRO_038;gardien_placement;non_applicable;;2026-10-08
PRO_038;nom_fc27;fc27_futwiz;https://www.futwiz.com/fc27/player/ioannis-kousoulos/8806;2026-10-08
PRO_038;note_generale_fc27;fc27_futwiz;https://www.futwiz.com/fc27/player/ioannis-kousoulos/8806;2026-10-08
PRO_038;poste_fc27;fc27_futwiz;https://www.futwiz.com/fc27/player/ioannis-kousoulos/8806;2026-10-08
PRO_038;groupe_poste_fc27;derive_fc27;https://www.futwiz.com/fc27/player/ioannis-kousoulos/8806;2026-10-08
PRO_038;fc27_url;metadonnee;;2026-10-08
PRO_038;fc27_id_fiche;metadonnee;;2026-10-08
PRO_038;fc27_version_carte;metadonnee;;2026-10-08
PRO_038;playstyles_fc27_observes;fc27_futwiz;https://www.futwiz.com/fc27/player/ioannis-kousoulos/8806;2026-10-08
PRO_038;gardien_vitesse;non_applicable;;2026-10-08
PRO_038;statut_import_fc27;metadonnee;;2026-10-08
PRO_038;provenance_biometrie;metadonnee;;2026-10-08
PRO_038;provenance_pied_fort;metadonnee;;2026-10-08
PRO_038;provenance_attributs;metadonnee;;2026-10-08
PRO_038;provenance_notes_groupes;metadonnee;;2026-10-08
PRO_038;provenance_scenario;metadonnee;;2026-10-08
PRO_039;joueur_id;metadonnee;;2026-10-08
PRO_039;nom;fc27_futwiz;https://www.futwiz.com/fc27/player/mateo-maric/8805;2026-10-08
PRO_039;type_joueur;metadonnee;;2026-10-08
PRO_039;club;non_disponible;;2026-10-08
PRO_039;groupe_poste;derive_fc27;https://www.futwiz.com/fc27/player/mateo-maric/8805;2026-10-08
PRO_039;gardien;fc27_futwiz;https://www.futwiz.com/fc27/player/mateo-maric/8805;2026-10-08
PRO_039;date_reference;metadonnee;;2026-10-08
PRO_039;date_naissance_simulee;simule;;2026-10-08
PRO_039;age;simule;;2026-10-08
PRO_039;taille_cm;simule;;2026-10-08
PRO_039;poids_kg;simule;;2026-10-08
PRO_039;pied_fort;fc27_futwiz;https://www.futwiz.com/fc27/player/mateo-maric/8805;2026-10-08
PRO_039;personnalite_tags;simule;;2026-10-08
PRO_039;specialite_tags;simule;;2026-10-08
PRO_039;langues_parlees;simule;;2026-10-08
PRO_039;relation_equipe_score;simule;;2026-10-08
PRO_039;satisfaction_score;simule;;2026-10-08
PRO_039;satisfaction_motif;simule;;2026-10-08
PRO_039;fatigue_score;simule;;2026-10-08
PRO_039;sante_score;simule;;2026-10-08
PRO_039;statut_sante;simule;;2026-10-08
PRO_039;indicateur_sante;simule;;2026-10-08
PRO_039;disponibilite;simule;;2026-10-08
PRO_039;retour_prevu;simule;;2026-10-08
PRO_039;nb_blessures_12_mois;simule;;2026-10-08
PRO_039;affinites_positives_ids;simule;;2026-10-08
PRO_039;affinites_negatives_ids;simule;;2026-10-08
PRO_039;provenance_identite;metadonnee;;2026-10-08
PRO_039;provenance_groupe_poste;metadonnee;;2026-10-08
PRO_039;provenance_autres_champs;metadonnee;;2026-10-08
PRO_039;source_url;metadonnee;;2026-10-08
PRO_039;source_consultee_le;metadonnee;;2026-10-08
PRO_039;relation_equipe_general;simule;;2026-10-08
PRO_039;acceleration;fc27_futwiz;https://www.futwiz.com/fc27/player/mateo-maric/8805;2026-10-08
PRO_039;vitesse_de_pointe;fc27_futwiz;https://www.futwiz.com/fc27/player/mateo-maric/8805;2026-10-08
PRO_039;note_vitesse;fc27_futwiz;https://www.futwiz.com/fc27/player/mateo-maric/8805;2026-10-08
PRO_039;placement_offensif;fc27_futwiz;https://www.futwiz.com/fc27/player/mateo-maric/8805;2026-10-08
PRO_039;finition;fc27_futwiz;https://www.futwiz.com/fc27/player/mateo-maric/8805;2026-10-08
PRO_039;puissance_de_tir;fc27_futwiz;https://www.futwiz.com/fc27/player/mateo-maric/8805;2026-10-08
PRO_039;tir_de_loin;fc27_futwiz;https://www.futwiz.com/fc27/player/mateo-maric/8805;2026-10-08
PRO_039;volee;fc27_futwiz;https://www.futwiz.com/fc27/player/mateo-maric/8805;2026-10-08
PRO_039;penalty;fc27_futwiz;https://www.futwiz.com/fc27/player/mateo-maric/8805;2026-10-08
PRO_039;note_frappe;fc27_futwiz;https://www.futwiz.com/fc27/player/mateo-maric/8805;2026-10-08
PRO_039;vista;fc27_futwiz;https://www.futwiz.com/fc27/player/mateo-maric/8805;2026-10-08
PRO_039;centre;fc27_futwiz;https://www.futwiz.com/fc27/player/mateo-maric/8805;2026-10-08
PRO_039;precision_coup_franc;fc27_futwiz;https://www.futwiz.com/fc27/player/mateo-maric/8805;2026-10-08
PRO_039;passe_courte;fc27_futwiz;https://www.futwiz.com/fc27/player/mateo-maric/8805;2026-10-08
PRO_039;passe_longue;fc27_futwiz;https://www.futwiz.com/fc27/player/mateo-maric/8805;2026-10-08
PRO_039;effet;fc27_futwiz;https://www.futwiz.com/fc27/player/mateo-maric/8805;2026-10-08
PRO_039;note_passe;fc27_futwiz;https://www.futwiz.com/fc27/player/mateo-maric/8805;2026-10-08
PRO_039;agilite;fc27_futwiz;https://www.futwiz.com/fc27/player/mateo-maric/8805;2026-10-08
PRO_039;equilibre;fc27_futwiz;https://www.futwiz.com/fc27/player/mateo-maric/8805;2026-10-08
PRO_039;reactivite;fc27_futwiz;https://www.futwiz.com/fc27/player/mateo-maric/8805;2026-10-08
PRO_039;conduite_de_balle;fc27_futwiz;https://www.futwiz.com/fc27/player/mateo-maric/8805;2026-10-08
PRO_039;dribble;fc27_futwiz;https://www.futwiz.com/fc27/player/mateo-maric/8805;2026-10-08
PRO_039;calme;fc27_futwiz;https://www.futwiz.com/fc27/player/mateo-maric/8805;2026-10-08
PRO_039;note_dribble;fc27_futwiz;https://www.futwiz.com/fc27/player/mateo-maric/8805;2026-10-08
PRO_039;interception;fc27_futwiz;https://www.futwiz.com/fc27/player/mateo-maric/8805;2026-10-08
PRO_039;precision_de_la_tete;fc27_futwiz;https://www.futwiz.com/fc27/player/mateo-maric/8805;2026-10-08
PRO_039;lucidite_defensive;fc27_futwiz;https://www.futwiz.com/fc27/player/mateo-maric/8805;2026-10-08
PRO_039;tacle_debout;fc27_futwiz;https://www.futwiz.com/fc27/player/mateo-maric/8805;2026-10-08
PRO_039;tacle_glisse;fc27_futwiz;https://www.futwiz.com/fc27/player/mateo-maric/8805;2026-10-08
PRO_039;note_defense;fc27_futwiz;https://www.futwiz.com/fc27/player/mateo-maric/8805;2026-10-08
PRO_039;detente;fc27_futwiz;https://www.futwiz.com/fc27/player/mateo-maric/8805;2026-10-08
PRO_039;endurance;fc27_futwiz;https://www.futwiz.com/fc27/player/mateo-maric/8805;2026-10-08
PRO_039;force;fc27_futwiz;https://www.futwiz.com/fc27/player/mateo-maric/8805;2026-10-08
PRO_039;agressivite;fc27_futwiz;https://www.futwiz.com/fc27/player/mateo-maric/8805;2026-10-08
PRO_039;note_physique;fc27_futwiz;https://www.futwiz.com/fc27/player/mateo-maric/8805;2026-10-08
PRO_039;gardien_plongeon;non_applicable;;2026-10-08
PRO_039;gardien_prise_de_balle;non_applicable;;2026-10-08
PRO_039;gardien_jeu_au_pied;non_applicable;;2026-10-08
PRO_039;gardien_reflexes;non_applicable;;2026-10-08
PRO_039;gardien_sorties;non_applicable;;2026-10-08
PRO_039;gardien_placement;non_applicable;;2026-10-08
PRO_039;nom_fc27;fc27_futwiz;https://www.futwiz.com/fc27/player/mateo-maric/8805;2026-10-08
PRO_039;note_generale_fc27;fc27_futwiz;https://www.futwiz.com/fc27/player/mateo-maric/8805;2026-10-08
PRO_039;poste_fc27;fc27_futwiz;https://www.futwiz.com/fc27/player/mateo-maric/8805;2026-10-08
PRO_039;groupe_poste_fc27;derive_fc27;https://www.futwiz.com/fc27/player/mateo-maric/8805;2026-10-08
PRO_039;fc27_url;metadonnee;;2026-10-08
PRO_039;fc27_id_fiche;metadonnee;;2026-10-08
PRO_039;fc27_version_carte;metadonnee;;2026-10-08
PRO_039;playstyles_fc27_observes;fc27_futwiz;https://www.futwiz.com/fc27/player/mateo-maric/8805;2026-10-08
PRO_039;gardien_vitesse;non_applicable;;2026-10-08
PRO_039;statut_import_fc27;metadonnee;;2026-10-08
PRO_039;provenance_biometrie;metadonnee;;2026-10-08
PRO_039;provenance_pied_fort;metadonnee;;2026-10-08
PRO_039;provenance_attributs;metadonnee;;2026-10-08
PRO_039;provenance_notes_groupes;metadonnee;;2026-10-08
PRO_039;provenance_scenario;metadonnee;;2026-10-08
PRO_040;joueur_id;metadonnee;;2026-10-08
PRO_040;nom;fc27_futwiz;https://www.futwiz.com/fc27/player/samuel-velasquez/8804;2026-10-08
PRO_040;type_joueur;metadonnee;;2026-10-08
PRO_040;club;non_disponible;;2026-10-08
PRO_040;groupe_poste;derive_fc27;https://www.futwiz.com/fc27/player/samuel-velasquez/8804;2026-10-08
PRO_040;gardien;fc27_futwiz;https://www.futwiz.com/fc27/player/samuel-velasquez/8804;2026-10-08
PRO_040;date_reference;metadonnee;;2026-10-08
PRO_040;date_naissance_simulee;simule;;2026-10-08
PRO_040;age;simule;;2026-10-08
PRO_040;taille_cm;simule;;2026-10-08
PRO_040;poids_kg;simule;;2026-10-08
PRO_040;pied_fort;fc27_futwiz;https://www.futwiz.com/fc27/player/samuel-velasquez/8804;2026-10-08
PRO_040;personnalite_tags;simule;;2026-10-08
PRO_040;specialite_tags;simule;;2026-10-08
PRO_040;langues_parlees;simule;;2026-10-08
PRO_040;relation_equipe_score;simule;;2026-10-08
PRO_040;satisfaction_score;simule;;2026-10-08
PRO_040;satisfaction_motif;simule;;2026-10-08
PRO_040;fatigue_score;simule;;2026-10-08
PRO_040;sante_score;simule;;2026-10-08
PRO_040;statut_sante;simule;;2026-10-08
PRO_040;indicateur_sante;simule;;2026-10-08
PRO_040;disponibilite;simule;;2026-10-08
PRO_040;retour_prevu;non_disponible;;2026-10-08
PRO_040;nb_blessures_12_mois;simule;;2026-10-08
PRO_040;affinites_positives_ids;simule;;2026-10-08
PRO_040;affinites_negatives_ids;simule;;2026-10-08
PRO_040;provenance_identite;metadonnee;;2026-10-08
PRO_040;provenance_groupe_poste;metadonnee;;2026-10-08
PRO_040;provenance_autres_champs;metadonnee;;2026-10-08
PRO_040;source_url;metadonnee;;2026-10-08
PRO_040;source_consultee_le;metadonnee;;2026-10-08
PRO_040;relation_equipe_general;simule;;2026-10-08
PRO_040;acceleration;fc27_futwiz;https://www.futwiz.com/fc27/player/samuel-velasquez/8804;2026-10-08
PRO_040;vitesse_de_pointe;fc27_futwiz;https://www.futwiz.com/fc27/player/samuel-velasquez/8804;2026-10-08
PRO_040;note_vitesse;fc27_futwiz;https://www.futwiz.com/fc27/player/samuel-velasquez/8804;2026-10-08
PRO_040;placement_offensif;fc27_futwiz;https://www.futwiz.com/fc27/player/samuel-velasquez/8804;2026-10-08
PRO_040;finition;fc27_futwiz;https://www.futwiz.com/fc27/player/samuel-velasquez/8804;2026-10-08
PRO_040;puissance_de_tir;fc27_futwiz;https://www.futwiz.com/fc27/player/samuel-velasquez/8804;2026-10-08
PRO_040;tir_de_loin;fc27_futwiz;https://www.futwiz.com/fc27/player/samuel-velasquez/8804;2026-10-08
PRO_040;volee;fc27_futwiz;https://www.futwiz.com/fc27/player/samuel-velasquez/8804;2026-10-08
PRO_040;penalty;fc27_futwiz;https://www.futwiz.com/fc27/player/samuel-velasquez/8804;2026-10-08
PRO_040;note_frappe;fc27_futwiz;https://www.futwiz.com/fc27/player/samuel-velasquez/8804;2026-10-08
PRO_040;vista;fc27_futwiz;https://www.futwiz.com/fc27/player/samuel-velasquez/8804;2026-10-08
PRO_040;centre;fc27_futwiz;https://www.futwiz.com/fc27/player/samuel-velasquez/8804;2026-10-08
PRO_040;precision_coup_franc;fc27_futwiz;https://www.futwiz.com/fc27/player/samuel-velasquez/8804;2026-10-08
PRO_040;passe_courte;fc27_futwiz;https://www.futwiz.com/fc27/player/samuel-velasquez/8804;2026-10-08
PRO_040;passe_longue;fc27_futwiz;https://www.futwiz.com/fc27/player/samuel-velasquez/8804;2026-10-08
PRO_040;effet;fc27_futwiz;https://www.futwiz.com/fc27/player/samuel-velasquez/8804;2026-10-08
PRO_040;note_passe;fc27_futwiz;https://www.futwiz.com/fc27/player/samuel-velasquez/8804;2026-10-08
PRO_040;agilite;fc27_futwiz;https://www.futwiz.com/fc27/player/samuel-velasquez/8804;2026-10-08
PRO_040;equilibre;fc27_futwiz;https://www.futwiz.com/fc27/player/samuel-velasquez/8804;2026-10-08
PRO_040;reactivite;fc27_futwiz;https://www.futwiz.com/fc27/player/samuel-velasquez/8804;2026-10-08
PRO_040;conduite_de_balle;fc27_futwiz;https://www.futwiz.com/fc27/player/samuel-velasquez/8804;2026-10-08
PRO_040;dribble;fc27_futwiz;https://www.futwiz.com/fc27/player/samuel-velasquez/8804;2026-10-08
PRO_040;calme;fc27_futwiz;https://www.futwiz.com/fc27/player/samuel-velasquez/8804;2026-10-08
PRO_040;note_dribble;fc27_futwiz;https://www.futwiz.com/fc27/player/samuel-velasquez/8804;2026-10-08
PRO_040;interception;fc27_futwiz;https://www.futwiz.com/fc27/player/samuel-velasquez/8804;2026-10-08
PRO_040;precision_de_la_tete;fc27_futwiz;https://www.futwiz.com/fc27/player/samuel-velasquez/8804;2026-10-08
PRO_040;lucidite_defensive;fc27_futwiz;https://www.futwiz.com/fc27/player/samuel-velasquez/8804;2026-10-08
PRO_040;tacle_debout;fc27_futwiz;https://www.futwiz.com/fc27/player/samuel-velasquez/8804;2026-10-08
PRO_040;tacle_glisse;fc27_futwiz;https://www.futwiz.com/fc27/player/samuel-velasquez/8804;2026-10-08
PRO_040;note_defense;fc27_futwiz;https://www.futwiz.com/fc27/player/samuel-velasquez/8804;2026-10-08
PRO_040;detente;fc27_futwiz;https://www.futwiz.com/fc27/player/samuel-velasquez/8804;2026-10-08
PRO_040;endurance;fc27_futwiz;https://www.futwiz.com/fc27/player/samuel-velasquez/8804;2026-10-08
PRO_040;force;fc27_futwiz;https://www.futwiz.com/fc27/player/samuel-velasquez/8804;2026-10-08
PRO_040;agressivite;fc27_futwiz;https://www.futwiz.com/fc27/player/samuel-velasquez/8804;2026-10-08
PRO_040;note_physique;fc27_futwiz;https://www.futwiz.com/fc27/player/samuel-velasquez/8804;2026-10-08
PRO_040;gardien_plongeon;non_applicable;;2026-10-08
PRO_040;gardien_prise_de_balle;non_applicable;;2026-10-08
PRO_040;gardien_jeu_au_pied;non_applicable;;2026-10-08
PRO_040;gardien_reflexes;non_applicable;;2026-10-08
PRO_040;gardien_sorties;non_applicable;;2026-10-08
PRO_040;gardien_placement;non_applicable;;2026-10-08
PRO_040;nom_fc27;fc27_futwiz;https://www.futwiz.com/fc27/player/samuel-velasquez/8804;2026-10-08
PRO_040;note_generale_fc27;fc27_futwiz;https://www.futwiz.com/fc27/player/samuel-velasquez/8804;2026-10-08
PRO_040;poste_fc27;fc27_futwiz;https://www.futwiz.com/fc27/player/samuel-velasquez/8804;2026-10-08
PRO_040;groupe_poste_fc27;derive_fc27;https://www.futwiz.com/fc27/player/samuel-velasquez/8804;2026-10-08
PRO_040;fc27_url;metadonnee;;2026-10-08
PRO_040;fc27_id_fiche;metadonnee;;2026-10-08
PRO_040;fc27_version_carte;metadonnee;;2026-10-08
PRO_040;playstyles_fc27_observes;fc27_futwiz;https://www.futwiz.com/fc27/player/samuel-velasquez/8804;2026-10-08
PRO_040;gardien_vitesse;non_applicable;;2026-10-08
PRO_040;statut_import_fc27;metadonnee;;2026-10-08
PRO_040;provenance_biometrie;metadonnee;;2026-10-08
PRO_040;provenance_pied_fort;metadonnee;;2026-10-08
PRO_040;provenance_attributs;metadonnee;;2026-10-08
PRO_040;provenance_notes_groupes;metadonnee;;2026-10-08
PRO_040;provenance_scenario;metadonnee;;2026-10-08
PRO_041;joueur_id;metadonnee;;2026-10-08
PRO_041;nom;fc27_futwiz;https://www.futwiz.com/fc27/player/kevin-parra/8803;2026-10-08
PRO_041;type_joueur;metadonnee;;2026-10-08
PRO_041;club;non_disponible;;2026-10-08
PRO_041;groupe_poste;derive_fc27;https://www.futwiz.com/fc27/player/kevin-parra/8803;2026-10-08
PRO_041;gardien;fc27_futwiz;https://www.futwiz.com/fc27/player/kevin-parra/8803;2026-10-08
PRO_041;date_reference;metadonnee;;2026-10-08
PRO_041;date_naissance_simulee;simule;;2026-10-08
PRO_041;age;simule;;2026-10-08
PRO_041;taille_cm;simule;;2026-10-08
PRO_041;poids_kg;simule;;2026-10-08
PRO_041;pied_fort;fc27_futwiz;https://www.futwiz.com/fc27/player/kevin-parra/8803;2026-10-08
PRO_041;personnalite_tags;simule;;2026-10-08
PRO_041;specialite_tags;simule;;2026-10-08
PRO_041;langues_parlees;simule;;2026-10-08
PRO_041;relation_equipe_score;simule;;2026-10-08
PRO_041;satisfaction_score;simule;;2026-10-08
PRO_041;satisfaction_motif;simule;;2026-10-08
PRO_041;fatigue_score;simule;;2026-10-08
PRO_041;sante_score;simule;;2026-10-08
PRO_041;statut_sante;simule;;2026-10-08
PRO_041;indicateur_sante;simule;;2026-10-08
PRO_041;disponibilite;simule;;2026-10-08
PRO_041;retour_prevu;non_disponible;;2026-10-08
PRO_041;nb_blessures_12_mois;simule;;2026-10-08
PRO_041;affinites_positives_ids;simule;;2026-10-08
PRO_041;affinites_negatives_ids;simule;;2026-10-08
PRO_041;provenance_identite;metadonnee;;2026-10-08
PRO_041;provenance_groupe_poste;metadonnee;;2026-10-08
PRO_041;provenance_autres_champs;metadonnee;;2026-10-08
PRO_041;source_url;metadonnee;;2026-10-08
PRO_041;source_consultee_le;metadonnee;;2026-10-08
PRO_041;relation_equipe_general;simule;;2026-10-08
PRO_041;acceleration;fc27_futwiz;https://www.futwiz.com/fc27/player/kevin-parra/8803;2026-10-08
PRO_041;vitesse_de_pointe;fc27_futwiz;https://www.futwiz.com/fc27/player/kevin-parra/8803;2026-10-08
PRO_041;note_vitesse;fc27_futwiz;https://www.futwiz.com/fc27/player/kevin-parra/8803;2026-10-08
PRO_041;placement_offensif;fc27_futwiz;https://www.futwiz.com/fc27/player/kevin-parra/8803;2026-10-08
PRO_041;finition;fc27_futwiz;https://www.futwiz.com/fc27/player/kevin-parra/8803;2026-10-08
PRO_041;puissance_de_tir;fc27_futwiz;https://www.futwiz.com/fc27/player/kevin-parra/8803;2026-10-08
PRO_041;tir_de_loin;fc27_futwiz;https://www.futwiz.com/fc27/player/kevin-parra/8803;2026-10-08
PRO_041;volee;fc27_futwiz;https://www.futwiz.com/fc27/player/kevin-parra/8803;2026-10-08
PRO_041;penalty;fc27_futwiz;https://www.futwiz.com/fc27/player/kevin-parra/8803;2026-10-08
PRO_041;note_frappe;fc27_futwiz;https://www.futwiz.com/fc27/player/kevin-parra/8803;2026-10-08
PRO_041;vista;fc27_futwiz;https://www.futwiz.com/fc27/player/kevin-parra/8803;2026-10-08
PRO_041;centre;fc27_futwiz;https://www.futwiz.com/fc27/player/kevin-parra/8803;2026-10-08
PRO_041;precision_coup_franc;fc27_futwiz;https://www.futwiz.com/fc27/player/kevin-parra/8803;2026-10-08
PRO_041;passe_courte;fc27_futwiz;https://www.futwiz.com/fc27/player/kevin-parra/8803;2026-10-08
PRO_041;passe_longue;fc27_futwiz;https://www.futwiz.com/fc27/player/kevin-parra/8803;2026-10-08
PRO_041;effet;fc27_futwiz;https://www.futwiz.com/fc27/player/kevin-parra/8803;2026-10-08
PRO_041;note_passe;fc27_futwiz;https://www.futwiz.com/fc27/player/kevin-parra/8803;2026-10-08
PRO_041;agilite;fc27_futwiz;https://www.futwiz.com/fc27/player/kevin-parra/8803;2026-10-08
PRO_041;equilibre;fc27_futwiz;https://www.futwiz.com/fc27/player/kevin-parra/8803;2026-10-08
PRO_041;reactivite;fc27_futwiz;https://www.futwiz.com/fc27/player/kevin-parra/8803;2026-10-08
PRO_041;conduite_de_balle;fc27_futwiz;https://www.futwiz.com/fc27/player/kevin-parra/8803;2026-10-08
PRO_041;dribble;fc27_futwiz;https://www.futwiz.com/fc27/player/kevin-parra/8803;2026-10-08
PRO_041;calme;fc27_futwiz;https://www.futwiz.com/fc27/player/kevin-parra/8803;2026-10-08
PRO_041;note_dribble;fc27_futwiz;https://www.futwiz.com/fc27/player/kevin-parra/8803;2026-10-08
PRO_041;interception;fc27_futwiz;https://www.futwiz.com/fc27/player/kevin-parra/8803;2026-10-08
PRO_041;precision_de_la_tete;fc27_futwiz;https://www.futwiz.com/fc27/player/kevin-parra/8803;2026-10-08
PRO_041;lucidite_defensive;fc27_futwiz;https://www.futwiz.com/fc27/player/kevin-parra/8803;2026-10-08
PRO_041;tacle_debout;fc27_futwiz;https://www.futwiz.com/fc27/player/kevin-parra/8803;2026-10-08
PRO_041;tacle_glisse;fc27_futwiz;https://www.futwiz.com/fc27/player/kevin-parra/8803;2026-10-08
PRO_041;note_defense;fc27_futwiz;https://www.futwiz.com/fc27/player/kevin-parra/8803;2026-10-08
PRO_041;detente;fc27_futwiz;https://www.futwiz.com/fc27/player/kevin-parra/8803;2026-10-08
PRO_041;endurance;fc27_futwiz;https://www.futwiz.com/fc27/player/kevin-parra/8803;2026-10-08
PRO_041;force;fc27_futwiz;https://www.futwiz.com/fc27/player/kevin-parra/8803;2026-10-08
PRO_041;agressivite;fc27_futwiz;https://www.futwiz.com/fc27/player/kevin-parra/8803;2026-10-08
PRO_041;note_physique;fc27_futwiz;https://www.futwiz.com/fc27/player/kevin-parra/8803;2026-10-08
PRO_041;gardien_plongeon;non_applicable;;2026-10-08
PRO_041;gardien_prise_de_balle;non_applicable;;2026-10-08
PRO_041;gardien_jeu_au_pied;non_applicable;;2026-10-08
PRO_041;gardien_reflexes;non_applicable;;2026-10-08
PRO_041;gardien_sorties;non_applicable;;2026-10-08
PRO_041;gardien_placement;non_applicable;;2026-10-08
PRO_041;nom_fc27;fc27_futwiz;https://www.futwiz.com/fc27/player/kevin-parra/8803;2026-10-08
PRO_041;note_generale_fc27;fc27_futwiz;https://www.futwiz.com/fc27/player/kevin-parra/8803;2026-10-08
PRO_041;poste_fc27;fc27_futwiz;https://www.futwiz.com/fc27/player/kevin-parra/8803;2026-10-08
PRO_041;groupe_poste_fc27;derive_fc27;https://www.futwiz.com/fc27/player/kevin-parra/8803;2026-10-08
PRO_041;fc27_url;metadonnee;;2026-10-08
PRO_041;fc27_id_fiche;metadonnee;;2026-10-08
PRO_041;fc27_version_carte;metadonnee;;2026-10-08
PRO_041;playstyles_fc27_observes;fc27_futwiz;https://www.futwiz.com/fc27/player/kevin-parra/8803;2026-10-08
PRO_041;gardien_vitesse;non_applicable;;2026-10-08
PRO_041;statut_import_fc27;metadonnee;;2026-10-08
PRO_041;provenance_biometrie;metadonnee;;2026-10-08
PRO_041;provenance_pied_fort;metadonnee;;2026-10-08
PRO_041;provenance_attributs;metadonnee;;2026-10-08
PRO_041;provenance_notes_groupes;metadonnee;;2026-10-08
PRO_041;provenance_scenario;metadonnee;;2026-10-08
PRO_042;joueur_id;metadonnee;;2026-10-08
PRO_042;nom;fc27_futwiz;https://www.futwiz.com/fc27/player/cesar-haydar/8802;2026-10-08
PRO_042;type_joueur;metadonnee;;2026-10-08
PRO_042;club;non_disponible;;2026-10-08
PRO_042;groupe_poste;derive_fc27;https://www.futwiz.com/fc27/player/cesar-haydar/8802;2026-10-08
PRO_042;gardien;fc27_futwiz;https://www.futwiz.com/fc27/player/cesar-haydar/8802;2026-10-08
PRO_042;date_reference;metadonnee;;2026-10-08
PRO_042;date_naissance_simulee;simule;;2026-10-08
PRO_042;age;simule;;2026-10-08
PRO_042;taille_cm;simule;;2026-10-08
PRO_042;poids_kg;simule;;2026-10-08
PRO_042;pied_fort;fc27_futwiz;https://www.futwiz.com/fc27/player/cesar-haydar/8802;2026-10-08
PRO_042;personnalite_tags;simule;;2026-10-08
PRO_042;specialite_tags;simule;;2026-10-08
PRO_042;langues_parlees;simule;;2026-10-08
PRO_042;relation_equipe_score;simule;;2026-10-08
PRO_042;satisfaction_score;simule;;2026-10-08
PRO_042;satisfaction_motif;simule;;2026-10-08
PRO_042;fatigue_score;simule;;2026-10-08
PRO_042;sante_score;simule;;2026-10-08
PRO_042;statut_sante;simule;;2026-10-08
PRO_042;indicateur_sante;simule;;2026-10-08
PRO_042;disponibilite;simule;;2026-10-08
PRO_042;retour_prevu;non_disponible;;2026-10-08
PRO_042;nb_blessures_12_mois;simule;;2026-10-08
PRO_042;affinites_positives_ids;simule;;2026-10-08
PRO_042;affinites_negatives_ids;simule;;2026-10-08
PRO_042;provenance_identite;metadonnee;;2026-10-08
PRO_042;provenance_groupe_poste;metadonnee;;2026-10-08
PRO_042;provenance_autres_champs;metadonnee;;2026-10-08
PRO_042;source_url;metadonnee;;2026-10-08
PRO_042;source_consultee_le;metadonnee;;2026-10-08
PRO_042;relation_equipe_general;simule;;2026-10-08
PRO_042;acceleration;fc27_futwiz;https://www.futwiz.com/fc27/player/cesar-haydar/8802;2026-10-08
PRO_042;vitesse_de_pointe;fc27_futwiz;https://www.futwiz.com/fc27/player/cesar-haydar/8802;2026-10-08
PRO_042;note_vitesse;fc27_futwiz;https://www.futwiz.com/fc27/player/cesar-haydar/8802;2026-10-08
PRO_042;placement_offensif;fc27_futwiz;https://www.futwiz.com/fc27/player/cesar-haydar/8802;2026-10-08
PRO_042;finition;fc27_futwiz;https://www.futwiz.com/fc27/player/cesar-haydar/8802;2026-10-08
PRO_042;puissance_de_tir;fc27_futwiz;https://www.futwiz.com/fc27/player/cesar-haydar/8802;2026-10-08
PRO_042;tir_de_loin;fc27_futwiz;https://www.futwiz.com/fc27/player/cesar-haydar/8802;2026-10-08
PRO_042;volee;fc27_futwiz;https://www.futwiz.com/fc27/player/cesar-haydar/8802;2026-10-08
PRO_042;penalty;fc27_futwiz;https://www.futwiz.com/fc27/player/cesar-haydar/8802;2026-10-08
PRO_042;note_frappe;fc27_futwiz;https://www.futwiz.com/fc27/player/cesar-haydar/8802;2026-10-08
PRO_042;vista;fc27_futwiz;https://www.futwiz.com/fc27/player/cesar-haydar/8802;2026-10-08
PRO_042;centre;fc27_futwiz;https://www.futwiz.com/fc27/player/cesar-haydar/8802;2026-10-08
PRO_042;precision_coup_franc;fc27_futwiz;https://www.futwiz.com/fc27/player/cesar-haydar/8802;2026-10-08
PRO_042;passe_courte;fc27_futwiz;https://www.futwiz.com/fc27/player/cesar-haydar/8802;2026-10-08
PRO_042;passe_longue;fc27_futwiz;https://www.futwiz.com/fc27/player/cesar-haydar/8802;2026-10-08
PRO_042;effet;fc27_futwiz;https://www.futwiz.com/fc27/player/cesar-haydar/8802;2026-10-08
PRO_042;note_passe;fc27_futwiz;https://www.futwiz.com/fc27/player/cesar-haydar/8802;2026-10-08
PRO_042;agilite;fc27_futwiz;https://www.futwiz.com/fc27/player/cesar-haydar/8802;2026-10-08
PRO_042;equilibre;fc27_futwiz;https://www.futwiz.com/fc27/player/cesar-haydar/8802;2026-10-08
PRO_042;reactivite;fc27_futwiz;https://www.futwiz.com/fc27/player/cesar-haydar/8802;2026-10-08
PRO_042;conduite_de_balle;fc27_futwiz;https://www.futwiz.com/fc27/player/cesar-haydar/8802;2026-10-08
PRO_042;dribble;fc27_futwiz;https://www.futwiz.com/fc27/player/cesar-haydar/8802;2026-10-08
PRO_042;calme;fc27_futwiz;https://www.futwiz.com/fc27/player/cesar-haydar/8802;2026-10-08
PRO_042;note_dribble;fc27_futwiz;https://www.futwiz.com/fc27/player/cesar-haydar/8802;2026-10-08
PRO_042;interception;fc27_futwiz;https://www.futwiz.com/fc27/player/cesar-haydar/8802;2026-10-08
PRO_042;precision_de_la_tete;fc27_futwiz;https://www.futwiz.com/fc27/player/cesar-haydar/8802;2026-10-08
PRO_042;lucidite_defensive;fc27_futwiz;https://www.futwiz.com/fc27/player/cesar-haydar/8802;2026-10-08
PRO_042;tacle_debout;fc27_futwiz;https://www.futwiz.com/fc27/player/cesar-haydar/8802;2026-10-08
PRO_042;tacle_glisse;fc27_futwiz;https://www.futwiz.com/fc27/player/cesar-haydar/8802;2026-10-08
PRO_042;note_defense;fc27_futwiz;https://www.futwiz.com/fc27/player/cesar-haydar/8802;2026-10-08
PRO_042;detente;fc27_futwiz;https://www.futwiz.com/fc27/player/cesar-haydar/8802;2026-10-08
PRO_042;endurance;fc27_futwiz;https://www.futwiz.com/fc27/player/cesar-haydar/8802;2026-10-08
PRO_042;force;fc27_futwiz;https://www.futwiz.com/fc27/player/cesar-haydar/8802;2026-10-08
PRO_042;agressivite;fc27_futwiz;https://www.futwiz.com/fc27/player/cesar-haydar/8802;2026-10-08
PRO_042;note_physique;fc27_futwiz;https://www.futwiz.com/fc27/player/cesar-haydar/8802;2026-10-08
PRO_042;gardien_plongeon;non_applicable;;2026-10-08
PRO_042;gardien_prise_de_balle;non_applicable;;2026-10-08
PRO_042;gardien_jeu_au_pied;non_applicable;;2026-10-08
PRO_042;gardien_reflexes;non_applicable;;2026-10-08
PRO_042;gardien_sorties;non_applicable;;2026-10-08
PRO_042;gardien_placement;non_applicable;;2026-10-08
PRO_042;nom_fc27;fc27_futwiz;https://www.futwiz.com/fc27/player/cesar-haydar/8802;2026-10-08
PRO_042;note_generale_fc27;fc27_futwiz;https://www.futwiz.com/fc27/player/cesar-haydar/8802;2026-10-08
PRO_042;poste_fc27;fc27_futwiz;https://www.futwiz.com/fc27/player/cesar-haydar/8802;2026-10-08
PRO_042;groupe_poste_fc27;derive_fc27;https://www.futwiz.com/fc27/player/cesar-haydar/8802;2026-10-08
PRO_042;fc27_url;metadonnee;;2026-10-08
PRO_042;fc27_id_fiche;metadonnee;;2026-10-08
PRO_042;fc27_version_carte;metadonnee;;2026-10-08
PRO_042;playstyles_fc27_observes;fc27_futwiz;https://www.futwiz.com/fc27/player/cesar-haydar/8802;2026-10-08
PRO_042;gardien_vitesse;non_applicable;;2026-10-08
PRO_042;statut_import_fc27;metadonnee;;2026-10-08
PRO_042;provenance_biometrie;metadonnee;;2026-10-08
PRO_042;provenance_pied_fort;metadonnee;;2026-10-08
PRO_042;provenance_attributs;metadonnee;;2026-10-08
PRO_042;provenance_notes_groupes;metadonnee;;2026-10-08
PRO_042;provenance_scenario;metadonnee;;2026-10-08
PRO_043;joueur_id;metadonnee;;2026-10-08
PRO_043;nom;fc27_futwiz;https://www.futwiz.com/fc27/player/houssine-rahimi/8801;2026-10-08
PRO_043;type_joueur;metadonnee;;2026-10-08
PRO_043;club;non_disponible;;2026-10-08
PRO_043;groupe_poste;derive_fc27;https://www.futwiz.com/fc27/player/houssine-rahimi/8801;2026-10-08
PRO_043;gardien;fc27_futwiz;https://www.futwiz.com/fc27/player/houssine-rahimi/8801;2026-10-08
PRO_043;date_reference;metadonnee;;2026-10-08
PRO_043;date_naissance_simulee;simule;;2026-10-08
PRO_043;age;simule;;2026-10-08
PRO_043;taille_cm;simule;;2026-10-08
PRO_043;poids_kg;simule;;2026-10-08
PRO_043;pied_fort;fc27_futwiz;https://www.futwiz.com/fc27/player/houssine-rahimi/8801;2026-10-08
PRO_043;personnalite_tags;simule;;2026-10-08
PRO_043;specialite_tags;simule;;2026-10-08
PRO_043;langues_parlees;simule;;2026-10-08
PRO_043;relation_equipe_score;simule;;2026-10-08
PRO_043;satisfaction_score;simule;;2026-10-08
PRO_043;satisfaction_motif;simule;;2026-10-08
PRO_043;fatigue_score;simule;;2026-10-08
PRO_043;sante_score;simule;;2026-10-08
PRO_043;statut_sante;simule;;2026-10-08
PRO_043;indicateur_sante;simule;;2026-10-08
PRO_043;disponibilite;simule;;2026-10-08
PRO_043;retour_prevu;non_disponible;;2026-10-08
PRO_043;nb_blessures_12_mois;simule;;2026-10-08
PRO_043;affinites_positives_ids;simule;;2026-10-08
PRO_043;affinites_negatives_ids;simule;;2026-10-08
PRO_043;provenance_identite;metadonnee;;2026-10-08
PRO_043;provenance_groupe_poste;metadonnee;;2026-10-08
PRO_043;provenance_autres_champs;metadonnee;;2026-10-08
PRO_043;source_url;metadonnee;;2026-10-08
PRO_043;source_consultee_le;metadonnee;;2026-10-08
PRO_043;relation_equipe_general;simule;;2026-10-08
PRO_043;acceleration;fc27_futwiz;https://www.futwiz.com/fc27/player/houssine-rahimi/8801;2026-10-08
PRO_043;vitesse_de_pointe;fc27_futwiz;https://www.futwiz.com/fc27/player/houssine-rahimi/8801;2026-10-08
PRO_043;note_vitesse;fc27_futwiz;https://www.futwiz.com/fc27/player/houssine-rahimi/8801;2026-10-08
PRO_043;placement_offensif;fc27_futwiz;https://www.futwiz.com/fc27/player/houssine-rahimi/8801;2026-10-08
PRO_043;finition;fc27_futwiz;https://www.futwiz.com/fc27/player/houssine-rahimi/8801;2026-10-08
PRO_043;puissance_de_tir;fc27_futwiz;https://www.futwiz.com/fc27/player/houssine-rahimi/8801;2026-10-08
PRO_043;tir_de_loin;fc27_futwiz;https://www.futwiz.com/fc27/player/houssine-rahimi/8801;2026-10-08
PRO_043;volee;fc27_futwiz;https://www.futwiz.com/fc27/player/houssine-rahimi/8801;2026-10-08
PRO_043;penalty;fc27_futwiz;https://www.futwiz.com/fc27/player/houssine-rahimi/8801;2026-10-08
PRO_043;note_frappe;fc27_futwiz;https://www.futwiz.com/fc27/player/houssine-rahimi/8801;2026-10-08
PRO_043;vista;fc27_futwiz;https://www.futwiz.com/fc27/player/houssine-rahimi/8801;2026-10-08
PRO_043;centre;fc27_futwiz;https://www.futwiz.com/fc27/player/houssine-rahimi/8801;2026-10-08
PRO_043;precision_coup_franc;fc27_futwiz;https://www.futwiz.com/fc27/player/houssine-rahimi/8801;2026-10-08
PRO_043;passe_courte;fc27_futwiz;https://www.futwiz.com/fc27/player/houssine-rahimi/8801;2026-10-08
PRO_043;passe_longue;fc27_futwiz;https://www.futwiz.com/fc27/player/houssine-rahimi/8801;2026-10-08
PRO_043;effet;fc27_futwiz;https://www.futwiz.com/fc27/player/houssine-rahimi/8801;2026-10-08
PRO_043;note_passe;fc27_futwiz;https://www.futwiz.com/fc27/player/houssine-rahimi/8801;2026-10-08
PRO_043;agilite;fc27_futwiz;https://www.futwiz.com/fc27/player/houssine-rahimi/8801;2026-10-08
PRO_043;equilibre;fc27_futwiz;https://www.futwiz.com/fc27/player/houssine-rahimi/8801;2026-10-08
PRO_043;reactivite;fc27_futwiz;https://www.futwiz.com/fc27/player/houssine-rahimi/8801;2026-10-08
PRO_043;conduite_de_balle;fc27_futwiz;https://www.futwiz.com/fc27/player/houssine-rahimi/8801;2026-10-08
PRO_043;dribble;fc27_futwiz;https://www.futwiz.com/fc27/player/houssine-rahimi/8801;2026-10-08
PRO_043;calme;fc27_futwiz;https://www.futwiz.com/fc27/player/houssine-rahimi/8801;2026-10-08
PRO_043;note_dribble;fc27_futwiz;https://www.futwiz.com/fc27/player/houssine-rahimi/8801;2026-10-08
PRO_043;interception;fc27_futwiz;https://www.futwiz.com/fc27/player/houssine-rahimi/8801;2026-10-08
PRO_043;precision_de_la_tete;fc27_futwiz;https://www.futwiz.com/fc27/player/houssine-rahimi/8801;2026-10-08
PRO_043;lucidite_defensive;fc27_futwiz;https://www.futwiz.com/fc27/player/houssine-rahimi/8801;2026-10-08
PRO_043;tacle_debout;fc27_futwiz;https://www.futwiz.com/fc27/player/houssine-rahimi/8801;2026-10-08
PRO_043;tacle_glisse;fc27_futwiz;https://www.futwiz.com/fc27/player/houssine-rahimi/8801;2026-10-08
PRO_043;note_defense;fc27_futwiz;https://www.futwiz.com/fc27/player/houssine-rahimi/8801;2026-10-08
PRO_043;detente;fc27_futwiz;https://www.futwiz.com/fc27/player/houssine-rahimi/8801;2026-10-08
PRO_043;endurance;fc27_futwiz;https://www.futwiz.com/fc27/player/houssine-rahimi/8801;2026-10-08
PRO_043;force;fc27_futwiz;https://www.futwiz.com/fc27/player/houssine-rahimi/8801;2026-10-08
PRO_043;agressivite;fc27_futwiz;https://www.futwiz.com/fc27/player/houssine-rahimi/8801;2026-10-08
PRO_043;note_physique;fc27_futwiz;https://www.futwiz.com/fc27/player/houssine-rahimi/8801;2026-10-08
PRO_043;gardien_plongeon;non_applicable;;2026-10-08
PRO_043;gardien_prise_de_balle;non_applicable;;2026-10-08
PRO_043;gardien_jeu_au_pied;non_applicable;;2026-10-08
PRO_043;gardien_reflexes;non_applicable;;2026-10-08
PRO_043;gardien_sorties;non_applicable;;2026-10-08
PRO_043;gardien_placement;non_applicable;;2026-10-08
PRO_043;nom_fc27;fc27_futwiz;https://www.futwiz.com/fc27/player/houssine-rahimi/8801;2026-10-08
PRO_043;note_generale_fc27;fc27_futwiz;https://www.futwiz.com/fc27/player/houssine-rahimi/8801;2026-10-08
PRO_043;poste_fc27;fc27_futwiz;https://www.futwiz.com/fc27/player/houssine-rahimi/8801;2026-10-08
PRO_043;groupe_poste_fc27;derive_fc27;https://www.futwiz.com/fc27/player/houssine-rahimi/8801;2026-10-08
PRO_043;fc27_url;metadonnee;;2026-10-08
PRO_043;fc27_id_fiche;metadonnee;;2026-10-08
PRO_043;fc27_version_carte;metadonnee;;2026-10-08
PRO_043;playstyles_fc27_observes;fc27_futwiz;https://www.futwiz.com/fc27/player/houssine-rahimi/8801;2026-10-08
PRO_043;gardien_vitesse;non_applicable;;2026-10-08
PRO_043;statut_import_fc27;metadonnee;;2026-10-08
PRO_043;provenance_biometrie;metadonnee;;2026-10-08
PRO_043;provenance_pied_fort;metadonnee;;2026-10-08
PRO_043;provenance_attributs;metadonnee;;2026-10-08
PRO_043;provenance_notes_groupes;metadonnee;;2026-10-08
PRO_043;provenance_scenario;metadonnee;;2026-10-08
PRO_044;joueur_id;metadonnee;;2026-10-08
PRO_044;nom;fc27_futwiz;https://www.futwiz.com/fc27/player/yahya-benkhaleq/8800;2026-10-08
PRO_044;type_joueur;metadonnee;;2026-10-08
PRO_044;club;non_disponible;;2026-10-08
PRO_044;groupe_poste;derive_fc27;https://www.futwiz.com/fc27/player/yahya-benkhaleq/8800;2026-10-08
PRO_044;gardien;fc27_futwiz;https://www.futwiz.com/fc27/player/yahya-benkhaleq/8800;2026-10-08
PRO_044;date_reference;metadonnee;;2026-10-08
PRO_044;date_naissance_simulee;simule;;2026-10-08
PRO_044;age;simule;;2026-10-08
PRO_044;taille_cm;simule;;2026-10-08
PRO_044;poids_kg;simule;;2026-10-08
PRO_044;pied_fort;fc27_futwiz;https://www.futwiz.com/fc27/player/yahya-benkhaleq/8800;2026-10-08
PRO_044;personnalite_tags;simule;;2026-10-08
PRO_044;specialite_tags;simule;;2026-10-08
PRO_044;langues_parlees;simule;;2026-10-08
PRO_044;relation_equipe_score;simule;;2026-10-08
PRO_044;satisfaction_score;simule;;2026-10-08
PRO_044;satisfaction_motif;simule;;2026-10-08
PRO_044;fatigue_score;simule;;2026-10-08
PRO_044;sante_score;simule;;2026-10-08
PRO_044;statut_sante;simule;;2026-10-08
PRO_044;indicateur_sante;simule;;2026-10-08
PRO_044;disponibilite;simule;;2026-10-08
PRO_044;retour_prevu;simule;;2026-10-08
PRO_044;nb_blessures_12_mois;simule;;2026-10-08
PRO_044;affinites_positives_ids;simule;;2026-10-08
PRO_044;affinites_negatives_ids;simule;;2026-10-08
PRO_044;provenance_identite;metadonnee;;2026-10-08
PRO_044;provenance_groupe_poste;metadonnee;;2026-10-08
PRO_044;provenance_autres_champs;metadonnee;;2026-10-08
PRO_044;source_url;metadonnee;;2026-10-08
PRO_044;source_consultee_le;metadonnee;;2026-10-08
PRO_044;relation_equipe_general;simule;;2026-10-08
PRO_044;acceleration;fc27_futwiz;https://www.futwiz.com/fc27/player/yahya-benkhaleq/8800;2026-10-08
PRO_044;vitesse_de_pointe;fc27_futwiz;https://www.futwiz.com/fc27/player/yahya-benkhaleq/8800;2026-10-08
PRO_044;note_vitesse;fc27_futwiz;https://www.futwiz.com/fc27/player/yahya-benkhaleq/8800;2026-10-08
PRO_044;placement_offensif;fc27_futwiz;https://www.futwiz.com/fc27/player/yahya-benkhaleq/8800;2026-10-08
PRO_044;finition;fc27_futwiz;https://www.futwiz.com/fc27/player/yahya-benkhaleq/8800;2026-10-08
PRO_044;puissance_de_tir;fc27_futwiz;https://www.futwiz.com/fc27/player/yahya-benkhaleq/8800;2026-10-08
PRO_044;tir_de_loin;fc27_futwiz;https://www.futwiz.com/fc27/player/yahya-benkhaleq/8800;2026-10-08
PRO_044;volee;fc27_futwiz;https://www.futwiz.com/fc27/player/yahya-benkhaleq/8800;2026-10-08
PRO_044;penalty;fc27_futwiz;https://www.futwiz.com/fc27/player/yahya-benkhaleq/8800;2026-10-08
PRO_044;note_frappe;fc27_futwiz;https://www.futwiz.com/fc27/player/yahya-benkhaleq/8800;2026-10-08
PRO_044;vista;fc27_futwiz;https://www.futwiz.com/fc27/player/yahya-benkhaleq/8800;2026-10-08
PRO_044;centre;fc27_futwiz;https://www.futwiz.com/fc27/player/yahya-benkhaleq/8800;2026-10-08
PRO_044;precision_coup_franc;fc27_futwiz;https://www.futwiz.com/fc27/player/yahya-benkhaleq/8800;2026-10-08
PRO_044;passe_courte;fc27_futwiz;https://www.futwiz.com/fc27/player/yahya-benkhaleq/8800;2026-10-08
PRO_044;passe_longue;fc27_futwiz;https://www.futwiz.com/fc27/player/yahya-benkhaleq/8800;2026-10-08
PRO_044;effet;fc27_futwiz;https://www.futwiz.com/fc27/player/yahya-benkhaleq/8800;2026-10-08
PRO_044;note_passe;fc27_futwiz;https://www.futwiz.com/fc27/player/yahya-benkhaleq/8800;2026-10-08
PRO_044;agilite;fc27_futwiz;https://www.futwiz.com/fc27/player/yahya-benkhaleq/8800;2026-10-08
PRO_044;equilibre;fc27_futwiz;https://www.futwiz.com/fc27/player/yahya-benkhaleq/8800;2026-10-08
PRO_044;reactivite;fc27_futwiz;https://www.futwiz.com/fc27/player/yahya-benkhaleq/8800;2026-10-08
PRO_044;conduite_de_balle;fc27_futwiz;https://www.futwiz.com/fc27/player/yahya-benkhaleq/8800;2026-10-08
PRO_044;dribble;fc27_futwiz;https://www.futwiz.com/fc27/player/yahya-benkhaleq/8800;2026-10-08
PRO_044;calme;fc27_futwiz;https://www.futwiz.com/fc27/player/yahya-benkhaleq/8800;2026-10-08
PRO_044;note_dribble;fc27_futwiz;https://www.futwiz.com/fc27/player/yahya-benkhaleq/8800;2026-10-08
PRO_044;interception;fc27_futwiz;https://www.futwiz.com/fc27/player/yahya-benkhaleq/8800;2026-10-08
PRO_044;precision_de_la_tete;fc27_futwiz;https://www.futwiz.com/fc27/player/yahya-benkhaleq/8800;2026-10-08
PRO_044;lucidite_defensive;fc27_futwiz;https://www.futwiz.com/fc27/player/yahya-benkhaleq/8800;2026-10-08
PRO_044;tacle_debout;fc27_futwiz;https://www.futwiz.com/fc27/player/yahya-benkhaleq/8800;2026-10-08
PRO_044;tacle_glisse;fc27_futwiz;https://www.futwiz.com/fc27/player/yahya-benkhaleq/8800;2026-10-08
PRO_044;note_defense;fc27_futwiz;https://www.futwiz.com/fc27/player/yahya-benkhaleq/8800;2026-10-08
PRO_044;detente;fc27_futwiz;https://www.futwiz.com/fc27/player/yahya-benkhaleq/8800;2026-10-08
PRO_044;endurance;fc27_futwiz;https://www.futwiz.com/fc27/player/yahya-benkhaleq/8800;2026-10-08
PRO_044;force;fc27_futwiz;https://www.futwiz.com/fc27/player/yahya-benkhaleq/8800;2026-10-08
PRO_044;agressivite;fc27_futwiz;https://www.futwiz.com/fc27/player/yahya-benkhaleq/8800;2026-10-08
PRO_044;note_physique;fc27_futwiz;https://www.futwiz.com/fc27/player/yahya-benkhaleq/8800;2026-10-08
PRO_044;gardien_plongeon;non_applicable;;2026-10-08
PRO_044;gardien_prise_de_balle;non_applicable;;2026-10-08
PRO_044;gardien_jeu_au_pied;non_applicable;;2026-10-08
PRO_044;gardien_reflexes;non_applicable;;2026-10-08
PRO_044;gardien_sorties;non_applicable;;2026-10-08
PRO_044;gardien_placement;non_applicable;;2026-10-08
PRO_044;nom_fc27;fc27_futwiz;https://www.futwiz.com/fc27/player/yahya-benkhaleq/8800;2026-10-08
PRO_044;note_generale_fc27;fc27_futwiz;https://www.futwiz.com/fc27/player/yahya-benkhaleq/8800;2026-10-08
PRO_044;poste_fc27;fc27_futwiz;https://www.futwiz.com/fc27/player/yahya-benkhaleq/8800;2026-10-08
PRO_044;groupe_poste_fc27;derive_fc27;https://www.futwiz.com/fc27/player/yahya-benkhaleq/8800;2026-10-08
PRO_044;fc27_url;metadonnee;;2026-10-08
PRO_044;fc27_id_fiche;metadonnee;;2026-10-08
PRO_044;fc27_version_carte;metadonnee;;2026-10-08
PRO_044;playstyles_fc27_observes;fc27_futwiz;https://www.futwiz.com/fc27/player/yahya-benkhaleq/8800;2026-10-08
PRO_044;gardien_vitesse;non_applicable;;2026-10-08
PRO_044;statut_import_fc27;metadonnee;;2026-10-08
PRO_044;provenance_biometrie;metadonnee;;2026-10-08
PRO_044;provenance_pied_fort;metadonnee;;2026-10-08
PRO_044;provenance_attributs;metadonnee;;2026-10-08
PRO_044;provenance_notes_groupes;metadonnee;;2026-10-08
PRO_044;provenance_scenario;metadonnee;;2026-10-08
PRO_045;joueur_id;metadonnee;;2026-10-08
PRO_045;nom;fc27_futwiz;https://www.futwiz.com/fc27/player/marcel-ratnik/8799;2026-10-08
PRO_045;type_joueur;metadonnee;;2026-10-08
PRO_045;club;non_disponible;;2026-10-08
PRO_045;groupe_poste;derive_fc27;https://www.futwiz.com/fc27/player/marcel-ratnik/8799;2026-10-08
PRO_045;gardien;fc27_futwiz;https://www.futwiz.com/fc27/player/marcel-ratnik/8799;2026-10-08
PRO_045;date_reference;metadonnee;;2026-10-08
PRO_045;date_naissance_simulee;simule;;2026-10-08
PRO_045;age;simule;;2026-10-08
PRO_045;taille_cm;simule;;2026-10-08
PRO_045;poids_kg;simule;;2026-10-08
PRO_045;pied_fort;fc27_futwiz;https://www.futwiz.com/fc27/player/marcel-ratnik/8799;2026-10-08
PRO_045;personnalite_tags;simule;;2026-10-08
PRO_045;specialite_tags;simule;;2026-10-08
PRO_045;langues_parlees;simule;;2026-10-08
PRO_045;relation_equipe_score;simule;;2026-10-08
PRO_045;satisfaction_score;simule;;2026-10-08
PRO_045;satisfaction_motif;simule;;2026-10-08
PRO_045;fatigue_score;simule;;2026-10-08
PRO_045;sante_score;simule;;2026-10-08
PRO_045;statut_sante;simule;;2026-10-08
PRO_045;indicateur_sante;simule;;2026-10-08
PRO_045;disponibilite;simule;;2026-10-08
PRO_045;retour_prevu;non_disponible;;2026-10-08
PRO_045;nb_blessures_12_mois;simule;;2026-10-08
PRO_045;affinites_positives_ids;simule;;2026-10-08
PRO_045;affinites_negatives_ids;simule;;2026-10-08
PRO_045;provenance_identite;metadonnee;;2026-10-08
PRO_045;provenance_groupe_poste;metadonnee;;2026-10-08
PRO_045;provenance_autres_champs;metadonnee;;2026-10-08
PRO_045;source_url;metadonnee;;2026-10-08
PRO_045;source_consultee_le;metadonnee;;2026-10-08
PRO_045;relation_equipe_general;simule;;2026-10-08
PRO_045;acceleration;fc27_futwiz;https://www.futwiz.com/fc27/player/marcel-ratnik/8799;2026-10-08
PRO_045;vitesse_de_pointe;fc27_futwiz;https://www.futwiz.com/fc27/player/marcel-ratnik/8799;2026-10-08
PRO_045;note_vitesse;fc27_futwiz;https://www.futwiz.com/fc27/player/marcel-ratnik/8799;2026-10-08
PRO_045;placement_offensif;fc27_futwiz;https://www.futwiz.com/fc27/player/marcel-ratnik/8799;2026-10-08
PRO_045;finition;fc27_futwiz;https://www.futwiz.com/fc27/player/marcel-ratnik/8799;2026-10-08
PRO_045;puissance_de_tir;fc27_futwiz;https://www.futwiz.com/fc27/player/marcel-ratnik/8799;2026-10-08
PRO_045;tir_de_loin;fc27_futwiz;https://www.futwiz.com/fc27/player/marcel-ratnik/8799;2026-10-08
PRO_045;volee;fc27_futwiz;https://www.futwiz.com/fc27/player/marcel-ratnik/8799;2026-10-08
PRO_045;penalty;fc27_futwiz;https://www.futwiz.com/fc27/player/marcel-ratnik/8799;2026-10-08
PRO_045;note_frappe;fc27_futwiz;https://www.futwiz.com/fc27/player/marcel-ratnik/8799;2026-10-08
PRO_045;vista;fc27_futwiz;https://www.futwiz.com/fc27/player/marcel-ratnik/8799;2026-10-08
PRO_045;centre;fc27_futwiz;https://www.futwiz.com/fc27/player/marcel-ratnik/8799;2026-10-08
PRO_045;precision_coup_franc;fc27_futwiz;https://www.futwiz.com/fc27/player/marcel-ratnik/8799;2026-10-08
PRO_045;passe_courte;fc27_futwiz;https://www.futwiz.com/fc27/player/marcel-ratnik/8799;2026-10-08
PRO_045;passe_longue;fc27_futwiz;https://www.futwiz.com/fc27/player/marcel-ratnik/8799;2026-10-08
PRO_045;effet;fc27_futwiz;https://www.futwiz.com/fc27/player/marcel-ratnik/8799;2026-10-08
PRO_045;note_passe;fc27_futwiz;https://www.futwiz.com/fc27/player/marcel-ratnik/8799;2026-10-08
PRO_045;agilite;fc27_futwiz;https://www.futwiz.com/fc27/player/marcel-ratnik/8799;2026-10-08
PRO_045;equilibre;fc27_futwiz;https://www.futwiz.com/fc27/player/marcel-ratnik/8799;2026-10-08
PRO_045;reactivite;fc27_futwiz;https://www.futwiz.com/fc27/player/marcel-ratnik/8799;2026-10-08
PRO_045;conduite_de_balle;fc27_futwiz;https://www.futwiz.com/fc27/player/marcel-ratnik/8799;2026-10-08
PRO_045;dribble;fc27_futwiz;https://www.futwiz.com/fc27/player/marcel-ratnik/8799;2026-10-08
PRO_045;calme;fc27_futwiz;https://www.futwiz.com/fc27/player/marcel-ratnik/8799;2026-10-08
PRO_045;note_dribble;fc27_futwiz;https://www.futwiz.com/fc27/player/marcel-ratnik/8799;2026-10-08
PRO_045;interception;fc27_futwiz;https://www.futwiz.com/fc27/player/marcel-ratnik/8799;2026-10-08
PRO_045;precision_de_la_tete;fc27_futwiz;https://www.futwiz.com/fc27/player/marcel-ratnik/8799;2026-10-08
PRO_045;lucidite_defensive;fc27_futwiz;https://www.futwiz.com/fc27/player/marcel-ratnik/8799;2026-10-08
PRO_045;tacle_debout;fc27_futwiz;https://www.futwiz.com/fc27/player/marcel-ratnik/8799;2026-10-08
PRO_045;tacle_glisse;fc27_futwiz;https://www.futwiz.com/fc27/player/marcel-ratnik/8799;2026-10-08
PRO_045;note_defense;fc27_futwiz;https://www.futwiz.com/fc27/player/marcel-ratnik/8799;2026-10-08
PRO_045;detente;fc27_futwiz;https://www.futwiz.com/fc27/player/marcel-ratnik/8799;2026-10-08
PRO_045;endurance;fc27_futwiz;https://www.futwiz.com/fc27/player/marcel-ratnik/8799;2026-10-08
PRO_045;force;fc27_futwiz;https://www.futwiz.com/fc27/player/marcel-ratnik/8799;2026-10-08
PRO_045;agressivite;fc27_futwiz;https://www.futwiz.com/fc27/player/marcel-ratnik/8799;2026-10-08
PRO_045;note_physique;fc27_futwiz;https://www.futwiz.com/fc27/player/marcel-ratnik/8799;2026-10-08
PRO_045;gardien_plongeon;non_applicable;;2026-10-08
PRO_045;gardien_prise_de_balle;non_applicable;;2026-10-08
PRO_045;gardien_jeu_au_pied;non_applicable;;2026-10-08
PRO_045;gardien_reflexes;non_applicable;;2026-10-08
PRO_045;gardien_sorties;non_applicable;;2026-10-08
PRO_045;gardien_placement;non_applicable;;2026-10-08
PRO_045;nom_fc27;fc27_futwiz;https://www.futwiz.com/fc27/player/marcel-ratnik/8799;2026-10-08
PRO_045;note_generale_fc27;fc27_futwiz;https://www.futwiz.com/fc27/player/marcel-ratnik/8799;2026-10-08
PRO_045;poste_fc27;fc27_futwiz;https://www.futwiz.com/fc27/player/marcel-ratnik/8799;2026-10-08
PRO_045;groupe_poste_fc27;derive_fc27;https://www.futwiz.com/fc27/player/marcel-ratnik/8799;2026-10-08
PRO_045;fc27_url;metadonnee;;2026-10-08
PRO_045;fc27_id_fiche;metadonnee;;2026-10-08
PRO_045;fc27_version_carte;metadonnee;;2026-10-08
PRO_045;playstyles_fc27_observes;fc27_futwiz;https://www.futwiz.com/fc27/player/marcel-ratnik/8799;2026-10-08
PRO_045;gardien_vitesse;non_applicable;;2026-10-08
PRO_045;statut_import_fc27;metadonnee;;2026-10-08
PRO_045;provenance_biometrie;metadonnee;;2026-10-08
PRO_045;provenance_pied_fort;metadonnee;;2026-10-08
PRO_045;provenance_attributs;metadonnee;;2026-10-08
PRO_045;provenance_notes_groupes;metadonnee;;2026-10-08
PRO_045;provenance_scenario;metadonnee;;2026-10-08
PRO_046;joueur_id;metadonnee;;2026-10-08
PRO_046;nom;fc27_futwiz;https://www.futwiz.com/fc27/player/rafa-rodrigues/8798;2026-10-08
PRO_046;type_joueur;metadonnee;;2026-10-08
PRO_046;club;non_disponible;;2026-10-08
PRO_046;groupe_poste;derive_fc27;https://www.futwiz.com/fc27/player/rafa-rodrigues/8798;2026-10-08
PRO_046;gardien;fc27_futwiz;https://www.futwiz.com/fc27/player/rafa-rodrigues/8798;2026-10-08
PRO_046;date_reference;metadonnee;;2026-10-08
PRO_046;date_naissance_simulee;simule;;2026-10-08
PRO_046;age;simule;;2026-10-08
PRO_046;taille_cm;simule;;2026-10-08
PRO_046;poids_kg;simule;;2026-10-08
PRO_046;pied_fort;fc27_futwiz;https://www.futwiz.com/fc27/player/rafa-rodrigues/8798;2026-10-08
PRO_046;personnalite_tags;simule;;2026-10-08
PRO_046;specialite_tags;simule;;2026-10-08
PRO_046;langues_parlees;simule;;2026-10-08
PRO_046;relation_equipe_score;simule;;2026-10-08
PRO_046;satisfaction_score;simule;;2026-10-08
PRO_046;satisfaction_motif;simule;;2026-10-08
PRO_046;fatigue_score;simule;;2026-10-08
PRO_046;sante_score;simule;;2026-10-08
PRO_046;statut_sante;simule;;2026-10-08
PRO_046;indicateur_sante;simule;;2026-10-08
PRO_046;disponibilite;simule;;2026-10-08
PRO_046;retour_prevu;non_disponible;;2026-10-08
PRO_046;nb_blessures_12_mois;simule;;2026-10-08
PRO_046;affinites_positives_ids;simule;;2026-10-08
PRO_046;affinites_negatives_ids;simule;;2026-10-08
PRO_046;provenance_identite;metadonnee;;2026-10-08
PRO_046;provenance_groupe_poste;metadonnee;;2026-10-08
PRO_046;provenance_autres_champs;metadonnee;;2026-10-08
PRO_046;source_url;metadonnee;;2026-10-08
PRO_046;source_consultee_le;metadonnee;;2026-10-08
PRO_046;relation_equipe_general;simule;;2026-10-08
PRO_046;acceleration;fc27_futwiz;https://www.futwiz.com/fc27/player/rafa-rodrigues/8798;2026-10-08
PRO_046;vitesse_de_pointe;fc27_futwiz;https://www.futwiz.com/fc27/player/rafa-rodrigues/8798;2026-10-08
PRO_046;note_vitesse;fc27_futwiz;https://www.futwiz.com/fc27/player/rafa-rodrigues/8798;2026-10-08
PRO_046;placement_offensif;fc27_futwiz;https://www.futwiz.com/fc27/player/rafa-rodrigues/8798;2026-10-08
PRO_046;finition;fc27_futwiz;https://www.futwiz.com/fc27/player/rafa-rodrigues/8798;2026-10-08
PRO_046;puissance_de_tir;fc27_futwiz;https://www.futwiz.com/fc27/player/rafa-rodrigues/8798;2026-10-08
PRO_046;tir_de_loin;fc27_futwiz;https://www.futwiz.com/fc27/player/rafa-rodrigues/8798;2026-10-08
PRO_046;volee;fc27_futwiz;https://www.futwiz.com/fc27/player/rafa-rodrigues/8798;2026-10-08
PRO_046;penalty;fc27_futwiz;https://www.futwiz.com/fc27/player/rafa-rodrigues/8798;2026-10-08
PRO_046;note_frappe;fc27_futwiz;https://www.futwiz.com/fc27/player/rafa-rodrigues/8798;2026-10-08
PRO_046;vista;fc27_futwiz;https://www.futwiz.com/fc27/player/rafa-rodrigues/8798;2026-10-08
PRO_046;centre;fc27_futwiz;https://www.futwiz.com/fc27/player/rafa-rodrigues/8798;2026-10-08
PRO_046;precision_coup_franc;fc27_futwiz;https://www.futwiz.com/fc27/player/rafa-rodrigues/8798;2026-10-08
PRO_046;passe_courte;fc27_futwiz;https://www.futwiz.com/fc27/player/rafa-rodrigues/8798;2026-10-08
PRO_046;passe_longue;fc27_futwiz;https://www.futwiz.com/fc27/player/rafa-rodrigues/8798;2026-10-08
PRO_046;effet;fc27_futwiz;https://www.futwiz.com/fc27/player/rafa-rodrigues/8798;2026-10-08
PRO_046;note_passe;fc27_futwiz;https://www.futwiz.com/fc27/player/rafa-rodrigues/8798;2026-10-08
PRO_046;agilite;fc27_futwiz;https://www.futwiz.com/fc27/player/rafa-rodrigues/8798;2026-10-08
PRO_046;equilibre;fc27_futwiz;https://www.futwiz.com/fc27/player/rafa-rodrigues/8798;2026-10-08
PRO_046;reactivite;fc27_futwiz;https://www.futwiz.com/fc27/player/rafa-rodrigues/8798;2026-10-08
PRO_046;conduite_de_balle;fc27_futwiz;https://www.futwiz.com/fc27/player/rafa-rodrigues/8798;2026-10-08
PRO_046;dribble;fc27_futwiz;https://www.futwiz.com/fc27/player/rafa-rodrigues/8798;2026-10-08
PRO_046;calme;fc27_futwiz;https://www.futwiz.com/fc27/player/rafa-rodrigues/8798;2026-10-08
PRO_046;note_dribble;fc27_futwiz;https://www.futwiz.com/fc27/player/rafa-rodrigues/8798;2026-10-08
PRO_046;interception;fc27_futwiz;https://www.futwiz.com/fc27/player/rafa-rodrigues/8798;2026-10-08
PRO_046;precision_de_la_tete;fc27_futwiz;https://www.futwiz.com/fc27/player/rafa-rodrigues/8798;2026-10-08
PRO_046;lucidite_defensive;fc27_futwiz;https://www.futwiz.com/fc27/player/rafa-rodrigues/8798;2026-10-08
PRO_046;tacle_debout;fc27_futwiz;https://www.futwiz.com/fc27/player/rafa-rodrigues/8798;2026-10-08
PRO_046;tacle_glisse;fc27_futwiz;https://www.futwiz.com/fc27/player/rafa-rodrigues/8798;2026-10-08
PRO_046;note_defense;fc27_futwiz;https://www.futwiz.com/fc27/player/rafa-rodrigues/8798;2026-10-08
PRO_046;detente;fc27_futwiz;https://www.futwiz.com/fc27/player/rafa-rodrigues/8798;2026-10-08
PRO_046;endurance;fc27_futwiz;https://www.futwiz.com/fc27/player/rafa-rodrigues/8798;2026-10-08
PRO_046;force;fc27_futwiz;https://www.futwiz.com/fc27/player/rafa-rodrigues/8798;2026-10-08
PRO_046;agressivite;fc27_futwiz;https://www.futwiz.com/fc27/player/rafa-rodrigues/8798;2026-10-08
PRO_046;note_physique;fc27_futwiz;https://www.futwiz.com/fc27/player/rafa-rodrigues/8798;2026-10-08
PRO_046;gardien_plongeon;non_applicable;;2026-10-08
PRO_046;gardien_prise_de_balle;non_applicable;;2026-10-08
PRO_046;gardien_jeu_au_pied;non_applicable;;2026-10-08
PRO_046;gardien_reflexes;non_applicable;;2026-10-08
PRO_046;gardien_sorties;non_applicable;;2026-10-08
PRO_046;gardien_placement;non_applicable;;2026-10-08
PRO_046;nom_fc27;fc27_futwiz;https://www.futwiz.com/fc27/player/rafa-rodrigues/8798;2026-10-08
PRO_046;note_generale_fc27;fc27_futwiz;https://www.futwiz.com/fc27/player/rafa-rodrigues/8798;2026-10-08
PRO_046;poste_fc27;fc27_futwiz;https://www.futwiz.com/fc27/player/rafa-rodrigues/8798;2026-10-08
PRO_046;groupe_poste_fc27;derive_fc27;https://www.futwiz.com/fc27/player/rafa-rodrigues/8798;2026-10-08
PRO_046;fc27_url;metadonnee;;2026-10-08
PRO_046;fc27_id_fiche;metadonnee;;2026-10-08
PRO_046;fc27_version_carte;metadonnee;;2026-10-08
PRO_046;playstyles_fc27_observes;fc27_futwiz;https://www.futwiz.com/fc27/player/rafa-rodrigues/8798;2026-10-08
PRO_046;gardien_vitesse;non_applicable;;2026-10-08
PRO_046;statut_import_fc27;metadonnee;;2026-10-08
PRO_046;provenance_biometrie;metadonnee;;2026-10-08
PRO_046;provenance_pied_fort;metadonnee;;2026-10-08
PRO_046;provenance_attributs;metadonnee;;2026-10-08
PRO_046;provenance_notes_groupes;metadonnee;;2026-10-08
PRO_046;provenance_scenario;metadonnee;;2026-10-08
PRO_047;joueur_id;metadonnee;;2026-10-08
PRO_047;nom;fc27_futwiz;https://www.futwiz.com/fc27/player/rahul-bheke/8797;2026-10-08
PRO_047;type_joueur;metadonnee;;2026-10-08
PRO_047;club;non_disponible;;2026-10-08
PRO_047;groupe_poste;derive_fc27;https://www.futwiz.com/fc27/player/rahul-bheke/8797;2026-10-08
PRO_047;gardien;fc27_futwiz;https://www.futwiz.com/fc27/player/rahul-bheke/8797;2026-10-08
PRO_047;date_reference;metadonnee;;2026-10-08
PRO_047;date_naissance_simulee;simule;;2026-10-08
PRO_047;age;simule;;2026-10-08
PRO_047;taille_cm;simule;;2026-10-08
PRO_047;poids_kg;simule;;2026-10-08
PRO_047;pied_fort;fc27_futwiz;https://www.futwiz.com/fc27/player/rahul-bheke/8797;2026-10-08
PRO_047;personnalite_tags;simule;;2026-10-08
PRO_047;specialite_tags;simule;;2026-10-08
PRO_047;langues_parlees;simule;;2026-10-08
PRO_047;relation_equipe_score;simule;;2026-10-08
PRO_047;satisfaction_score;simule;;2026-10-08
PRO_047;satisfaction_motif;simule;;2026-10-08
PRO_047;fatigue_score;simule;;2026-10-08
PRO_047;sante_score;simule;;2026-10-08
PRO_047;statut_sante;simule;;2026-10-08
PRO_047;indicateur_sante;simule;;2026-10-08
PRO_047;disponibilite;simule;;2026-10-08
PRO_047;retour_prevu;non_disponible;;2026-10-08
PRO_047;nb_blessures_12_mois;simule;;2026-10-08
PRO_047;affinites_positives_ids;simule;;2026-10-08
PRO_047;affinites_negatives_ids;simule;;2026-10-08
PRO_047;provenance_identite;metadonnee;;2026-10-08
PRO_047;provenance_groupe_poste;metadonnee;;2026-10-08
PRO_047;provenance_autres_champs;metadonnee;;2026-10-08
PRO_047;source_url;metadonnee;;2026-10-08
PRO_047;source_consultee_le;metadonnee;;2026-10-08
PRO_047;relation_equipe_general;simule;;2026-10-08
PRO_047;acceleration;fc27_futwiz;https://www.futwiz.com/fc27/player/rahul-bheke/8797;2026-10-08
PRO_047;vitesse_de_pointe;fc27_futwiz;https://www.futwiz.com/fc27/player/rahul-bheke/8797;2026-10-08
PRO_047;note_vitesse;fc27_futwiz;https://www.futwiz.com/fc27/player/rahul-bheke/8797;2026-10-08
PRO_047;placement_offensif;fc27_futwiz;https://www.futwiz.com/fc27/player/rahul-bheke/8797;2026-10-08
PRO_047;finition;fc27_futwiz;https://www.futwiz.com/fc27/player/rahul-bheke/8797;2026-10-08
PRO_047;puissance_de_tir;fc27_futwiz;https://www.futwiz.com/fc27/player/rahul-bheke/8797;2026-10-08
PRO_047;tir_de_loin;fc27_futwiz;https://www.futwiz.com/fc27/player/rahul-bheke/8797;2026-10-08
PRO_047;volee;fc27_futwiz;https://www.futwiz.com/fc27/player/rahul-bheke/8797;2026-10-08
PRO_047;penalty;fc27_futwiz;https://www.futwiz.com/fc27/player/rahul-bheke/8797;2026-10-08
PRO_047;note_frappe;fc27_futwiz;https://www.futwiz.com/fc27/player/rahul-bheke/8797;2026-10-08
PRO_047;vista;fc27_futwiz;https://www.futwiz.com/fc27/player/rahul-bheke/8797;2026-10-08
PRO_047;centre;fc27_futwiz;https://www.futwiz.com/fc27/player/rahul-bheke/8797;2026-10-08
PRO_047;precision_coup_franc;fc27_futwiz;https://www.futwiz.com/fc27/player/rahul-bheke/8797;2026-10-08
PRO_047;passe_courte;fc27_futwiz;https://www.futwiz.com/fc27/player/rahul-bheke/8797;2026-10-08
PRO_047;passe_longue;fc27_futwiz;https://www.futwiz.com/fc27/player/rahul-bheke/8797;2026-10-08
PRO_047;effet;fc27_futwiz;https://www.futwiz.com/fc27/player/rahul-bheke/8797;2026-10-08
PRO_047;note_passe;fc27_futwiz;https://www.futwiz.com/fc27/player/rahul-bheke/8797;2026-10-08
PRO_047;agilite;fc27_futwiz;https://www.futwiz.com/fc27/player/rahul-bheke/8797;2026-10-08
PRO_047;equilibre;fc27_futwiz;https://www.futwiz.com/fc27/player/rahul-bheke/8797;2026-10-08
PRO_047;reactivite;fc27_futwiz;https://www.futwiz.com/fc27/player/rahul-bheke/8797;2026-10-08
PRO_047;conduite_de_balle;fc27_futwiz;https://www.futwiz.com/fc27/player/rahul-bheke/8797;2026-10-08
PRO_047;dribble;fc27_futwiz;https://www.futwiz.com/fc27/player/rahul-bheke/8797;2026-10-08
PRO_047;calme;fc27_futwiz;https://www.futwiz.com/fc27/player/rahul-bheke/8797;2026-10-08
PRO_047;note_dribble;fc27_futwiz;https://www.futwiz.com/fc27/player/rahul-bheke/8797;2026-10-08
PRO_047;interception;fc27_futwiz;https://www.futwiz.com/fc27/player/rahul-bheke/8797;2026-10-08
PRO_047;precision_de_la_tete;fc27_futwiz;https://www.futwiz.com/fc27/player/rahul-bheke/8797;2026-10-08
PRO_047;lucidite_defensive;fc27_futwiz;https://www.futwiz.com/fc27/player/rahul-bheke/8797;2026-10-08
PRO_047;tacle_debout;fc27_futwiz;https://www.futwiz.com/fc27/player/rahul-bheke/8797;2026-10-08
PRO_047;tacle_glisse;fc27_futwiz;https://www.futwiz.com/fc27/player/rahul-bheke/8797;2026-10-08
PRO_047;note_defense;fc27_futwiz;https://www.futwiz.com/fc27/player/rahul-bheke/8797;2026-10-08
PRO_047;detente;fc27_futwiz;https://www.futwiz.com/fc27/player/rahul-bheke/8797;2026-10-08
PRO_047;endurance;fc27_futwiz;https://www.futwiz.com/fc27/player/rahul-bheke/8797;2026-10-08
PRO_047;force;fc27_futwiz;https://www.futwiz.com/fc27/player/rahul-bheke/8797;2026-10-08
PRO_047;agressivite;fc27_futwiz;https://www.futwiz.com/fc27/player/rahul-bheke/8797;2026-10-08
PRO_047;note_physique;fc27_futwiz;https://www.futwiz.com/fc27/player/rahul-bheke/8797;2026-10-08
PRO_047;gardien_plongeon;non_applicable;;2026-10-08
PRO_047;gardien_prise_de_balle;non_applicable;;2026-10-08
PRO_047;gardien_jeu_au_pied;non_applicable;;2026-10-08
PRO_047;gardien_reflexes;non_applicable;;2026-10-08
PRO_047;gardien_sorties;non_applicable;;2026-10-08
PRO_047;gardien_placement;non_applicable;;2026-10-08
PRO_047;nom_fc27;fc27_futwiz;https://www.futwiz.com/fc27/player/rahul-bheke/8797;2026-10-08
PRO_047;note_generale_fc27;fc27_futwiz;https://www.futwiz.com/fc27/player/rahul-bheke/8797;2026-10-08
PRO_047;poste_fc27;fc27_futwiz;https://www.futwiz.com/fc27/player/rahul-bheke/8797;2026-10-08
PRO_047;groupe_poste_fc27;derive_fc27;https://www.futwiz.com/fc27/player/rahul-bheke/8797;2026-10-08
PRO_047;fc27_url;metadonnee;;2026-10-08
PRO_047;fc27_id_fiche;metadonnee;;2026-10-08
PRO_047;fc27_version_carte;metadonnee;;2026-10-08
PRO_047;playstyles_fc27_observes;fc27_futwiz;https://www.futwiz.com/fc27/player/rahul-bheke/8797;2026-10-08
PRO_047;gardien_vitesse;non_applicable;;2026-10-08
PRO_047;statut_import_fc27;metadonnee;;2026-10-08
PRO_047;provenance_biometrie;metadonnee;;2026-10-08
PRO_047;provenance_pied_fort;metadonnee;;2026-10-08
PRO_047;provenance_attributs;metadonnee;;2026-10-08
PRO_047;provenance_notes_groupes;metadonnee;;2026-10-08
PRO_047;provenance_scenario;metadonnee;;2026-10-08
PRO_048;joueur_id;metadonnee;;2026-10-08
PRO_048;nom;fc27_futwiz;https://www.futwiz.com/fc27/player/sunil-chhetri/8796;2026-10-08
PRO_048;type_joueur;metadonnee;;2026-10-08
PRO_048;club;non_disponible;;2026-10-08
PRO_048;groupe_poste;derive_fc27;https://www.futwiz.com/fc27/player/sunil-chhetri/8796;2026-10-08
PRO_048;gardien;fc27_futwiz;https://www.futwiz.com/fc27/player/sunil-chhetri/8796;2026-10-08
PRO_048;date_reference;metadonnee;;2026-10-08
PRO_048;date_naissance_simulee;simule;;2026-10-08
PRO_048;age;simule;;2026-10-08
PRO_048;taille_cm;simule;;2026-10-08
PRO_048;poids_kg;simule;;2026-10-08
PRO_048;pied_fort;fc27_futwiz;https://www.futwiz.com/fc27/player/sunil-chhetri/8796;2026-10-08
PRO_048;personnalite_tags;simule;;2026-10-08
PRO_048;specialite_tags;simule;;2026-10-08
PRO_048;langues_parlees;simule;;2026-10-08
PRO_048;relation_equipe_score;simule;;2026-10-08
PRO_048;satisfaction_score;simule;;2026-10-08
PRO_048;satisfaction_motif;simule;;2026-10-08
PRO_048;fatigue_score;simule;;2026-10-08
PRO_048;sante_score;simule;;2026-10-08
PRO_048;statut_sante;simule;;2026-10-08
PRO_048;indicateur_sante;simule;;2026-10-08
PRO_048;disponibilite;simule;;2026-10-08
PRO_048;retour_prevu;non_disponible;;2026-10-08
PRO_048;nb_blessures_12_mois;simule;;2026-10-08
PRO_048;affinites_positives_ids;simule;;2026-10-08
PRO_048;affinites_negatives_ids;simule;;2026-10-08
PRO_048;provenance_identite;metadonnee;;2026-10-08
PRO_048;provenance_groupe_poste;metadonnee;;2026-10-08
PRO_048;provenance_autres_champs;metadonnee;;2026-10-08
PRO_048;source_url;metadonnee;;2026-10-08
PRO_048;source_consultee_le;metadonnee;;2026-10-08
PRO_048;relation_equipe_general;simule;;2026-10-08
PRO_048;acceleration;fc27_futwiz;https://www.futwiz.com/fc27/player/sunil-chhetri/8796;2026-10-08
PRO_048;vitesse_de_pointe;fc27_futwiz;https://www.futwiz.com/fc27/player/sunil-chhetri/8796;2026-10-08
PRO_048;note_vitesse;fc27_futwiz;https://www.futwiz.com/fc27/player/sunil-chhetri/8796;2026-10-08
PRO_048;placement_offensif;fc27_futwiz;https://www.futwiz.com/fc27/player/sunil-chhetri/8796;2026-10-08
PRO_048;finition;fc27_futwiz;https://www.futwiz.com/fc27/player/sunil-chhetri/8796;2026-10-08
PRO_048;puissance_de_tir;fc27_futwiz;https://www.futwiz.com/fc27/player/sunil-chhetri/8796;2026-10-08
PRO_048;tir_de_loin;fc27_futwiz;https://www.futwiz.com/fc27/player/sunil-chhetri/8796;2026-10-08
PRO_048;volee;fc27_futwiz;https://www.futwiz.com/fc27/player/sunil-chhetri/8796;2026-10-08
PRO_048;penalty;fc27_futwiz;https://www.futwiz.com/fc27/player/sunil-chhetri/8796;2026-10-08
PRO_048;note_frappe;fc27_futwiz;https://www.futwiz.com/fc27/player/sunil-chhetri/8796;2026-10-08
PRO_048;vista;fc27_futwiz;https://www.futwiz.com/fc27/player/sunil-chhetri/8796;2026-10-08
PRO_048;centre;fc27_futwiz;https://www.futwiz.com/fc27/player/sunil-chhetri/8796;2026-10-08
PRO_048;precision_coup_franc;fc27_futwiz;https://www.futwiz.com/fc27/player/sunil-chhetri/8796;2026-10-08
PRO_048;passe_courte;fc27_futwiz;https://www.futwiz.com/fc27/player/sunil-chhetri/8796;2026-10-08
PRO_048;passe_longue;fc27_futwiz;https://www.futwiz.com/fc27/player/sunil-chhetri/8796;2026-10-08
PRO_048;effet;fc27_futwiz;https://www.futwiz.com/fc27/player/sunil-chhetri/8796;2026-10-08
PRO_048;note_passe;fc27_futwiz;https://www.futwiz.com/fc27/player/sunil-chhetri/8796;2026-10-08
PRO_048;agilite;fc27_futwiz;https://www.futwiz.com/fc27/player/sunil-chhetri/8796;2026-10-08
PRO_048;equilibre;fc27_futwiz;https://www.futwiz.com/fc27/player/sunil-chhetri/8796;2026-10-08
PRO_048;reactivite;fc27_futwiz;https://www.futwiz.com/fc27/player/sunil-chhetri/8796;2026-10-08
PRO_048;conduite_de_balle;fc27_futwiz;https://www.futwiz.com/fc27/player/sunil-chhetri/8796;2026-10-08
PRO_048;dribble;fc27_futwiz;https://www.futwiz.com/fc27/player/sunil-chhetri/8796;2026-10-08
PRO_048;calme;fc27_futwiz;https://www.futwiz.com/fc27/player/sunil-chhetri/8796;2026-10-08
PRO_048;note_dribble;fc27_futwiz;https://www.futwiz.com/fc27/player/sunil-chhetri/8796;2026-10-08
PRO_048;interception;fc27_futwiz;https://www.futwiz.com/fc27/player/sunil-chhetri/8796;2026-10-08
PRO_048;precision_de_la_tete;fc27_futwiz;https://www.futwiz.com/fc27/player/sunil-chhetri/8796;2026-10-08
PRO_048;lucidite_defensive;fc27_futwiz;https://www.futwiz.com/fc27/player/sunil-chhetri/8796;2026-10-08
PRO_048;tacle_debout;fc27_futwiz;https://www.futwiz.com/fc27/player/sunil-chhetri/8796;2026-10-08
PRO_048;tacle_glisse;fc27_futwiz;https://www.futwiz.com/fc27/player/sunil-chhetri/8796;2026-10-08
PRO_048;note_defense;fc27_futwiz;https://www.futwiz.com/fc27/player/sunil-chhetri/8796;2026-10-08
PRO_048;detente;fc27_futwiz;https://www.futwiz.com/fc27/player/sunil-chhetri/8796;2026-10-08
PRO_048;endurance;fc27_futwiz;https://www.futwiz.com/fc27/player/sunil-chhetri/8796;2026-10-08
PRO_048;force;fc27_futwiz;https://www.futwiz.com/fc27/player/sunil-chhetri/8796;2026-10-08
PRO_048;agressivite;fc27_futwiz;https://www.futwiz.com/fc27/player/sunil-chhetri/8796;2026-10-08
PRO_048;note_physique;fc27_futwiz;https://www.futwiz.com/fc27/player/sunil-chhetri/8796;2026-10-08
PRO_048;gardien_plongeon;non_applicable;;2026-10-08
PRO_048;gardien_prise_de_balle;non_applicable;;2026-10-08
PRO_048;gardien_jeu_au_pied;non_applicable;;2026-10-08
PRO_048;gardien_reflexes;non_applicable;;2026-10-08
PRO_048;gardien_sorties;non_applicable;;2026-10-08
PRO_048;gardien_placement;non_applicable;;2026-10-08
PRO_048;nom_fc27;fc27_futwiz;https://www.futwiz.com/fc27/player/sunil-chhetri/8796;2026-10-08
PRO_048;note_generale_fc27;fc27_futwiz;https://www.futwiz.com/fc27/player/sunil-chhetri/8796;2026-10-08
PRO_048;poste_fc27;fc27_futwiz;https://www.futwiz.com/fc27/player/sunil-chhetri/8796;2026-10-08
PRO_048;groupe_poste_fc27;derive_fc27;https://www.futwiz.com/fc27/player/sunil-chhetri/8796;2026-10-08
PRO_048;fc27_url;metadonnee;;2026-10-08
PRO_048;fc27_id_fiche;metadonnee;;2026-10-08
PRO_048;fc27_version_carte;metadonnee;;2026-10-08
PRO_048;playstyles_fc27_observes;fc27_futwiz;https://www.futwiz.com/fc27/player/sunil-chhetri/8796;2026-10-08
PRO_048;gardien_vitesse;non_applicable;;2026-10-08
PRO_048;statut_import_fc27;metadonnee;;2026-10-08
PRO_048;provenance_biometrie;metadonnee;;2026-10-08
PRO_048;provenance_pied_fort;metadonnee;;2026-10-08
PRO_048;provenance_attributs;metadonnee;;2026-10-08
PRO_048;provenance_notes_groupes;metadonnee;;2026-10-08
PRO_048;provenance_scenario;metadonnee;;2026-10-08
PRO_049;joueur_id;metadonnee;;2026-10-08
PRO_049;nom;fc27_futwiz;https://www.futwiz.com/fc27/player/florian-pick/8795;2026-10-08
PRO_049;type_joueur;metadonnee;;2026-10-08
PRO_049;club;non_disponible;;2026-10-08
PRO_049;groupe_poste;derive_fc27;https://www.futwiz.com/fc27/player/florian-pick/8795;2026-10-08
PRO_049;gardien;fc27_futwiz;https://www.futwiz.com/fc27/player/florian-pick/8795;2026-10-08
PRO_049;date_reference;metadonnee;;2026-10-08
PRO_049;date_naissance_simulee;simule;;2026-10-08
PRO_049;age;simule;;2026-10-08
PRO_049;taille_cm;simule;;2026-10-08
PRO_049;poids_kg;simule;;2026-10-08
PRO_049;pied_fort;fc27_futwiz;https://www.futwiz.com/fc27/player/florian-pick/8795;2026-10-08
PRO_049;personnalite_tags;simule;;2026-10-08
PRO_049;specialite_tags;simule;;2026-10-08
PRO_049;langues_parlees;simule;;2026-10-08
PRO_049;relation_equipe_score;simule;;2026-10-08
PRO_049;satisfaction_score;simule;;2026-10-08
PRO_049;satisfaction_motif;simule;;2026-10-08
PRO_049;fatigue_score;simule;;2026-10-08
PRO_049;sante_score;simule;;2026-10-08
PRO_049;statut_sante;simule;;2026-10-08
PRO_049;indicateur_sante;simule;;2026-10-08
PRO_049;disponibilite;simule;;2026-10-08
PRO_049;retour_prevu;non_disponible;;2026-10-08
PRO_049;nb_blessures_12_mois;simule;;2026-10-08
PRO_049;affinites_positives_ids;simule;;2026-10-08
PRO_049;affinites_negatives_ids;simule;;2026-10-08
PRO_049;provenance_identite;metadonnee;;2026-10-08
PRO_049;provenance_groupe_poste;metadonnee;;2026-10-08
PRO_049;provenance_autres_champs;metadonnee;;2026-10-08
PRO_049;source_url;metadonnee;;2026-10-08
PRO_049;source_consultee_le;metadonnee;;2026-10-08
PRO_049;relation_equipe_general;simule;;2026-10-08
PRO_049;acceleration;fc27_futwiz;https://www.futwiz.com/fc27/player/florian-pick/8795;2026-10-08
PRO_049;vitesse_de_pointe;fc27_futwiz;https://www.futwiz.com/fc27/player/florian-pick/8795;2026-10-08
PRO_049;note_vitesse;fc27_futwiz;https://www.futwiz.com/fc27/player/florian-pick/8795;2026-10-08
PRO_049;placement_offensif;fc27_futwiz;https://www.futwiz.com/fc27/player/florian-pick/8795;2026-10-08
PRO_049;finition;fc27_futwiz;https://www.futwiz.com/fc27/player/florian-pick/8795;2026-10-08
PRO_049;puissance_de_tir;fc27_futwiz;https://www.futwiz.com/fc27/player/florian-pick/8795;2026-10-08
PRO_049;tir_de_loin;fc27_futwiz;https://www.futwiz.com/fc27/player/florian-pick/8795;2026-10-08
PRO_049;volee;fc27_futwiz;https://www.futwiz.com/fc27/player/florian-pick/8795;2026-10-08
PRO_049;penalty;fc27_futwiz;https://www.futwiz.com/fc27/player/florian-pick/8795;2026-10-08
PRO_049;note_frappe;fc27_futwiz;https://www.futwiz.com/fc27/player/florian-pick/8795;2026-10-08
PRO_049;vista;fc27_futwiz;https://www.futwiz.com/fc27/player/florian-pick/8795;2026-10-08
PRO_049;centre;fc27_futwiz;https://www.futwiz.com/fc27/player/florian-pick/8795;2026-10-08
PRO_049;precision_coup_franc;fc27_futwiz;https://www.futwiz.com/fc27/player/florian-pick/8795;2026-10-08
PRO_049;passe_courte;fc27_futwiz;https://www.futwiz.com/fc27/player/florian-pick/8795;2026-10-08
PRO_049;passe_longue;fc27_futwiz;https://www.futwiz.com/fc27/player/florian-pick/8795;2026-10-08
PRO_049;effet;fc27_futwiz;https://www.futwiz.com/fc27/player/florian-pick/8795;2026-10-08
PRO_049;note_passe;fc27_futwiz;https://www.futwiz.com/fc27/player/florian-pick/8795;2026-10-08
PRO_049;agilite;fc27_futwiz;https://www.futwiz.com/fc27/player/florian-pick/8795;2026-10-08
PRO_049;equilibre;fc27_futwiz;https://www.futwiz.com/fc27/player/florian-pick/8795;2026-10-08
PRO_049;reactivite;fc27_futwiz;https://www.futwiz.com/fc27/player/florian-pick/8795;2026-10-08
PRO_049;conduite_de_balle;fc27_futwiz;https://www.futwiz.com/fc27/player/florian-pick/8795;2026-10-08
PRO_049;dribble;fc27_futwiz;https://www.futwiz.com/fc27/player/florian-pick/8795;2026-10-08
PRO_049;calme;fc27_futwiz;https://www.futwiz.com/fc27/player/florian-pick/8795;2026-10-08
PRO_049;note_dribble;fc27_futwiz;https://www.futwiz.com/fc27/player/florian-pick/8795;2026-10-08
PRO_049;interception;fc27_futwiz;https://www.futwiz.com/fc27/player/florian-pick/8795;2026-10-08
PRO_049;precision_de_la_tete;fc27_futwiz;https://www.futwiz.com/fc27/player/florian-pick/8795;2026-10-08
PRO_049;lucidite_defensive;fc27_futwiz;https://www.futwiz.com/fc27/player/florian-pick/8795;2026-10-08
PRO_049;tacle_debout;fc27_futwiz;https://www.futwiz.com/fc27/player/florian-pick/8795;2026-10-08
PRO_049;tacle_glisse;fc27_futwiz;https://www.futwiz.com/fc27/player/florian-pick/8795;2026-10-08
PRO_049;note_defense;fc27_futwiz;https://www.futwiz.com/fc27/player/florian-pick/8795;2026-10-08
PRO_049;detente;fc27_futwiz;https://www.futwiz.com/fc27/player/florian-pick/8795;2026-10-08
PRO_049;endurance;fc27_futwiz;https://www.futwiz.com/fc27/player/florian-pick/8795;2026-10-08
PRO_049;force;fc27_futwiz;https://www.futwiz.com/fc27/player/florian-pick/8795;2026-10-08
PRO_049;agressivite;fc27_futwiz;https://www.futwiz.com/fc27/player/florian-pick/8795;2026-10-08
PRO_049;note_physique;fc27_futwiz;https://www.futwiz.com/fc27/player/florian-pick/8795;2026-10-08
PRO_049;gardien_plongeon;non_applicable;;2026-10-08
PRO_049;gardien_prise_de_balle;non_applicable;;2026-10-08
PRO_049;gardien_jeu_au_pied;non_applicable;;2026-10-08
PRO_049;gardien_reflexes;non_applicable;;2026-10-08
PRO_049;gardien_sorties;non_applicable;;2026-10-08
PRO_049;gardien_placement;non_applicable;;2026-10-08
PRO_049;nom_fc27;fc27_futwiz;https://www.futwiz.com/fc27/player/florian-pick/8795;2026-10-08
PRO_049;note_generale_fc27;fc27_futwiz;https://www.futwiz.com/fc27/player/florian-pick/8795;2026-10-08
PRO_049;poste_fc27;fc27_futwiz;https://www.futwiz.com/fc27/player/florian-pick/8795;2026-10-08
PRO_049;groupe_poste_fc27;derive_fc27;https://www.futwiz.com/fc27/player/florian-pick/8795;2026-10-08
PRO_049;fc27_url;metadonnee;;2026-10-08
PRO_049;fc27_id_fiche;metadonnee;;2026-10-08
PRO_049;fc27_version_carte;metadonnee;;2026-10-08
PRO_049;playstyles_fc27_observes;fc27_futwiz;https://www.futwiz.com/fc27/player/florian-pick/8795;2026-10-08
PRO_049;gardien_vitesse;non_applicable;;2026-10-08
PRO_049;statut_import_fc27;metadonnee;;2026-10-08
PRO_049;provenance_biometrie;metadonnee;;2026-10-08
PRO_049;provenance_pied_fort;metadonnee;;2026-10-08
PRO_049;provenance_attributs;metadonnee;;2026-10-08
PRO_049;provenance_notes_groupes;metadonnee;;2026-10-08
PRO_049;provenance_scenario;metadonnee;;2026-10-08
PRO_050;joueur_id;metadonnee;;2026-10-08
PRO_050;nom;fc27_futwiz;https://www.futwiz.com/fc27/player/philipp-forster/8794;2026-10-08
PRO_050;type_joueur;metadonnee;;2026-10-08
PRO_050;club;non_disponible;;2026-10-08
PRO_050;groupe_poste;derive_fc27;https://www.futwiz.com/fc27/player/philipp-forster/8794;2026-10-08
PRO_050;gardien;fc27_futwiz;https://www.futwiz.com/fc27/player/philipp-forster/8794;2026-10-08
PRO_050;date_reference;metadonnee;;2026-10-08
PRO_050;date_naissance_simulee;simule;;2026-10-08
PRO_050;age;simule;;2026-10-08
PRO_050;taille_cm;simule;;2026-10-08
PRO_050;poids_kg;simule;;2026-10-08
PRO_050;pied_fort;fc27_futwiz;https://www.futwiz.com/fc27/player/philipp-forster/8794;2026-10-08
PRO_050;personnalite_tags;simule;;2026-10-08
PRO_050;specialite_tags;simule;;2026-10-08
PRO_050;langues_parlees;simule;;2026-10-08
PRO_050;relation_equipe_score;simule;;2026-10-08
PRO_050;satisfaction_score;simule;;2026-10-08
PRO_050;satisfaction_motif;simule;;2026-10-08
PRO_050;fatigue_score;simule;;2026-10-08
PRO_050;sante_score;simule;;2026-10-08
PRO_050;statut_sante;simule;;2026-10-08
PRO_050;indicateur_sante;simule;;2026-10-08
PRO_050;disponibilite;simule;;2026-10-08
PRO_050;retour_prevu;non_disponible;;2026-10-08
PRO_050;nb_blessures_12_mois;simule;;2026-10-08
PRO_050;affinites_positives_ids;simule;;2026-10-08
PRO_050;affinites_negatives_ids;simule;;2026-10-08
PRO_050;provenance_identite;metadonnee;;2026-10-08
PRO_050;provenance_groupe_poste;metadonnee;;2026-10-08
PRO_050;provenance_autres_champs;metadonnee;;2026-10-08
PRO_050;source_url;metadonnee;;2026-10-08
PRO_050;source_consultee_le;metadonnee;;2026-10-08
PRO_050;relation_equipe_general;simule;;2026-10-08
PRO_050;acceleration;fc27_futwiz;https://www.futwiz.com/fc27/player/philipp-forster/8794;2026-10-08
PRO_050;vitesse_de_pointe;fc27_futwiz;https://www.futwiz.com/fc27/player/philipp-forster/8794;2026-10-08
PRO_050;note_vitesse;fc27_futwiz;https://www.futwiz.com/fc27/player/philipp-forster/8794;2026-10-08
PRO_050;placement_offensif;fc27_futwiz;https://www.futwiz.com/fc27/player/philipp-forster/8794;2026-10-08
PRO_050;finition;fc27_futwiz;https://www.futwiz.com/fc27/player/philipp-forster/8794;2026-10-08
PRO_050;puissance_de_tir;fc27_futwiz;https://www.futwiz.com/fc27/player/philipp-forster/8794;2026-10-08
PRO_050;tir_de_loin;fc27_futwiz;https://www.futwiz.com/fc27/player/philipp-forster/8794;2026-10-08
PRO_050;volee;fc27_futwiz;https://www.futwiz.com/fc27/player/philipp-forster/8794;2026-10-08
PRO_050;penalty;fc27_futwiz;https://www.futwiz.com/fc27/player/philipp-forster/8794;2026-10-08
PRO_050;note_frappe;fc27_futwiz;https://www.futwiz.com/fc27/player/philipp-forster/8794;2026-10-08
PRO_050;vista;fc27_futwiz;https://www.futwiz.com/fc27/player/philipp-forster/8794;2026-10-08
PRO_050;centre;fc27_futwiz;https://www.futwiz.com/fc27/player/philipp-forster/8794;2026-10-08
PRO_050;precision_coup_franc;fc27_futwiz;https://www.futwiz.com/fc27/player/philipp-forster/8794;2026-10-08
PRO_050;passe_courte;fc27_futwiz;https://www.futwiz.com/fc27/player/philipp-forster/8794;2026-10-08
PRO_050;passe_longue;fc27_futwiz;https://www.futwiz.com/fc27/player/philipp-forster/8794;2026-10-08
PRO_050;effet;fc27_futwiz;https://www.futwiz.com/fc27/player/philipp-forster/8794;2026-10-08
PRO_050;note_passe;fc27_futwiz;https://www.futwiz.com/fc27/player/philipp-forster/8794;2026-10-08
PRO_050;agilite;fc27_futwiz;https://www.futwiz.com/fc27/player/philipp-forster/8794;2026-10-08
PRO_050;equilibre;fc27_futwiz;https://www.futwiz.com/fc27/player/philipp-forster/8794;2026-10-08
PRO_050;reactivite;fc27_futwiz;https://www.futwiz.com/fc27/player/philipp-forster/8794;2026-10-08
PRO_050;conduite_de_balle;fc27_futwiz;https://www.futwiz.com/fc27/player/philipp-forster/8794;2026-10-08
PRO_050;dribble;fc27_futwiz;https://www.futwiz.com/fc27/player/philipp-forster/8794;2026-10-08
PRO_050;calme;fc27_futwiz;https://www.futwiz.com/fc27/player/philipp-forster/8794;2026-10-08
PRO_050;note_dribble;fc27_futwiz;https://www.futwiz.com/fc27/player/philipp-forster/8794;2026-10-08
PRO_050;interception;fc27_futwiz;https://www.futwiz.com/fc27/player/philipp-forster/8794;2026-10-08
PRO_050;precision_de_la_tete;fc27_futwiz;https://www.futwiz.com/fc27/player/philipp-forster/8794;2026-10-08
PRO_050;lucidite_defensive;fc27_futwiz;https://www.futwiz.com/fc27/player/philipp-forster/8794;2026-10-08
PRO_050;tacle_debout;fc27_futwiz;https://www.futwiz.com/fc27/player/philipp-forster/8794;2026-10-08
PRO_050;tacle_glisse;fc27_futwiz;https://www.futwiz.com/fc27/player/philipp-forster/8794;2026-10-08
PRO_050;note_defense;fc27_futwiz;https://www.futwiz.com/fc27/player/philipp-forster/8794;2026-10-08
PRO_050;detente;fc27_futwiz;https://www.futwiz.com/fc27/player/philipp-forster/8794;2026-10-08
PRO_050;endurance;fc27_futwiz;https://www.futwiz.com/fc27/player/philipp-forster/8794;2026-10-08
PRO_050;force;fc27_futwiz;https://www.futwiz.com/fc27/player/philipp-forster/8794;2026-10-08
PRO_050;agressivite;fc27_futwiz;https://www.futwiz.com/fc27/player/philipp-forster/8794;2026-10-08
PRO_050;note_physique;fc27_futwiz;https://www.futwiz.com/fc27/player/philipp-forster/8794;2026-10-08
PRO_050;gardien_plongeon;non_applicable;;2026-10-08
PRO_050;gardien_prise_de_balle;non_applicable;;2026-10-08
PRO_050;gardien_jeu_au_pied;non_applicable;;2026-10-08
PRO_050;gardien_reflexes;non_applicable;;2026-10-08
PRO_050;gardien_sorties;non_applicable;;2026-10-08
PRO_050;gardien_placement;non_applicable;;2026-10-08
PRO_050;nom_fc27;fc27_futwiz;https://www.futwiz.com/fc27/player/philipp-forster/8794;2026-10-08
PRO_050;note_generale_fc27;fc27_futwiz;https://www.futwiz.com/fc27/player/philipp-forster/8794;2026-10-08
PRO_050;poste_fc27;fc27_futwiz;https://www.futwiz.com/fc27/player/philipp-forster/8794;2026-10-08
PRO_050;groupe_poste_fc27;derive_fc27;https://www.futwiz.com/fc27/player/philipp-forster/8794;2026-10-08
PRO_050;fc27_url;metadonnee;;2026-10-08
PRO_050;fc27_id_fiche;metadonnee;;2026-10-08
PRO_050;fc27_version_carte;metadonnee;;2026-10-08
PRO_050;playstyles_fc27_observes;fc27_futwiz;https://www.futwiz.com/fc27/player/philipp-forster/8794;2026-10-08
PRO_050;gardien_vitesse;non_applicable;;2026-10-08
PRO_050;statut_import_fc27;metadonnee;;2026-10-08
PRO_050;provenance_biometrie;metadonnee;;2026-10-08
PRO_050;provenance_pied_fort;metadonnee;;2026-10-08
PRO_050;provenance_attributs;metadonnee;;2026-10-08
PRO_050;provenance_notes_groupes;metadonnee;;2026-10-08
PRO_050;provenance_scenario;metadonnee;;2026-10-08
PRO_051;joueur_id;metadonnee;;2026-10-08
PRO_051;nom;fc27_futwiz;https://www.futwiz.com/fc27/player/joshua-bitter/8793;2026-10-08
PRO_051;type_joueur;metadonnee;;2026-10-08
PRO_051;club;non_disponible;;2026-10-08
PRO_051;groupe_poste;derive_fc27;https://www.futwiz.com/fc27/player/joshua-bitter/8793;2026-10-08
PRO_051;gardien;fc27_futwiz;https://www.futwiz.com/fc27/player/joshua-bitter/8793;2026-10-08
PRO_051;date_reference;metadonnee;;2026-10-08
PRO_051;date_naissance_simulee;simule;;2026-10-08
PRO_051;age;simule;;2026-10-08
PRO_051;taille_cm;simule;;2026-10-08
PRO_051;poids_kg;simule;;2026-10-08
PRO_051;pied_fort;fc27_futwiz;https://www.futwiz.com/fc27/player/joshua-bitter/8793;2026-10-08
PRO_051;personnalite_tags;simule;;2026-10-08
PRO_051;specialite_tags;simule;;2026-10-08
PRO_051;langues_parlees;simule;;2026-10-08
PRO_051;relation_equipe_score;simule;;2026-10-08
PRO_051;satisfaction_score;simule;;2026-10-08
PRO_051;satisfaction_motif;simule;;2026-10-08
PRO_051;fatigue_score;simule;;2026-10-08
PRO_051;sante_score;simule;;2026-10-08
PRO_051;statut_sante;simule;;2026-10-08
PRO_051;indicateur_sante;simule;;2026-10-08
PRO_051;disponibilite;simule;;2026-10-08
PRO_051;retour_prevu;simule;;2026-10-08
PRO_051;nb_blessures_12_mois;simule;;2026-10-08
PRO_051;affinites_positives_ids;simule;;2026-10-08
PRO_051;affinites_negatives_ids;simule;;2026-10-08
PRO_051;provenance_identite;metadonnee;;2026-10-08
PRO_051;provenance_groupe_poste;metadonnee;;2026-10-08
PRO_051;provenance_autres_champs;metadonnee;;2026-10-08
PRO_051;source_url;metadonnee;;2026-10-08
PRO_051;source_consultee_le;metadonnee;;2026-10-08
PRO_051;relation_equipe_general;simule;;2026-10-08
PRO_051;acceleration;fc27_futwiz;https://www.futwiz.com/fc27/player/joshua-bitter/8793;2026-10-08
PRO_051;vitesse_de_pointe;fc27_futwiz;https://www.futwiz.com/fc27/player/joshua-bitter/8793;2026-10-08
PRO_051;note_vitesse;fc27_futwiz;https://www.futwiz.com/fc27/player/joshua-bitter/8793;2026-10-08
PRO_051;placement_offensif;fc27_futwiz;https://www.futwiz.com/fc27/player/joshua-bitter/8793;2026-10-08
PRO_051;finition;fc27_futwiz;https://www.futwiz.com/fc27/player/joshua-bitter/8793;2026-10-08
PRO_051;puissance_de_tir;fc27_futwiz;https://www.futwiz.com/fc27/player/joshua-bitter/8793;2026-10-08
PRO_051;tir_de_loin;fc27_futwiz;https://www.futwiz.com/fc27/player/joshua-bitter/8793;2026-10-08
PRO_051;volee;fc27_futwiz;https://www.futwiz.com/fc27/player/joshua-bitter/8793;2026-10-08
PRO_051;penalty;fc27_futwiz;https://www.futwiz.com/fc27/player/joshua-bitter/8793;2026-10-08
PRO_051;note_frappe;fc27_futwiz;https://www.futwiz.com/fc27/player/joshua-bitter/8793;2026-10-08
PRO_051;vista;fc27_futwiz;https://www.futwiz.com/fc27/player/joshua-bitter/8793;2026-10-08
PRO_051;centre;fc27_futwiz;https://www.futwiz.com/fc27/player/joshua-bitter/8793;2026-10-08
PRO_051;precision_coup_franc;fc27_futwiz;https://www.futwiz.com/fc27/player/joshua-bitter/8793;2026-10-08
PRO_051;passe_courte;fc27_futwiz;https://www.futwiz.com/fc27/player/joshua-bitter/8793;2026-10-08
PRO_051;passe_longue;fc27_futwiz;https://www.futwiz.com/fc27/player/joshua-bitter/8793;2026-10-08
PRO_051;effet;fc27_futwiz;https://www.futwiz.com/fc27/player/joshua-bitter/8793;2026-10-08
PRO_051;note_passe;fc27_futwiz;https://www.futwiz.com/fc27/player/joshua-bitter/8793;2026-10-08
PRO_051;agilite;fc27_futwiz;https://www.futwiz.com/fc27/player/joshua-bitter/8793;2026-10-08
PRO_051;equilibre;fc27_futwiz;https://www.futwiz.com/fc27/player/joshua-bitter/8793;2026-10-08
PRO_051;reactivite;fc27_futwiz;https://www.futwiz.com/fc27/player/joshua-bitter/8793;2026-10-08
PRO_051;conduite_de_balle;fc27_futwiz;https://www.futwiz.com/fc27/player/joshua-bitter/8793;2026-10-08
PRO_051;dribble;fc27_futwiz;https://www.futwiz.com/fc27/player/joshua-bitter/8793;2026-10-08
PRO_051;calme;fc27_futwiz;https://www.futwiz.com/fc27/player/joshua-bitter/8793;2026-10-08
PRO_051;note_dribble;fc27_futwiz;https://www.futwiz.com/fc27/player/joshua-bitter/8793;2026-10-08
PRO_051;interception;fc27_futwiz;https://www.futwiz.com/fc27/player/joshua-bitter/8793;2026-10-08
PRO_051;precision_de_la_tete;fc27_futwiz;https://www.futwiz.com/fc27/player/joshua-bitter/8793;2026-10-08
PRO_051;lucidite_defensive;fc27_futwiz;https://www.futwiz.com/fc27/player/joshua-bitter/8793;2026-10-08
PRO_051;tacle_debout;fc27_futwiz;https://www.futwiz.com/fc27/player/joshua-bitter/8793;2026-10-08
PRO_051;tacle_glisse;fc27_futwiz;https://www.futwiz.com/fc27/player/joshua-bitter/8793;2026-10-08
PRO_051;note_defense;fc27_futwiz;https://www.futwiz.com/fc27/player/joshua-bitter/8793;2026-10-08
PRO_051;detente;fc27_futwiz;https://www.futwiz.com/fc27/player/joshua-bitter/8793;2026-10-08
PRO_051;endurance;fc27_futwiz;https://www.futwiz.com/fc27/player/joshua-bitter/8793;2026-10-08
PRO_051;force;fc27_futwiz;https://www.futwiz.com/fc27/player/joshua-bitter/8793;2026-10-08
PRO_051;agressivite;fc27_futwiz;https://www.futwiz.com/fc27/player/joshua-bitter/8793;2026-10-08
PRO_051;note_physique;fc27_futwiz;https://www.futwiz.com/fc27/player/joshua-bitter/8793;2026-10-08
PRO_051;gardien_plongeon;non_applicable;;2026-10-08
PRO_051;gardien_prise_de_balle;non_applicable;;2026-10-08
PRO_051;gardien_jeu_au_pied;non_applicable;;2026-10-08
PRO_051;gardien_reflexes;non_applicable;;2026-10-08
PRO_051;gardien_sorties;non_applicable;;2026-10-08
PRO_051;gardien_placement;non_applicable;;2026-10-08
PRO_051;nom_fc27;fc27_futwiz;https://www.futwiz.com/fc27/player/joshua-bitter/8793;2026-10-08
PRO_051;note_generale_fc27;fc27_futwiz;https://www.futwiz.com/fc27/player/joshua-bitter/8793;2026-10-08
PRO_051;poste_fc27;fc27_futwiz;https://www.futwiz.com/fc27/player/joshua-bitter/8793;2026-10-08
PRO_051;groupe_poste_fc27;derive_fc27;https://www.futwiz.com/fc27/player/joshua-bitter/8793;2026-10-08
PRO_051;fc27_url;metadonnee;;2026-10-08
PRO_051;fc27_id_fiche;metadonnee;;2026-10-08
PRO_051;fc27_version_carte;metadonnee;;2026-10-08
PRO_051;playstyles_fc27_observes;fc27_futwiz;https://www.futwiz.com/fc27/player/joshua-bitter/8793;2026-10-08
PRO_051;gardien_vitesse;non_applicable;;2026-10-08
PRO_051;statut_import_fc27;metadonnee;;2026-10-08
PRO_051;provenance_biometrie;metadonnee;;2026-10-08
PRO_051;provenance_pied_fort;metadonnee;;2026-10-08
PRO_051;provenance_attributs;metadonnee;;2026-10-08
PRO_051;provenance_notes_groupes;metadonnee;;2026-10-08
PRO_051;provenance_scenario;metadonnee;;2026-10-08
PRO_052;joueur_id;metadonnee;;2026-10-08
PRO_052;nom;fc27_futwiz;https://www.futwiz.com/fc27/player/joshua-mees/8792;2026-10-08
PRO_052;type_joueur;metadonnee;;2026-10-08
PRO_052;club;non_disponible;;2026-10-08
PRO_052;groupe_poste;derive_fc27;https://www.futwiz.com/fc27/player/joshua-mees/8792;2026-10-08
PRO_052;gardien;fc27_futwiz;https://www.futwiz.com/fc27/player/joshua-mees/8792;2026-10-08
PRO_052;date_reference;metadonnee;;2026-10-08
PRO_052;date_naissance_simulee;simule;;2026-10-08
PRO_052;age;simule;;2026-10-08
PRO_052;taille_cm;simule;;2026-10-08
PRO_052;poids_kg;simule;;2026-10-08
PRO_052;pied_fort;fc27_futwiz;https://www.futwiz.com/fc27/player/joshua-mees/8792;2026-10-08
PRO_052;personnalite_tags;simule;;2026-10-08
PRO_052;specialite_tags;simule;;2026-10-08
PRO_052;langues_parlees;simule;;2026-10-08
PRO_052;relation_equipe_score;simule;;2026-10-08
PRO_052;satisfaction_score;simule;;2026-10-08
PRO_052;satisfaction_motif;simule;;2026-10-08
PRO_052;fatigue_score;simule;;2026-10-08
PRO_052;sante_score;simule;;2026-10-08
PRO_052;statut_sante;simule;;2026-10-08
PRO_052;indicateur_sante;simule;;2026-10-08
PRO_052;disponibilite;simule;;2026-10-08
PRO_052;retour_prevu;non_disponible;;2026-10-08
PRO_052;nb_blessures_12_mois;simule;;2026-10-08
PRO_052;affinites_positives_ids;simule;;2026-10-08
PRO_052;affinites_negatives_ids;simule;;2026-10-08
PRO_052;provenance_identite;metadonnee;;2026-10-08
PRO_052;provenance_groupe_poste;metadonnee;;2026-10-08
PRO_052;provenance_autres_champs;metadonnee;;2026-10-08
PRO_052;source_url;metadonnee;;2026-10-08
PRO_052;source_consultee_le;metadonnee;;2026-10-08
PRO_052;relation_equipe_general;simule;;2026-10-08
PRO_052;acceleration;fc27_futwiz;https://www.futwiz.com/fc27/player/joshua-mees/8792;2026-10-08
PRO_052;vitesse_de_pointe;fc27_futwiz;https://www.futwiz.com/fc27/player/joshua-mees/8792;2026-10-08
PRO_052;note_vitesse;fc27_futwiz;https://www.futwiz.com/fc27/player/joshua-mees/8792;2026-10-08
PRO_052;placement_offensif;fc27_futwiz;https://www.futwiz.com/fc27/player/joshua-mees/8792;2026-10-08
PRO_052;finition;fc27_futwiz;https://www.futwiz.com/fc27/player/joshua-mees/8792;2026-10-08
PRO_052;puissance_de_tir;fc27_futwiz;https://www.futwiz.com/fc27/player/joshua-mees/8792;2026-10-08
PRO_052;tir_de_loin;fc27_futwiz;https://www.futwiz.com/fc27/player/joshua-mees/8792;2026-10-08
PRO_052;volee;fc27_futwiz;https://www.futwiz.com/fc27/player/joshua-mees/8792;2026-10-08
PRO_052;penalty;fc27_futwiz;https://www.futwiz.com/fc27/player/joshua-mees/8792;2026-10-08
PRO_052;note_frappe;fc27_futwiz;https://www.futwiz.com/fc27/player/joshua-mees/8792;2026-10-08
PRO_052;vista;fc27_futwiz;https://www.futwiz.com/fc27/player/joshua-mees/8792;2026-10-08
PRO_052;centre;fc27_futwiz;https://www.futwiz.com/fc27/player/joshua-mees/8792;2026-10-08
PRO_052;precision_coup_franc;fc27_futwiz;https://www.futwiz.com/fc27/player/joshua-mees/8792;2026-10-08
PRO_052;passe_courte;fc27_futwiz;https://www.futwiz.com/fc27/player/joshua-mees/8792;2026-10-08
PRO_052;passe_longue;fc27_futwiz;https://www.futwiz.com/fc27/player/joshua-mees/8792;2026-10-08
PRO_052;effet;fc27_futwiz;https://www.futwiz.com/fc27/player/joshua-mees/8792;2026-10-08
PRO_052;note_passe;fc27_futwiz;https://www.futwiz.com/fc27/player/joshua-mees/8792;2026-10-08
PRO_052;agilite;fc27_futwiz;https://www.futwiz.com/fc27/player/joshua-mees/8792;2026-10-08
PRO_052;equilibre;fc27_futwiz;https://www.futwiz.com/fc27/player/joshua-mees/8792;2026-10-08
PRO_052;reactivite;fc27_futwiz;https://www.futwiz.com/fc27/player/joshua-mees/8792;2026-10-08
PRO_052;conduite_de_balle;fc27_futwiz;https://www.futwiz.com/fc27/player/joshua-mees/8792;2026-10-08
PRO_052;dribble;fc27_futwiz;https://www.futwiz.com/fc27/player/joshua-mees/8792;2026-10-08
PRO_052;calme;fc27_futwiz;https://www.futwiz.com/fc27/player/joshua-mees/8792;2026-10-08
PRO_052;note_dribble;fc27_futwiz;https://www.futwiz.com/fc27/player/joshua-mees/8792;2026-10-08
PRO_052;interception;fc27_futwiz;https://www.futwiz.com/fc27/player/joshua-mees/8792;2026-10-08
PRO_052;precision_de_la_tete;fc27_futwiz;https://www.futwiz.com/fc27/player/joshua-mees/8792;2026-10-08
PRO_052;lucidite_defensive;fc27_futwiz;https://www.futwiz.com/fc27/player/joshua-mees/8792;2026-10-08
PRO_052;tacle_debout;fc27_futwiz;https://www.futwiz.com/fc27/player/joshua-mees/8792;2026-10-08
PRO_052;tacle_glisse;fc27_futwiz;https://www.futwiz.com/fc27/player/joshua-mees/8792;2026-10-08
PRO_052;note_defense;fc27_futwiz;https://www.futwiz.com/fc27/player/joshua-mees/8792;2026-10-08
PRO_052;detente;fc27_futwiz;https://www.futwiz.com/fc27/player/joshua-mees/8792;2026-10-08
PRO_052;endurance;fc27_futwiz;https://www.futwiz.com/fc27/player/joshua-mees/8792;2026-10-08
PRO_052;force;fc27_futwiz;https://www.futwiz.com/fc27/player/joshua-mees/8792;2026-10-08
PRO_052;agressivite;fc27_futwiz;https://www.futwiz.com/fc27/player/joshua-mees/8792;2026-10-08
PRO_052;note_physique;fc27_futwiz;https://www.futwiz.com/fc27/player/joshua-mees/8792;2026-10-08
PRO_052;gardien_plongeon;non_applicable;;2026-10-08
PRO_052;gardien_prise_de_balle;non_applicable;;2026-10-08
PRO_052;gardien_jeu_au_pied;non_applicable;;2026-10-08
PRO_052;gardien_reflexes;non_applicable;;2026-10-08
PRO_052;gardien_sorties;non_applicable;;2026-10-08
PRO_052;gardien_placement;non_applicable;;2026-10-08
PRO_052;nom_fc27;fc27_futwiz;https://www.futwiz.com/fc27/player/joshua-mees/8792;2026-10-08
PRO_052;note_generale_fc27;fc27_futwiz;https://www.futwiz.com/fc27/player/joshua-mees/8792;2026-10-08
PRO_052;poste_fc27;fc27_futwiz;https://www.futwiz.com/fc27/player/joshua-mees/8792;2026-10-08
PRO_052;groupe_poste_fc27;derive_fc27;https://www.futwiz.com/fc27/player/joshua-mees/8792;2026-10-08
PRO_052;fc27_url;metadonnee;;2026-10-08
PRO_052;fc27_id_fiche;metadonnee;;2026-10-08
PRO_052;fc27_version_carte;metadonnee;;2026-10-08
PRO_052;playstyles_fc27_observes;fc27_futwiz;https://www.futwiz.com/fc27/player/joshua-mees/8792;2026-10-08
PRO_052;gardien_vitesse;non_applicable;;2026-10-08
PRO_052;statut_import_fc27;metadonnee;;2026-10-08
PRO_052;provenance_biometrie;metadonnee;;2026-10-08
PRO_052;provenance_pied_fort;metadonnee;;2026-10-08
PRO_052;provenance_attributs;metadonnee;;2026-10-08
PRO_052;provenance_notes_groupes;metadonnee;;2026-10-08
PRO_052;provenance_scenario;metadonnee;;2026-10-08
PRO_053;joueur_id;metadonnee;;2026-10-08
PRO_053;nom;fc27_futwiz;https://www.futwiz.com/fc27/player/matthias-zimmermann/8791;2026-10-08
PRO_053;type_joueur;metadonnee;;2026-10-08
PRO_053;club;non_disponible;;2026-10-08
PRO_053;groupe_poste;derive_fc27;https://www.futwiz.com/fc27/player/matthias-zimmermann/8791;2026-10-08
PRO_053;gardien;fc27_futwiz;https://www.futwiz.com/fc27/player/matthias-zimmermann/8791;2026-10-08
PRO_053;date_reference;metadonnee;;2026-10-08
PRO_053;date_naissance_simulee;simule;;2026-10-08
PRO_053;age;simule;;2026-10-08
PRO_053;taille_cm;simule;;2026-10-08
PRO_053;poids_kg;simule;;2026-10-08
PRO_053;pied_fort;fc27_futwiz;https://www.futwiz.com/fc27/player/matthias-zimmermann/8791;2026-10-08
PRO_053;personnalite_tags;simule;;2026-10-08
PRO_053;specialite_tags;simule;;2026-10-08
PRO_053;langues_parlees;simule;;2026-10-08
PRO_053;relation_equipe_score;simule;;2026-10-08
PRO_053;satisfaction_score;simule;;2026-10-08
PRO_053;satisfaction_motif;simule;;2026-10-08
PRO_053;fatigue_score;simule;;2026-10-08
PRO_053;sante_score;simule;;2026-10-08
PRO_053;statut_sante;simule;;2026-10-08
PRO_053;indicateur_sante;simule;;2026-10-08
PRO_053;disponibilite;simule;;2026-10-08
PRO_053;retour_prevu;non_disponible;;2026-10-08
PRO_053;nb_blessures_12_mois;simule;;2026-10-08
PRO_053;affinites_positives_ids;simule;;2026-10-08
PRO_053;affinites_negatives_ids;simule;;2026-10-08
PRO_053;provenance_identite;metadonnee;;2026-10-08
PRO_053;provenance_groupe_poste;metadonnee;;2026-10-08
PRO_053;provenance_autres_champs;metadonnee;;2026-10-08
PRO_053;source_url;metadonnee;;2026-10-08
PRO_053;source_consultee_le;metadonnee;;2026-10-08
PRO_053;relation_equipe_general;simule;;2026-10-08
PRO_053;acceleration;fc27_futwiz;https://www.futwiz.com/fc27/player/matthias-zimmermann/8791;2026-10-08
PRO_053;vitesse_de_pointe;fc27_futwiz;https://www.futwiz.com/fc27/player/matthias-zimmermann/8791;2026-10-08
PRO_053;note_vitesse;fc27_futwiz;https://www.futwiz.com/fc27/player/matthias-zimmermann/8791;2026-10-08
PRO_053;placement_offensif;fc27_futwiz;https://www.futwiz.com/fc27/player/matthias-zimmermann/8791;2026-10-08
PRO_053;finition;fc27_futwiz;https://www.futwiz.com/fc27/player/matthias-zimmermann/8791;2026-10-08
PRO_053;puissance_de_tir;fc27_futwiz;https://www.futwiz.com/fc27/player/matthias-zimmermann/8791;2026-10-08
PRO_053;tir_de_loin;fc27_futwiz;https://www.futwiz.com/fc27/player/matthias-zimmermann/8791;2026-10-08
PRO_053;volee;fc27_futwiz;https://www.futwiz.com/fc27/player/matthias-zimmermann/8791;2026-10-08
PRO_053;penalty;fc27_futwiz;https://www.futwiz.com/fc27/player/matthias-zimmermann/8791;2026-10-08
PRO_053;note_frappe;fc27_futwiz;https://www.futwiz.com/fc27/player/matthias-zimmermann/8791;2026-10-08
PRO_053;vista;fc27_futwiz;https://www.futwiz.com/fc27/player/matthias-zimmermann/8791;2026-10-08
PRO_053;centre;fc27_futwiz;https://www.futwiz.com/fc27/player/matthias-zimmermann/8791;2026-10-08
PRO_053;precision_coup_franc;fc27_futwiz;https://www.futwiz.com/fc27/player/matthias-zimmermann/8791;2026-10-08
PRO_053;passe_courte;fc27_futwiz;https://www.futwiz.com/fc27/player/matthias-zimmermann/8791;2026-10-08
PRO_053;passe_longue;fc27_futwiz;https://www.futwiz.com/fc27/player/matthias-zimmermann/8791;2026-10-08
PRO_053;effet;fc27_futwiz;https://www.futwiz.com/fc27/player/matthias-zimmermann/8791;2026-10-08
PRO_053;note_passe;fc27_futwiz;https://www.futwiz.com/fc27/player/matthias-zimmermann/8791;2026-10-08
PRO_053;agilite;fc27_futwiz;https://www.futwiz.com/fc27/player/matthias-zimmermann/8791;2026-10-08
PRO_053;equilibre;fc27_futwiz;https://www.futwiz.com/fc27/player/matthias-zimmermann/8791;2026-10-08
PRO_053;reactivite;fc27_futwiz;https://www.futwiz.com/fc27/player/matthias-zimmermann/8791;2026-10-08
PRO_053;conduite_de_balle;fc27_futwiz;https://www.futwiz.com/fc27/player/matthias-zimmermann/8791;2026-10-08
PRO_053;dribble;fc27_futwiz;https://www.futwiz.com/fc27/player/matthias-zimmermann/8791;2026-10-08
PRO_053;calme;fc27_futwiz;https://www.futwiz.com/fc27/player/matthias-zimmermann/8791;2026-10-08
PRO_053;note_dribble;fc27_futwiz;https://www.futwiz.com/fc27/player/matthias-zimmermann/8791;2026-10-08
PRO_053;interception;fc27_futwiz;https://www.futwiz.com/fc27/player/matthias-zimmermann/8791;2026-10-08
PRO_053;precision_de_la_tete;fc27_futwiz;https://www.futwiz.com/fc27/player/matthias-zimmermann/8791;2026-10-08
PRO_053;lucidite_defensive;fc27_futwiz;https://www.futwiz.com/fc27/player/matthias-zimmermann/8791;2026-10-08
PRO_053;tacle_debout;fc27_futwiz;https://www.futwiz.com/fc27/player/matthias-zimmermann/8791;2026-10-08
PRO_053;tacle_glisse;fc27_futwiz;https://www.futwiz.com/fc27/player/matthias-zimmermann/8791;2026-10-08
PRO_053;note_defense;fc27_futwiz;https://www.futwiz.com/fc27/player/matthias-zimmermann/8791;2026-10-08
PRO_053;detente;fc27_futwiz;https://www.futwiz.com/fc27/player/matthias-zimmermann/8791;2026-10-08
PRO_053;endurance;fc27_futwiz;https://www.futwiz.com/fc27/player/matthias-zimmermann/8791;2026-10-08
PRO_053;force;fc27_futwiz;https://www.futwiz.com/fc27/player/matthias-zimmermann/8791;2026-10-08
PRO_053;agressivite;fc27_futwiz;https://www.futwiz.com/fc27/player/matthias-zimmermann/8791;2026-10-08
PRO_053;note_physique;fc27_futwiz;https://www.futwiz.com/fc27/player/matthias-zimmermann/8791;2026-10-08
PRO_053;gardien_plongeon;non_applicable;;2026-10-08
PRO_053;gardien_prise_de_balle;non_applicable;;2026-10-08
PRO_053;gardien_jeu_au_pied;non_applicable;;2026-10-08
PRO_053;gardien_reflexes;non_applicable;;2026-10-08
PRO_053;gardien_sorties;non_applicable;;2026-10-08
PRO_053;gardien_placement;non_applicable;;2026-10-08
PRO_053;nom_fc27;fc27_futwiz;https://www.futwiz.com/fc27/player/matthias-zimmermann/8791;2026-10-08
PRO_053;note_generale_fc27;fc27_futwiz;https://www.futwiz.com/fc27/player/matthias-zimmermann/8791;2026-10-08
PRO_053;poste_fc27;fc27_futwiz;https://www.futwiz.com/fc27/player/matthias-zimmermann/8791;2026-10-08
PRO_053;groupe_poste_fc27;derive_fc27;https://www.futwiz.com/fc27/player/matthias-zimmermann/8791;2026-10-08
PRO_053;fc27_url;metadonnee;;2026-10-08
PRO_053;fc27_id_fiche;metadonnee;;2026-10-08
PRO_053;fc27_version_carte;metadonnee;;2026-10-08
PRO_053;playstyles_fc27_observes;fc27_futwiz;https://www.futwiz.com/fc27/player/matthias-zimmermann/8791;2026-10-08
PRO_053;gardien_vitesse;non_applicable;;2026-10-08
PRO_053;statut_import_fc27;metadonnee;;2026-10-08
PRO_053;provenance_biometrie;metadonnee;;2026-10-08
PRO_053;provenance_pied_fort;metadonnee;;2026-10-08
PRO_053;provenance_attributs;metadonnee;;2026-10-08
PRO_053;provenance_notes_groupes;metadonnee;;2026-10-08
PRO_053;provenance_scenario;metadonnee;;2026-10-08
PRO_054;joueur_id;metadonnee;;2026-10-08
PRO_054;nom;fc27_futwiz;https://www.futwiz.com/fc27/player/dawhan/8790;2026-10-08
PRO_054;type_joueur;metadonnee;;2026-10-08
PRO_054;club;non_disponible;;2026-10-08
PRO_054;groupe_poste;derive_fc27;https://www.futwiz.com/fc27/player/dawhan/8790;2026-10-08
PRO_054;gardien;fc27_futwiz;https://www.futwiz.com/fc27/player/dawhan/8790;2026-10-08
PRO_054;date_reference;metadonnee;;2026-10-08
PRO_054;date_naissance_simulee;simule;;2026-10-08
PRO_054;age;simule;;2026-10-08
PRO_054;taille_cm;simule;;2026-10-08
PRO_054;poids_kg;simule;;2026-10-08
PRO_054;pied_fort;fc27_futwiz;https://www.futwiz.com/fc27/player/dawhan/8790;2026-10-08
PRO_054;personnalite_tags;simule;;2026-10-08
PRO_054;specialite_tags;simule;;2026-10-08
PRO_054;langues_parlees;simule;;2026-10-08
PRO_054;relation_equipe_score;simule;;2026-10-08
PRO_054;satisfaction_score;simule;;2026-10-08
PRO_054;satisfaction_motif;simule;;2026-10-08
PRO_054;fatigue_score;simule;;2026-10-08
PRO_054;sante_score;simule;;2026-10-08
PRO_054;statut_sante;simule;;2026-10-08
PRO_054;indicateur_sante;simule;;2026-10-08
PRO_054;disponibilite;simule;;2026-10-08
PRO_054;retour_prevu;non_disponible;;2026-10-08
PRO_054;nb_blessures_12_mois;simule;;2026-10-08
PRO_054;affinites_positives_ids;simule;;2026-10-08
PRO_054;affinites_negatives_ids;simule;;2026-10-08
PRO_054;provenance_identite;metadonnee;;2026-10-08
PRO_054;provenance_groupe_poste;metadonnee;;2026-10-08
PRO_054;provenance_autres_champs;metadonnee;;2026-10-08
PRO_054;source_url;metadonnee;;2026-10-08
PRO_054;source_consultee_le;metadonnee;;2026-10-08
PRO_054;relation_equipe_general;simule;;2026-10-08
PRO_054;acceleration;fc27_futwiz;https://www.futwiz.com/fc27/player/dawhan/8790;2026-10-08
PRO_054;vitesse_de_pointe;fc27_futwiz;https://www.futwiz.com/fc27/player/dawhan/8790;2026-10-08
PRO_054;note_vitesse;fc27_futwiz;https://www.futwiz.com/fc27/player/dawhan/8790;2026-10-08
PRO_054;placement_offensif;fc27_futwiz;https://www.futwiz.com/fc27/player/dawhan/8790;2026-10-08
PRO_054;finition;fc27_futwiz;https://www.futwiz.com/fc27/player/dawhan/8790;2026-10-08
PRO_054;puissance_de_tir;fc27_futwiz;https://www.futwiz.com/fc27/player/dawhan/8790;2026-10-08
PRO_054;tir_de_loin;fc27_futwiz;https://www.futwiz.com/fc27/player/dawhan/8790;2026-10-08
PRO_054;volee;fc27_futwiz;https://www.futwiz.com/fc27/player/dawhan/8790;2026-10-08
PRO_054;penalty;fc27_futwiz;https://www.futwiz.com/fc27/player/dawhan/8790;2026-10-08
PRO_054;note_frappe;fc27_futwiz;https://www.futwiz.com/fc27/player/dawhan/8790;2026-10-08
PRO_054;vista;fc27_futwiz;https://www.futwiz.com/fc27/player/dawhan/8790;2026-10-08
PRO_054;centre;fc27_futwiz;https://www.futwiz.com/fc27/player/dawhan/8790;2026-10-08
PRO_054;precision_coup_franc;fc27_futwiz;https://www.futwiz.com/fc27/player/dawhan/8790;2026-10-08
PRO_054;passe_courte;fc27_futwiz;https://www.futwiz.com/fc27/player/dawhan/8790;2026-10-08
PRO_054;passe_longue;fc27_futwiz;https://www.futwiz.com/fc27/player/dawhan/8790;2026-10-08
PRO_054;effet;fc27_futwiz;https://www.futwiz.com/fc27/player/dawhan/8790;2026-10-08
PRO_054;note_passe;fc27_futwiz;https://www.futwiz.com/fc27/player/dawhan/8790;2026-10-08
PRO_054;agilite;fc27_futwiz;https://www.futwiz.com/fc27/player/dawhan/8790;2026-10-08
PRO_054;equilibre;fc27_futwiz;https://www.futwiz.com/fc27/player/dawhan/8790;2026-10-08
PRO_054;reactivite;fc27_futwiz;https://www.futwiz.com/fc27/player/dawhan/8790;2026-10-08
PRO_054;conduite_de_balle;fc27_futwiz;https://www.futwiz.com/fc27/player/dawhan/8790;2026-10-08
PRO_054;dribble;fc27_futwiz;https://www.futwiz.com/fc27/player/dawhan/8790;2026-10-08
PRO_054;calme;fc27_futwiz;https://www.futwiz.com/fc27/player/dawhan/8790;2026-10-08
PRO_054;note_dribble;fc27_futwiz;https://www.futwiz.com/fc27/player/dawhan/8790;2026-10-08
PRO_054;interception;fc27_futwiz;https://www.futwiz.com/fc27/player/dawhan/8790;2026-10-08
PRO_054;precision_de_la_tete;fc27_futwiz;https://www.futwiz.com/fc27/player/dawhan/8790;2026-10-08
PRO_054;lucidite_defensive;fc27_futwiz;https://www.futwiz.com/fc27/player/dawhan/8790;2026-10-08
PRO_054;tacle_debout;fc27_futwiz;https://www.futwiz.com/fc27/player/dawhan/8790;2026-10-08
PRO_054;tacle_glisse;fc27_futwiz;https://www.futwiz.com/fc27/player/dawhan/8790;2026-10-08
PRO_054;note_defense;fc27_futwiz;https://www.futwiz.com/fc27/player/dawhan/8790;2026-10-08
PRO_054;detente;fc27_futwiz;https://www.futwiz.com/fc27/player/dawhan/8790;2026-10-08
PRO_054;endurance;fc27_futwiz;https://www.futwiz.com/fc27/player/dawhan/8790;2026-10-08
PRO_054;force;fc27_futwiz;https://www.futwiz.com/fc27/player/dawhan/8790;2026-10-08
PRO_054;agressivite;fc27_futwiz;https://www.futwiz.com/fc27/player/dawhan/8790;2026-10-08
PRO_054;note_physique;fc27_futwiz;https://www.futwiz.com/fc27/player/dawhan/8790;2026-10-08
PRO_054;gardien_plongeon;non_applicable;;2026-10-08
PRO_054;gardien_prise_de_balle;non_applicable;;2026-10-08
PRO_054;gardien_jeu_au_pied;non_applicable;;2026-10-08
PRO_054;gardien_reflexes;non_applicable;;2026-10-08
PRO_054;gardien_sorties;non_applicable;;2026-10-08
PRO_054;gardien_placement;non_applicable;;2026-10-08
PRO_054;nom_fc27;fc27_futwiz;https://www.futwiz.com/fc27/player/dawhan/8790;2026-10-08
PRO_054;note_generale_fc27;fc27_futwiz;https://www.futwiz.com/fc27/player/dawhan/8790;2026-10-08
PRO_054;poste_fc27;fc27_futwiz;https://www.futwiz.com/fc27/player/dawhan/8790;2026-10-08
PRO_054;groupe_poste_fc27;derive_fc27;https://www.futwiz.com/fc27/player/dawhan/8790;2026-10-08
PRO_054;fc27_url;metadonnee;;2026-10-08
PRO_054;fc27_id_fiche;metadonnee;;2026-10-08
PRO_054;fc27_version_carte;metadonnee;;2026-10-08
PRO_054;playstyles_fc27_observes;fc27_futwiz;https://www.futwiz.com/fc27/player/dawhan/8790;2026-10-08
PRO_054;gardien_vitesse;non_applicable;;2026-10-08
PRO_054;statut_import_fc27;metadonnee;;2026-10-08
PRO_054;provenance_biometrie;metadonnee;;2026-10-08
PRO_054;provenance_pied_fort;metadonnee;;2026-10-08
PRO_054;provenance_attributs;metadonnee;;2026-10-08
PRO_054;provenance_notes_groupes;metadonnee;;2026-10-08
PRO_054;provenance_scenario;metadonnee;;2026-10-08
PRO_055;joueur_id;metadonnee;;2026-10-08
PRO_055;nom;fc27_futwiz;https://www.futwiz.com/fc27/player/lucas-maia/8789;2026-10-08
PRO_055;type_joueur;metadonnee;;2026-10-08
PRO_055;club;non_disponible;;2026-10-08
PRO_055;groupe_poste;derive_fc27;https://www.futwiz.com/fc27/player/lucas-maia/8789;2026-10-08
PRO_055;gardien;fc27_futwiz;https://www.futwiz.com/fc27/player/lucas-maia/8789;2026-10-08
PRO_055;date_reference;metadonnee;;2026-10-08
PRO_055;date_naissance_simulee;simule;;2026-10-08
PRO_055;age;simule;;2026-10-08
PRO_055;taille_cm;simule;;2026-10-08
PRO_055;poids_kg;simule;;2026-10-08
PRO_055;pied_fort;fc27_futwiz;https://www.futwiz.com/fc27/player/lucas-maia/8789;2026-10-08
PRO_055;personnalite_tags;simule;;2026-10-08
PRO_055;specialite_tags;simule;;2026-10-08
PRO_055;langues_parlees;simule;;2026-10-08
PRO_055;relation_equipe_score;simule;;2026-10-08
PRO_055;satisfaction_score;simule;;2026-10-08
PRO_055;satisfaction_motif;simule;;2026-10-08
PRO_055;fatigue_score;simule;;2026-10-08
PRO_055;sante_score;simule;;2026-10-08
PRO_055;statut_sante;simule;;2026-10-08
PRO_055;indicateur_sante;simule;;2026-10-08
PRO_055;disponibilite;simule;;2026-10-08
PRO_055;retour_prevu;non_disponible;;2026-10-08
PRO_055;nb_blessures_12_mois;simule;;2026-10-08
PRO_055;affinites_positives_ids;simule;;2026-10-08
PRO_055;affinites_negatives_ids;simule;;2026-10-08
PRO_055;provenance_identite;metadonnee;;2026-10-08
PRO_055;provenance_groupe_poste;metadonnee;;2026-10-08
PRO_055;provenance_autres_champs;metadonnee;;2026-10-08
PRO_055;source_url;metadonnee;;2026-10-08
PRO_055;source_consultee_le;metadonnee;;2026-10-08
PRO_055;relation_equipe_general;simule;;2026-10-08
PRO_055;acceleration;fc27_futwiz;https://www.futwiz.com/fc27/player/lucas-maia/8789;2026-10-08
PRO_055;vitesse_de_pointe;fc27_futwiz;https://www.futwiz.com/fc27/player/lucas-maia/8789;2026-10-08
PRO_055;note_vitesse;fc27_futwiz;https://www.futwiz.com/fc27/player/lucas-maia/8789;2026-10-08
PRO_055;placement_offensif;fc27_futwiz;https://www.futwiz.com/fc27/player/lucas-maia/8789;2026-10-08
PRO_055;finition;fc27_futwiz;https://www.futwiz.com/fc27/player/lucas-maia/8789;2026-10-08
PRO_055;puissance_de_tir;fc27_futwiz;https://www.futwiz.com/fc27/player/lucas-maia/8789;2026-10-08
PRO_055;tir_de_loin;fc27_futwiz;https://www.futwiz.com/fc27/player/lucas-maia/8789;2026-10-08
PRO_055;volee;fc27_futwiz;https://www.futwiz.com/fc27/player/lucas-maia/8789;2026-10-08
PRO_055;penalty;fc27_futwiz;https://www.futwiz.com/fc27/player/lucas-maia/8789;2026-10-08
PRO_055;note_frappe;fc27_futwiz;https://www.futwiz.com/fc27/player/lucas-maia/8789;2026-10-08
PRO_055;vista;fc27_futwiz;https://www.futwiz.com/fc27/player/lucas-maia/8789;2026-10-08
PRO_055;centre;fc27_futwiz;https://www.futwiz.com/fc27/player/lucas-maia/8789;2026-10-08
PRO_055;precision_coup_franc;fc27_futwiz;https://www.futwiz.com/fc27/player/lucas-maia/8789;2026-10-08
PRO_055;passe_courte;fc27_futwiz;https://www.futwiz.com/fc27/player/lucas-maia/8789;2026-10-08
PRO_055;passe_longue;fc27_futwiz;https://www.futwiz.com/fc27/player/lucas-maia/8789;2026-10-08
PRO_055;effet;fc27_futwiz;https://www.futwiz.com/fc27/player/lucas-maia/8789;2026-10-08
PRO_055;note_passe;fc27_futwiz;https://www.futwiz.com/fc27/player/lucas-maia/8789;2026-10-08
PRO_055;agilite;fc27_futwiz;https://www.futwiz.com/fc27/player/lucas-maia/8789;2026-10-08
PRO_055;equilibre;fc27_futwiz;https://www.futwiz.com/fc27/player/lucas-maia/8789;2026-10-08
PRO_055;reactivite;fc27_futwiz;https://www.futwiz.com/fc27/player/lucas-maia/8789;2026-10-08
PRO_055;conduite_de_balle;fc27_futwiz;https://www.futwiz.com/fc27/player/lucas-maia/8789;2026-10-08
PRO_055;dribble;fc27_futwiz;https://www.futwiz.com/fc27/player/lucas-maia/8789;2026-10-08
PRO_055;calme;fc27_futwiz;https://www.futwiz.com/fc27/player/lucas-maia/8789;2026-10-08
PRO_055;note_dribble;fc27_futwiz;https://www.futwiz.com/fc27/player/lucas-maia/8789;2026-10-08
PRO_055;interception;fc27_futwiz;https://www.futwiz.com/fc27/player/lucas-maia/8789;2026-10-08
PRO_055;precision_de_la_tete;fc27_futwiz;https://www.futwiz.com/fc27/player/lucas-maia/8789;2026-10-08
PRO_055;lucidite_defensive;fc27_futwiz;https://www.futwiz.com/fc27/player/lucas-maia/8789;2026-10-08
PRO_055;tacle_debout;fc27_futwiz;https://www.futwiz.com/fc27/player/lucas-maia/8789;2026-10-08
PRO_055;tacle_glisse;fc27_futwiz;https://www.futwiz.com/fc27/player/lucas-maia/8789;2026-10-08
PRO_055;note_defense;fc27_futwiz;https://www.futwiz.com/fc27/player/lucas-maia/8789;2026-10-08
PRO_055;detente;fc27_futwiz;https://www.futwiz.com/fc27/player/lucas-maia/8789;2026-10-08
PRO_055;endurance;fc27_futwiz;https://www.futwiz.com/fc27/player/lucas-maia/8789;2026-10-08
PRO_055;force;fc27_futwiz;https://www.futwiz.com/fc27/player/lucas-maia/8789;2026-10-08
PRO_055;agressivite;fc27_futwiz;https://www.futwiz.com/fc27/player/lucas-maia/8789;2026-10-08
PRO_055;note_physique;fc27_futwiz;https://www.futwiz.com/fc27/player/lucas-maia/8789;2026-10-08
PRO_055;gardien_plongeon;non_applicable;;2026-10-08
PRO_055;gardien_prise_de_balle;non_applicable;;2026-10-08
PRO_055;gardien_jeu_au_pied;non_applicable;;2026-10-08
PRO_055;gardien_reflexes;non_applicable;;2026-10-08
PRO_055;gardien_sorties;non_applicable;;2026-10-08
PRO_055;gardien_placement;non_applicable;;2026-10-08
PRO_055;nom_fc27;fc27_futwiz;https://www.futwiz.com/fc27/player/lucas-maia/8789;2026-10-08
PRO_055;note_generale_fc27;fc27_futwiz;https://www.futwiz.com/fc27/player/lucas-maia/8789;2026-10-08
PRO_055;poste_fc27;fc27_futwiz;https://www.futwiz.com/fc27/player/lucas-maia/8789;2026-10-08
PRO_055;groupe_poste_fc27;derive_fc27;https://www.futwiz.com/fc27/player/lucas-maia/8789;2026-10-08
PRO_055;fc27_url;metadonnee;;2026-10-08
PRO_055;fc27_id_fiche;metadonnee;;2026-10-08
PRO_055;fc27_version_carte;metadonnee;;2026-10-08
PRO_055;playstyles_fc27_observes;fc27_futwiz;https://www.futwiz.com/fc27/player/lucas-maia/8789;2026-10-08
PRO_055;gardien_vitesse;non_applicable;;2026-10-08
PRO_055;statut_import_fc27;metadonnee;;2026-10-08
PRO_055;provenance_biometrie;metadonnee;;2026-10-08
PRO_055;provenance_pied_fort;metadonnee;;2026-10-08
PRO_055;provenance_attributs;metadonnee;;2026-10-08
PRO_055;provenance_notes_groupes;metadonnee;;2026-10-08
PRO_055;provenance_scenario;metadonnee;;2026-10-08
PRO_056;joueur_id;metadonnee;;2026-10-08
PRO_056;nom;fc27_futwiz;https://www.futwiz.com/fc27/player/guy-mbenza/8788;2026-10-08
PRO_056;type_joueur;metadonnee;;2026-10-08
PRO_056;club;non_disponible;;2026-10-08
PRO_056;groupe_poste;derive_fc27;https://www.futwiz.com/fc27/player/guy-mbenza/8788;2026-10-08
PRO_056;gardien;fc27_futwiz;https://www.futwiz.com/fc27/player/guy-mbenza/8788;2026-10-08
PRO_056;date_reference;metadonnee;;2026-10-08
PRO_056;date_naissance_simulee;simule;;2026-10-08
PRO_056;age;simule;;2026-10-08
PRO_056;taille_cm;simule;;2026-10-08
PRO_056;poids_kg;simule;;2026-10-08
PRO_056;pied_fort;fc27_futwiz;https://www.futwiz.com/fc27/player/guy-mbenza/8788;2026-10-08
PRO_056;personnalite_tags;simule;;2026-10-08
PRO_056;specialite_tags;simule;;2026-10-08
PRO_056;langues_parlees;simule;;2026-10-08
PRO_056;relation_equipe_score;simule;;2026-10-08
PRO_056;satisfaction_score;simule;;2026-10-08
PRO_056;satisfaction_motif;simule;;2026-10-08
PRO_056;fatigue_score;simule;;2026-10-08
PRO_056;sante_score;simule;;2026-10-08
PRO_056;statut_sante;simule;;2026-10-08
PRO_056;indicateur_sante;simule;;2026-10-08
PRO_056;disponibilite;simule;;2026-10-08
PRO_056;retour_prevu;non_disponible;;2026-10-08
PRO_056;nb_blessures_12_mois;simule;;2026-10-08
PRO_056;affinites_positives_ids;simule;;2026-10-08
PRO_056;affinites_negatives_ids;simule;;2026-10-08
PRO_056;provenance_identite;metadonnee;;2026-10-08
PRO_056;provenance_groupe_poste;metadonnee;;2026-10-08
PRO_056;provenance_autres_champs;metadonnee;;2026-10-08
PRO_056;source_url;metadonnee;;2026-10-08
PRO_056;source_consultee_le;metadonnee;;2026-10-08
PRO_056;relation_equipe_general;simule;;2026-10-08
PRO_056;acceleration;fc27_futwiz;https://www.futwiz.com/fc27/player/guy-mbenza/8788;2026-10-08
PRO_056;vitesse_de_pointe;fc27_futwiz;https://www.futwiz.com/fc27/player/guy-mbenza/8788;2026-10-08
PRO_056;note_vitesse;fc27_futwiz;https://www.futwiz.com/fc27/player/guy-mbenza/8788;2026-10-08
PRO_056;placement_offensif;fc27_futwiz;https://www.futwiz.com/fc27/player/guy-mbenza/8788;2026-10-08
PRO_056;finition;fc27_futwiz;https://www.futwiz.com/fc27/player/guy-mbenza/8788;2026-10-08
PRO_056;puissance_de_tir;fc27_futwiz;https://www.futwiz.com/fc27/player/guy-mbenza/8788;2026-10-08
PRO_056;tir_de_loin;fc27_futwiz;https://www.futwiz.com/fc27/player/guy-mbenza/8788;2026-10-08
PRO_056;volee;fc27_futwiz;https://www.futwiz.com/fc27/player/guy-mbenza/8788;2026-10-08
PRO_056;penalty;fc27_futwiz;https://www.futwiz.com/fc27/player/guy-mbenza/8788;2026-10-08
PRO_056;note_frappe;fc27_futwiz;https://www.futwiz.com/fc27/player/guy-mbenza/8788;2026-10-08
PRO_056;vista;fc27_futwiz;https://www.futwiz.com/fc27/player/guy-mbenza/8788;2026-10-08
PRO_056;centre;fc27_futwiz;https://www.futwiz.com/fc27/player/guy-mbenza/8788;2026-10-08
PRO_056;precision_coup_franc;fc27_futwiz;https://www.futwiz.com/fc27/player/guy-mbenza/8788;2026-10-08
PRO_056;passe_courte;fc27_futwiz;https://www.futwiz.com/fc27/player/guy-mbenza/8788;2026-10-08
PRO_056;passe_longue;fc27_futwiz;https://www.futwiz.com/fc27/player/guy-mbenza/8788;2026-10-08
PRO_056;effet;fc27_futwiz;https://www.futwiz.com/fc27/player/guy-mbenza/8788;2026-10-08
PRO_056;note_passe;fc27_futwiz;https://www.futwiz.com/fc27/player/guy-mbenza/8788;2026-10-08
PRO_056;agilite;fc27_futwiz;https://www.futwiz.com/fc27/player/guy-mbenza/8788;2026-10-08
PRO_056;equilibre;fc27_futwiz;https://www.futwiz.com/fc27/player/guy-mbenza/8788;2026-10-08
PRO_056;reactivite;fc27_futwiz;https://www.futwiz.com/fc27/player/guy-mbenza/8788;2026-10-08
PRO_056;conduite_de_balle;fc27_futwiz;https://www.futwiz.com/fc27/player/guy-mbenza/8788;2026-10-08
PRO_056;dribble;fc27_futwiz;https://www.futwiz.com/fc27/player/guy-mbenza/8788;2026-10-08
PRO_056;calme;fc27_futwiz;https://www.futwiz.com/fc27/player/guy-mbenza/8788;2026-10-08
PRO_056;note_dribble;fc27_futwiz;https://www.futwiz.com/fc27/player/guy-mbenza/8788;2026-10-08
PRO_056;interception;fc27_futwiz;https://www.futwiz.com/fc27/player/guy-mbenza/8788;2026-10-08
PRO_056;precision_de_la_tete;fc27_futwiz;https://www.futwiz.com/fc27/player/guy-mbenza/8788;2026-10-08
PRO_056;lucidite_defensive;fc27_futwiz;https://www.futwiz.com/fc27/player/guy-mbenza/8788;2026-10-08
PRO_056;tacle_debout;fc27_futwiz;https://www.futwiz.com/fc27/player/guy-mbenza/8788;2026-10-08
PRO_056;tacle_glisse;fc27_futwiz;https://www.futwiz.com/fc27/player/guy-mbenza/8788;2026-10-08
PRO_056;note_defense;fc27_futwiz;https://www.futwiz.com/fc27/player/guy-mbenza/8788;2026-10-08
PRO_056;detente;fc27_futwiz;https://www.futwiz.com/fc27/player/guy-mbenza/8788;2026-10-08
PRO_056;endurance;fc27_futwiz;https://www.futwiz.com/fc27/player/guy-mbenza/8788;2026-10-08
PRO_056;force;fc27_futwiz;https://www.futwiz.com/fc27/player/guy-mbenza/8788;2026-10-08
PRO_056;agressivite;fc27_futwiz;https://www.futwiz.com/fc27/player/guy-mbenza/8788;2026-10-08
PRO_056;note_physique;fc27_futwiz;https://www.futwiz.com/fc27/player/guy-mbenza/8788;2026-10-08
PRO_056;gardien_plongeon;non_applicable;;2026-10-08
PRO_056;gardien_prise_de_balle;non_applicable;;2026-10-08
PRO_056;gardien_jeu_au_pied;non_applicable;;2026-10-08
PRO_056;gardien_reflexes;non_applicable;;2026-10-08
PRO_056;gardien_sorties;non_applicable;;2026-10-08
PRO_056;gardien_placement;non_applicable;;2026-10-08
PRO_056;nom_fc27;fc27_futwiz;https://www.futwiz.com/fc27/player/guy-mbenza/8788;2026-10-08
PRO_056;note_generale_fc27;fc27_futwiz;https://www.futwiz.com/fc27/player/guy-mbenza/8788;2026-10-08
PRO_056;poste_fc27;fc27_futwiz;https://www.futwiz.com/fc27/player/guy-mbenza/8788;2026-10-08
PRO_056;groupe_poste_fc27;derive_fc27;https://www.futwiz.com/fc27/player/guy-mbenza/8788;2026-10-08
PRO_056;fc27_url;metadonnee;;2026-10-08
PRO_056;fc27_id_fiche;metadonnee;;2026-10-08
PRO_056;fc27_version_carte;metadonnee;;2026-10-08
PRO_056;playstyles_fc27_observes;fc27_futwiz;https://www.futwiz.com/fc27/player/guy-mbenza/8788;2026-10-08
PRO_056;gardien_vitesse;non_applicable;;2026-10-08
PRO_056;statut_import_fc27;metadonnee;;2026-10-08
PRO_056;provenance_biometrie;metadonnee;;2026-10-08
PRO_056;provenance_pied_fort;metadonnee;;2026-10-08
PRO_056;provenance_attributs;metadonnee;;2026-10-08
PRO_056;provenance_notes_groupes;metadonnee;;2026-10-08
PRO_056;provenance_scenario;metadonnee;;2026-10-08
PRO_057;joueur_id;metadonnee;;2026-10-08
PRO_057;nom;fc27_futwiz;https://www.futwiz.com/fc27/player/alexandru-cimpanu/8787;2026-10-08
PRO_057;type_joueur;metadonnee;;2026-10-08
PRO_057;club;non_disponible;;2026-10-08
PRO_057;groupe_poste;derive_fc27;https://www.futwiz.com/fc27/player/alexandru-cimpanu/8787;2026-10-08
PRO_057;gardien;fc27_futwiz;https://www.futwiz.com/fc27/player/alexandru-cimpanu/8787;2026-10-08
PRO_057;date_reference;metadonnee;;2026-10-08
PRO_057;date_naissance_simulee;simule;;2026-10-08
PRO_057;age;simule;;2026-10-08
PRO_057;taille_cm;simule;;2026-10-08
PRO_057;poids_kg;simule;;2026-10-08
PRO_057;pied_fort;fc27_futwiz;https://www.futwiz.com/fc27/player/alexandru-cimpanu/8787;2026-10-08
PRO_057;personnalite_tags;simule;;2026-10-08
PRO_057;specialite_tags;simule;;2026-10-08
PRO_057;langues_parlees;simule;;2026-10-08
PRO_057;relation_equipe_score;simule;;2026-10-08
PRO_057;satisfaction_score;simule;;2026-10-08
PRO_057;satisfaction_motif;simule;;2026-10-08
PRO_057;fatigue_score;simule;;2026-10-08
PRO_057;sante_score;simule;;2026-10-08
PRO_057;statut_sante;simule;;2026-10-08
PRO_057;indicateur_sante;simule;;2026-10-08
PRO_057;disponibilite;simule;;2026-10-08
PRO_057;retour_prevu;simule;;2026-10-08
PRO_057;nb_blessures_12_mois;simule;;2026-10-08
PRO_057;affinites_positives_ids;simule;;2026-10-08
PRO_057;affinites_negatives_ids;simule;;2026-10-08
PRO_057;provenance_identite;metadonnee;;2026-10-08
PRO_057;provenance_groupe_poste;metadonnee;;2026-10-08
PRO_057;provenance_autres_champs;metadonnee;;2026-10-08
PRO_057;source_url;metadonnee;;2026-10-08
PRO_057;source_consultee_le;metadonnee;;2026-10-08
PRO_057;relation_equipe_general;simule;;2026-10-08
PRO_057;acceleration;fc27_futwiz;https://www.futwiz.com/fc27/player/alexandru-cimpanu/8787;2026-10-08
PRO_057;vitesse_de_pointe;fc27_futwiz;https://www.futwiz.com/fc27/player/alexandru-cimpanu/8787;2026-10-08
PRO_057;note_vitesse;fc27_futwiz;https://www.futwiz.com/fc27/player/alexandru-cimpanu/8787;2026-10-08
PRO_057;placement_offensif;fc27_futwiz;https://www.futwiz.com/fc27/player/alexandru-cimpanu/8787;2026-10-08
PRO_057;finition;fc27_futwiz;https://www.futwiz.com/fc27/player/alexandru-cimpanu/8787;2026-10-08
PRO_057;puissance_de_tir;fc27_futwiz;https://www.futwiz.com/fc27/player/alexandru-cimpanu/8787;2026-10-08
PRO_057;tir_de_loin;fc27_futwiz;https://www.futwiz.com/fc27/player/alexandru-cimpanu/8787;2026-10-08
PRO_057;volee;fc27_futwiz;https://www.futwiz.com/fc27/player/alexandru-cimpanu/8787;2026-10-08
PRO_057;penalty;fc27_futwiz;https://www.futwiz.com/fc27/player/alexandru-cimpanu/8787;2026-10-08
PRO_057;note_frappe;fc27_futwiz;https://www.futwiz.com/fc27/player/alexandru-cimpanu/8787;2026-10-08
PRO_057;vista;fc27_futwiz;https://www.futwiz.com/fc27/player/alexandru-cimpanu/8787;2026-10-08
PRO_057;centre;fc27_futwiz;https://www.futwiz.com/fc27/player/alexandru-cimpanu/8787;2026-10-08
PRO_057;precision_coup_franc;fc27_futwiz;https://www.futwiz.com/fc27/player/alexandru-cimpanu/8787;2026-10-08
PRO_057;passe_courte;fc27_futwiz;https://www.futwiz.com/fc27/player/alexandru-cimpanu/8787;2026-10-08
PRO_057;passe_longue;fc27_futwiz;https://www.futwiz.com/fc27/player/alexandru-cimpanu/8787;2026-10-08
PRO_057;effet;fc27_futwiz;https://www.futwiz.com/fc27/player/alexandru-cimpanu/8787;2026-10-08
PRO_057;note_passe;fc27_futwiz;https://www.futwiz.com/fc27/player/alexandru-cimpanu/8787;2026-10-08
PRO_057;agilite;fc27_futwiz;https://www.futwiz.com/fc27/player/alexandru-cimpanu/8787;2026-10-08
PRO_057;equilibre;fc27_futwiz;https://www.futwiz.com/fc27/player/alexandru-cimpanu/8787;2026-10-08
PRO_057;reactivite;fc27_futwiz;https://www.futwiz.com/fc27/player/alexandru-cimpanu/8787;2026-10-08
PRO_057;conduite_de_balle;fc27_futwiz;https://www.futwiz.com/fc27/player/alexandru-cimpanu/8787;2026-10-08
PRO_057;dribble;fc27_futwiz;https://www.futwiz.com/fc27/player/alexandru-cimpanu/8787;2026-10-08
PRO_057;calme;fc27_futwiz;https://www.futwiz.com/fc27/player/alexandru-cimpanu/8787;2026-10-08
PRO_057;note_dribble;fc27_futwiz;https://www.futwiz.com/fc27/player/alexandru-cimpanu/8787;2026-10-08
PRO_057;interception;fc27_futwiz;https://www.futwiz.com/fc27/player/alexandru-cimpanu/8787;2026-10-08
PRO_057;precision_de_la_tete;fc27_futwiz;https://www.futwiz.com/fc27/player/alexandru-cimpanu/8787;2026-10-08
PRO_057;lucidite_defensive;fc27_futwiz;https://www.futwiz.com/fc27/player/alexandru-cimpanu/8787;2026-10-08
PRO_057;tacle_debout;fc27_futwiz;https://www.futwiz.com/fc27/player/alexandru-cimpanu/8787;2026-10-08
PRO_057;tacle_glisse;fc27_futwiz;https://www.futwiz.com/fc27/player/alexandru-cimpanu/8787;2026-10-08
PRO_057;note_defense;fc27_futwiz;https://www.futwiz.com/fc27/player/alexandru-cimpanu/8787;2026-10-08
PRO_057;detente;fc27_futwiz;https://www.futwiz.com/fc27/player/alexandru-cimpanu/8787;2026-10-08
PRO_057;endurance;fc27_futwiz;https://www.futwiz.com/fc27/player/alexandru-cimpanu/8787;2026-10-08
PRO_057;force;fc27_futwiz;https://www.futwiz.com/fc27/player/alexandru-cimpanu/8787;2026-10-08
PRO_057;agressivite;fc27_futwiz;https://www.futwiz.com/fc27/player/alexandru-cimpanu/8787;2026-10-08
PRO_057;note_physique;fc27_futwiz;https://www.futwiz.com/fc27/player/alexandru-cimpanu/8787;2026-10-08
PRO_057;gardien_plongeon;non_applicable;;2026-10-08
PRO_057;gardien_prise_de_balle;non_applicable;;2026-10-08
PRO_057;gardien_jeu_au_pied;non_applicable;;2026-10-08
PRO_057;gardien_reflexes;non_applicable;;2026-10-08
PRO_057;gardien_sorties;non_applicable;;2026-10-08
PRO_057;gardien_placement;non_applicable;;2026-10-08
PRO_057;nom_fc27;fc27_futwiz;https://www.futwiz.com/fc27/player/alexandru-cimpanu/8787;2026-10-08
PRO_057;note_generale_fc27;fc27_futwiz;https://www.futwiz.com/fc27/player/alexandru-cimpanu/8787;2026-10-08
PRO_057;poste_fc27;fc27_futwiz;https://www.futwiz.com/fc27/player/alexandru-cimpanu/8787;2026-10-08
PRO_057;groupe_poste_fc27;derive_fc27;https://www.futwiz.com/fc27/player/alexandru-cimpanu/8787;2026-10-08
PRO_057;fc27_url;metadonnee;;2026-10-08
PRO_057;fc27_id_fiche;metadonnee;;2026-10-08
PRO_057;fc27_version_carte;metadonnee;;2026-10-08
PRO_057;playstyles_fc27_observes;fc27_futwiz;https://www.futwiz.com/fc27/player/alexandru-cimpanu/8787;2026-10-08
PRO_057;gardien_vitesse;non_applicable;;2026-10-08
PRO_057;statut_import_fc27;metadonnee;;2026-10-08
PRO_057;provenance_biometrie;metadonnee;;2026-10-08
PRO_057;provenance_pied_fort;metadonnee;;2026-10-08
PRO_057;provenance_attributs;metadonnee;;2026-10-08
PRO_057;provenance_notes_groupes;metadonnee;;2026-10-08
PRO_057;provenance_scenario;metadonnee;;2026-10-08
PRO_058;joueur_id;metadonnee;;2026-10-08
PRO_058;nom;fc27_futwiz;https://www.futwiz.com/fc27/player/lucas-possignolo/8786;2026-10-08
PRO_058;type_joueur;metadonnee;;2026-10-08
PRO_058;club;non_disponible;;2026-10-08
PRO_058;groupe_poste;derive_fc27;https://www.futwiz.com/fc27/player/lucas-possignolo/8786;2026-10-08
PRO_058;gardien;fc27_futwiz;https://www.futwiz.com/fc27/player/lucas-possignolo/8786;2026-10-08
PRO_058;date_reference;metadonnee;;2026-10-08
PRO_058;date_naissance_simulee;simule;;2026-10-08
PRO_058;age;simule;;2026-10-08
PRO_058;taille_cm;simule;;2026-10-08
PRO_058;poids_kg;simule;;2026-10-08
PRO_058;pied_fort;fc27_futwiz;https://www.futwiz.com/fc27/player/lucas-possignolo/8786;2026-10-08
PRO_058;personnalite_tags;simule;;2026-10-08
PRO_058;specialite_tags;simule;;2026-10-08
PRO_058;langues_parlees;simule;;2026-10-08
PRO_058;relation_equipe_score;simule;;2026-10-08
PRO_058;satisfaction_score;simule;;2026-10-08
PRO_058;satisfaction_motif;simule;;2026-10-08
PRO_058;fatigue_score;simule;;2026-10-08
PRO_058;sante_score;simule;;2026-10-08
PRO_058;statut_sante;simule;;2026-10-08
PRO_058;indicateur_sante;simule;;2026-10-08
PRO_058;disponibilite;simule;;2026-10-08
PRO_058;retour_prevu;non_disponible;;2026-10-08
PRO_058;nb_blessures_12_mois;simule;;2026-10-08
PRO_058;affinites_positives_ids;simule;;2026-10-08
PRO_058;affinites_negatives_ids;simule;;2026-10-08
PRO_058;provenance_identite;metadonnee;;2026-10-08
PRO_058;provenance_groupe_poste;metadonnee;;2026-10-08
PRO_058;provenance_autres_champs;metadonnee;;2026-10-08
PRO_058;source_url;metadonnee;;2026-10-08
PRO_058;source_consultee_le;metadonnee;;2026-10-08
PRO_058;relation_equipe_general;simule;;2026-10-08
PRO_058;acceleration;fc27_futwiz;https://www.futwiz.com/fc27/player/lucas-possignolo/8786;2026-10-08
PRO_058;vitesse_de_pointe;fc27_futwiz;https://www.futwiz.com/fc27/player/lucas-possignolo/8786;2026-10-08
PRO_058;note_vitesse;fc27_futwiz;https://www.futwiz.com/fc27/player/lucas-possignolo/8786;2026-10-08
PRO_058;placement_offensif;fc27_futwiz;https://www.futwiz.com/fc27/player/lucas-possignolo/8786;2026-10-08
PRO_058;finition;fc27_futwiz;https://www.futwiz.com/fc27/player/lucas-possignolo/8786;2026-10-08
PRO_058;puissance_de_tir;fc27_futwiz;https://www.futwiz.com/fc27/player/lucas-possignolo/8786;2026-10-08
PRO_058;tir_de_loin;fc27_futwiz;https://www.futwiz.com/fc27/player/lucas-possignolo/8786;2026-10-08
PRO_058;volee;fc27_futwiz;https://www.futwiz.com/fc27/player/lucas-possignolo/8786;2026-10-08
PRO_058;penalty;fc27_futwiz;https://www.futwiz.com/fc27/player/lucas-possignolo/8786;2026-10-08
PRO_058;note_frappe;fc27_futwiz;https://www.futwiz.com/fc27/player/lucas-possignolo/8786;2026-10-08
PRO_058;vista;fc27_futwiz;https://www.futwiz.com/fc27/player/lucas-possignolo/8786;2026-10-08
PRO_058;centre;fc27_futwiz;https://www.futwiz.com/fc27/player/lucas-possignolo/8786;2026-10-08
PRO_058;precision_coup_franc;fc27_futwiz;https://www.futwiz.com/fc27/player/lucas-possignolo/8786;2026-10-08
PRO_058;passe_courte;fc27_futwiz;https://www.futwiz.com/fc27/player/lucas-possignolo/8786;2026-10-08
PRO_058;passe_longue;fc27_futwiz;https://www.futwiz.com/fc27/player/lucas-possignolo/8786;2026-10-08
PRO_058;effet;fc27_futwiz;https://www.futwiz.com/fc27/player/lucas-possignolo/8786;2026-10-08
PRO_058;note_passe;fc27_futwiz;https://www.futwiz.com/fc27/player/lucas-possignolo/8786;2026-10-08
PRO_058;agilite;fc27_futwiz;https://www.futwiz.com/fc27/player/lucas-possignolo/8786;2026-10-08
PRO_058;equilibre;fc27_futwiz;https://www.futwiz.com/fc27/player/lucas-possignolo/8786;2026-10-08
PRO_058;reactivite;fc27_futwiz;https://www.futwiz.com/fc27/player/lucas-possignolo/8786;2026-10-08
PRO_058;conduite_de_balle;fc27_futwiz;https://www.futwiz.com/fc27/player/lucas-possignolo/8786;2026-10-08
PRO_058;dribble;fc27_futwiz;https://www.futwiz.com/fc27/player/lucas-possignolo/8786;2026-10-08
PRO_058;calme;fc27_futwiz;https://www.futwiz.com/fc27/player/lucas-possignolo/8786;2026-10-08
PRO_058;note_dribble;fc27_futwiz;https://www.futwiz.com/fc27/player/lucas-possignolo/8786;2026-10-08
PRO_058;interception;fc27_futwiz;https://www.futwiz.com/fc27/player/lucas-possignolo/8786;2026-10-08
PRO_058;precision_de_la_tete;fc27_futwiz;https://www.futwiz.com/fc27/player/lucas-possignolo/8786;2026-10-08
PRO_058;lucidite_defensive;fc27_futwiz;https://www.futwiz.com/fc27/player/lucas-possignolo/8786;2026-10-08
PRO_058;tacle_debout;fc27_futwiz;https://www.futwiz.com/fc27/player/lucas-possignolo/8786;2026-10-08
PRO_058;tacle_glisse;fc27_futwiz;https://www.futwiz.com/fc27/player/lucas-possignolo/8786;2026-10-08
PRO_058;note_defense;fc27_futwiz;https://www.futwiz.com/fc27/player/lucas-possignolo/8786;2026-10-08
PRO_058;detente;fc27_futwiz;https://www.futwiz.com/fc27/player/lucas-possignolo/8786;2026-10-08
PRO_058;endurance;fc27_futwiz;https://www.futwiz.com/fc27/player/lucas-possignolo/8786;2026-10-08
PRO_058;force;fc27_futwiz;https://www.futwiz.com/fc27/player/lucas-possignolo/8786;2026-10-08
PRO_058;agressivite;fc27_futwiz;https://www.futwiz.com/fc27/player/lucas-possignolo/8786;2026-10-08
PRO_058;note_physique;fc27_futwiz;https://www.futwiz.com/fc27/player/lucas-possignolo/8786;2026-10-08
PRO_058;gardien_plongeon;non_applicable;;2026-10-08
PRO_058;gardien_prise_de_balle;non_applicable;;2026-10-08
PRO_058;gardien_jeu_au_pied;non_applicable;;2026-10-08
PRO_058;gardien_reflexes;non_applicable;;2026-10-08
PRO_058;gardien_sorties;non_applicable;;2026-10-08
PRO_058;gardien_placement;non_applicable;;2026-10-08
PRO_058;nom_fc27;fc27_futwiz;https://www.futwiz.com/fc27/player/lucas-possignolo/8786;2026-10-08
PRO_058;note_generale_fc27;fc27_futwiz;https://www.futwiz.com/fc27/player/lucas-possignolo/8786;2026-10-08
PRO_058;poste_fc27;fc27_futwiz;https://www.futwiz.com/fc27/player/lucas-possignolo/8786;2026-10-08
PRO_058;groupe_poste_fc27;derive_fc27;https://www.futwiz.com/fc27/player/lucas-possignolo/8786;2026-10-08
PRO_058;fc27_url;metadonnee;;2026-10-08
PRO_058;fc27_id_fiche;metadonnee;;2026-10-08
PRO_058;fc27_version_carte;metadonnee;;2026-10-08
PRO_058;playstyles_fc27_observes;fc27_futwiz;https://www.futwiz.com/fc27/player/lucas-possignolo/8786;2026-10-08
PRO_058;gardien_vitesse;non_applicable;;2026-10-08
PRO_058;statut_import_fc27;metadonnee;;2026-10-08
PRO_058;provenance_biometrie;metadonnee;;2026-10-08
PRO_058;provenance_pied_fort;metadonnee;;2026-10-08
PRO_058;provenance_attributs;metadonnee;;2026-10-08
PRO_058;provenance_notes_groupes;metadonnee;;2026-10-08
PRO_058;provenance_scenario;metadonnee;;2026-10-08
PRO_059;joueur_id;metadonnee;;2026-10-08
PRO_059;nom;fc27_futwiz;https://www.futwiz.com/fc27/player/bruno-viana/8785;2026-10-08
PRO_059;type_joueur;metadonnee;;2026-10-08
PRO_059;club;non_disponible;;2026-10-08
PRO_059;groupe_poste;derive_fc27;https://www.futwiz.com/fc27/player/bruno-viana/8785;2026-10-08
PRO_059;gardien;fc27_futwiz;https://www.futwiz.com/fc27/player/bruno-viana/8785;2026-10-08
PRO_059;date_reference;metadonnee;;2026-10-08
PRO_059;date_naissance_simulee;simule;;2026-10-08
PRO_059;age;simule;;2026-10-08
PRO_059;taille_cm;simule;;2026-10-08
PRO_059;poids_kg;simule;;2026-10-08
PRO_059;pied_fort;fc27_futwiz;https://www.futwiz.com/fc27/player/bruno-viana/8785;2026-10-08
PRO_059;personnalite_tags;simule;;2026-10-08
PRO_059;specialite_tags;simule;;2026-10-08
PRO_059;langues_parlees;simule;;2026-10-08
PRO_059;relation_equipe_score;simule;;2026-10-08
PRO_059;satisfaction_score;simule;;2026-10-08
PRO_059;satisfaction_motif;simule;;2026-10-08
PRO_059;fatigue_score;simule;;2026-10-08
PRO_059;sante_score;simule;;2026-10-08
PRO_059;statut_sante;simule;;2026-10-08
PRO_059;indicateur_sante;simule;;2026-10-08
PRO_059;disponibilite;simule;;2026-10-08
PRO_059;retour_prevu;non_disponible;;2026-10-08
PRO_059;nb_blessures_12_mois;simule;;2026-10-08
PRO_059;affinites_positives_ids;simule;;2026-10-08
PRO_059;affinites_negatives_ids;simule;;2026-10-08
PRO_059;provenance_identite;metadonnee;;2026-10-08
PRO_059;provenance_groupe_poste;metadonnee;;2026-10-08
PRO_059;provenance_autres_champs;metadonnee;;2026-10-08
PRO_059;source_url;metadonnee;;2026-10-08
PRO_059;source_consultee_le;metadonnee;;2026-10-08
PRO_059;relation_equipe_general;simule;;2026-10-08
PRO_059;acceleration;fc27_futwiz;https://www.futwiz.com/fc27/player/bruno-viana/8785;2026-10-08
PRO_059;vitesse_de_pointe;fc27_futwiz;https://www.futwiz.com/fc27/player/bruno-viana/8785;2026-10-08
PRO_059;note_vitesse;fc27_futwiz;https://www.futwiz.com/fc27/player/bruno-viana/8785;2026-10-08
PRO_059;placement_offensif;fc27_futwiz;https://www.futwiz.com/fc27/player/bruno-viana/8785;2026-10-08
PRO_059;finition;fc27_futwiz;https://www.futwiz.com/fc27/player/bruno-viana/8785;2026-10-08
PRO_059;puissance_de_tir;fc27_futwiz;https://www.futwiz.com/fc27/player/bruno-viana/8785;2026-10-08
PRO_059;tir_de_loin;fc27_futwiz;https://www.futwiz.com/fc27/player/bruno-viana/8785;2026-10-08
PRO_059;volee;fc27_futwiz;https://www.futwiz.com/fc27/player/bruno-viana/8785;2026-10-08
PRO_059;penalty;fc27_futwiz;https://www.futwiz.com/fc27/player/bruno-viana/8785;2026-10-08
PRO_059;note_frappe;fc27_futwiz;https://www.futwiz.com/fc27/player/bruno-viana/8785;2026-10-08
PRO_059;vista;fc27_futwiz;https://www.futwiz.com/fc27/player/bruno-viana/8785;2026-10-08
PRO_059;centre;fc27_futwiz;https://www.futwiz.com/fc27/player/bruno-viana/8785;2026-10-08
PRO_059;precision_coup_franc;fc27_futwiz;https://www.futwiz.com/fc27/player/bruno-viana/8785;2026-10-08
PRO_059;passe_courte;fc27_futwiz;https://www.futwiz.com/fc27/player/bruno-viana/8785;2026-10-08
PRO_059;passe_longue;fc27_futwiz;https://www.futwiz.com/fc27/player/bruno-viana/8785;2026-10-08
PRO_059;effet;fc27_futwiz;https://www.futwiz.com/fc27/player/bruno-viana/8785;2026-10-08
PRO_059;note_passe;fc27_futwiz;https://www.futwiz.com/fc27/player/bruno-viana/8785;2026-10-08
PRO_059;agilite;fc27_futwiz;https://www.futwiz.com/fc27/player/bruno-viana/8785;2026-10-08
PRO_059;equilibre;fc27_futwiz;https://www.futwiz.com/fc27/player/bruno-viana/8785;2026-10-08
PRO_059;reactivite;fc27_futwiz;https://www.futwiz.com/fc27/player/bruno-viana/8785;2026-10-08
PRO_059;conduite_de_balle;fc27_futwiz;https://www.futwiz.com/fc27/player/bruno-viana/8785;2026-10-08
PRO_059;dribble;fc27_futwiz;https://www.futwiz.com/fc27/player/bruno-viana/8785;2026-10-08
PRO_059;calme;fc27_futwiz;https://www.futwiz.com/fc27/player/bruno-viana/8785;2026-10-08
PRO_059;note_dribble;fc27_futwiz;https://www.futwiz.com/fc27/player/bruno-viana/8785;2026-10-08
PRO_059;interception;fc27_futwiz;https://www.futwiz.com/fc27/player/bruno-viana/8785;2026-10-08
PRO_059;precision_de_la_tete;fc27_futwiz;https://www.futwiz.com/fc27/player/bruno-viana/8785;2026-10-08
PRO_059;lucidite_defensive;fc27_futwiz;https://www.futwiz.com/fc27/player/bruno-viana/8785;2026-10-08
PRO_059;tacle_debout;fc27_futwiz;https://www.futwiz.com/fc27/player/bruno-viana/8785;2026-10-08
PRO_059;tacle_glisse;fc27_futwiz;https://www.futwiz.com/fc27/player/bruno-viana/8785;2026-10-08
PRO_059;note_defense;fc27_futwiz;https://www.futwiz.com/fc27/player/bruno-viana/8785;2026-10-08
PRO_059;detente;fc27_futwiz;https://www.futwiz.com/fc27/player/bruno-viana/8785;2026-10-08
PRO_059;endurance;fc27_futwiz;https://www.futwiz.com/fc27/player/bruno-viana/8785;2026-10-08
PRO_059;force;fc27_futwiz;https://www.futwiz.com/fc27/player/bruno-viana/8785;2026-10-08
PRO_059;agressivite;fc27_futwiz;https://www.futwiz.com/fc27/player/bruno-viana/8785;2026-10-08
PRO_059;note_physique;fc27_futwiz;https://www.futwiz.com/fc27/player/bruno-viana/8785;2026-10-08
PRO_059;gardien_plongeon;non_applicable;;2026-10-08
PRO_059;gardien_prise_de_balle;non_applicable;;2026-10-08
PRO_059;gardien_jeu_au_pied;non_applicable;;2026-10-08
PRO_059;gardien_reflexes;non_applicable;;2026-10-08
PRO_059;gardien_sorties;non_applicable;;2026-10-08
PRO_059;gardien_placement;non_applicable;;2026-10-08
PRO_059;nom_fc27;fc27_futwiz;https://www.futwiz.com/fc27/player/bruno-viana/8785;2026-10-08
PRO_059;note_generale_fc27;fc27_futwiz;https://www.futwiz.com/fc27/player/bruno-viana/8785;2026-10-08
PRO_059;poste_fc27;fc27_futwiz;https://www.futwiz.com/fc27/player/bruno-viana/8785;2026-10-08
PRO_059;groupe_poste_fc27;derive_fc27;https://www.futwiz.com/fc27/player/bruno-viana/8785;2026-10-08
PRO_059;fc27_url;metadonnee;;2026-10-08
PRO_059;fc27_id_fiche;metadonnee;;2026-10-08
PRO_059;fc27_version_carte;metadonnee;;2026-10-08
PRO_059;playstyles_fc27_observes;fc27_futwiz;https://www.futwiz.com/fc27/player/bruno-viana/8785;2026-10-08
PRO_059;gardien_vitesse;non_applicable;;2026-10-08
PRO_059;statut_import_fc27;metadonnee;;2026-10-08
PRO_059;provenance_biometrie;metadonnee;;2026-10-08
PRO_059;provenance_pied_fort;metadonnee;;2026-10-08
PRO_059;provenance_attributs;metadonnee;;2026-10-08
PRO_059;provenance_notes_groupes;metadonnee;;2026-10-08
PRO_059;provenance_scenario;metadonnee;;2026-10-08
PRO_060;joueur_id;metadonnee;;2026-10-08
PRO_060;nom;fc27_futwiz;https://www.futwiz.com/fc27/player/zhang-yuning/8784;2026-10-08
PRO_060;type_joueur;metadonnee;;2026-10-08
PRO_060;club;non_disponible;;2026-10-08
PRO_060;groupe_poste;derive_fc27;https://www.futwiz.com/fc27/player/zhang-yuning/8784;2026-10-08
PRO_060;gardien;fc27_futwiz;https://www.futwiz.com/fc27/player/zhang-yuning/8784;2026-10-08
PRO_060;date_reference;metadonnee;;2026-10-08
PRO_060;date_naissance_simulee;simule;;2026-10-08
PRO_060;age;simule;;2026-10-08
PRO_060;taille_cm;simule;;2026-10-08
PRO_060;poids_kg;simule;;2026-10-08
PRO_060;pied_fort;fc27_futwiz;https://www.futwiz.com/fc27/player/zhang-yuning/8784;2026-10-08
PRO_060;personnalite_tags;simule;;2026-10-08
PRO_060;specialite_tags;simule;;2026-10-08
PRO_060;langues_parlees;simule;;2026-10-08
PRO_060;relation_equipe_score;simule;;2026-10-08
PRO_060;satisfaction_score;simule;;2026-10-08
PRO_060;satisfaction_motif;simule;;2026-10-08
PRO_060;fatigue_score;simule;;2026-10-08
PRO_060;sante_score;simule;;2026-10-08
PRO_060;statut_sante;simule;;2026-10-08
PRO_060;indicateur_sante;simule;;2026-10-08
PRO_060;disponibilite;simule;;2026-10-08
PRO_060;retour_prevu;non_disponible;;2026-10-08
PRO_060;nb_blessures_12_mois;simule;;2026-10-08
PRO_060;affinites_positives_ids;simule;;2026-10-08
PRO_060;affinites_negatives_ids;simule;;2026-10-08
PRO_060;provenance_identite;metadonnee;;2026-10-08
PRO_060;provenance_groupe_poste;metadonnee;;2026-10-08
PRO_060;provenance_autres_champs;metadonnee;;2026-10-08
PRO_060;source_url;metadonnee;;2026-10-08
PRO_060;source_consultee_le;metadonnee;;2026-10-08
PRO_060;relation_equipe_general;simule;;2026-10-08
PRO_060;acceleration;fc27_futwiz;https://www.futwiz.com/fc27/player/zhang-yuning/8784;2026-10-08
PRO_060;vitesse_de_pointe;fc27_futwiz;https://www.futwiz.com/fc27/player/zhang-yuning/8784;2026-10-08
PRO_060;note_vitesse;fc27_futwiz;https://www.futwiz.com/fc27/player/zhang-yuning/8784;2026-10-08
PRO_060;placement_offensif;fc27_futwiz;https://www.futwiz.com/fc27/player/zhang-yuning/8784;2026-10-08
PRO_060;finition;fc27_futwiz;https://www.futwiz.com/fc27/player/zhang-yuning/8784;2026-10-08
PRO_060;puissance_de_tir;fc27_futwiz;https://www.futwiz.com/fc27/player/zhang-yuning/8784;2026-10-08
PRO_060;tir_de_loin;fc27_futwiz;https://www.futwiz.com/fc27/player/zhang-yuning/8784;2026-10-08
PRO_060;volee;fc27_futwiz;https://www.futwiz.com/fc27/player/zhang-yuning/8784;2026-10-08
PRO_060;penalty;fc27_futwiz;https://www.futwiz.com/fc27/player/zhang-yuning/8784;2026-10-08
PRO_060;note_frappe;fc27_futwiz;https://www.futwiz.com/fc27/player/zhang-yuning/8784;2026-10-08
PRO_060;vista;fc27_futwiz;https://www.futwiz.com/fc27/player/zhang-yuning/8784;2026-10-08
PRO_060;centre;fc27_futwiz;https://www.futwiz.com/fc27/player/zhang-yuning/8784;2026-10-08
PRO_060;precision_coup_franc;fc27_futwiz;https://www.futwiz.com/fc27/player/zhang-yuning/8784;2026-10-08
PRO_060;passe_courte;fc27_futwiz;https://www.futwiz.com/fc27/player/zhang-yuning/8784;2026-10-08
PRO_060;passe_longue;fc27_futwiz;https://www.futwiz.com/fc27/player/zhang-yuning/8784;2026-10-08
PRO_060;effet;fc27_futwiz;https://www.futwiz.com/fc27/player/zhang-yuning/8784;2026-10-08
PRO_060;note_passe;fc27_futwiz;https://www.futwiz.com/fc27/player/zhang-yuning/8784;2026-10-08
PRO_060;agilite;fc27_futwiz;https://www.futwiz.com/fc27/player/zhang-yuning/8784;2026-10-08
PRO_060;equilibre;fc27_futwiz;https://www.futwiz.com/fc27/player/zhang-yuning/8784;2026-10-08
PRO_060;reactivite;fc27_futwiz;https://www.futwiz.com/fc27/player/zhang-yuning/8784;2026-10-08
PRO_060;conduite_de_balle;fc27_futwiz;https://www.futwiz.com/fc27/player/zhang-yuning/8784;2026-10-08
PRO_060;dribble;fc27_futwiz;https://www.futwiz.com/fc27/player/zhang-yuning/8784;2026-10-08
PRO_060;calme;fc27_futwiz;https://www.futwiz.com/fc27/player/zhang-yuning/8784;2026-10-08
PRO_060;note_dribble;fc27_futwiz;https://www.futwiz.com/fc27/player/zhang-yuning/8784;2026-10-08
PRO_060;interception;fc27_futwiz;https://www.futwiz.com/fc27/player/zhang-yuning/8784;2026-10-08
PRO_060;precision_de_la_tete;fc27_futwiz;https://www.futwiz.com/fc27/player/zhang-yuning/8784;2026-10-08
PRO_060;lucidite_defensive;fc27_futwiz;https://www.futwiz.com/fc27/player/zhang-yuning/8784;2026-10-08
PRO_060;tacle_debout;fc27_futwiz;https://www.futwiz.com/fc27/player/zhang-yuning/8784;2026-10-08
PRO_060;tacle_glisse;fc27_futwiz;https://www.futwiz.com/fc27/player/zhang-yuning/8784;2026-10-08
PRO_060;note_defense;fc27_futwiz;https://www.futwiz.com/fc27/player/zhang-yuning/8784;2026-10-08
PRO_060;detente;fc27_futwiz;https://www.futwiz.com/fc27/player/zhang-yuning/8784;2026-10-08
PRO_060;endurance;fc27_futwiz;https://www.futwiz.com/fc27/player/zhang-yuning/8784;2026-10-08
PRO_060;force;fc27_futwiz;https://www.futwiz.com/fc27/player/zhang-yuning/8784;2026-10-08
PRO_060;agressivite;fc27_futwiz;https://www.futwiz.com/fc27/player/zhang-yuning/8784;2026-10-08
PRO_060;note_physique;fc27_futwiz;https://www.futwiz.com/fc27/player/zhang-yuning/8784;2026-10-08
PRO_060;gardien_plongeon;non_applicable;;2026-10-08
PRO_060;gardien_prise_de_balle;non_applicable;;2026-10-08
PRO_060;gardien_jeu_au_pied;non_applicable;;2026-10-08
PRO_060;gardien_reflexes;non_applicable;;2026-10-08
PRO_060;gardien_sorties;non_applicable;;2026-10-08
PRO_060;gardien_placement;non_applicable;;2026-10-08
PRO_060;nom_fc27;fc27_futwiz;https://www.futwiz.com/fc27/player/zhang-yuning/8784;2026-10-08
PRO_060;note_generale_fc27;fc27_futwiz;https://www.futwiz.com/fc27/player/zhang-yuning/8784;2026-10-08
PRO_060;poste_fc27;fc27_futwiz;https://www.futwiz.com/fc27/player/zhang-yuning/8784;2026-10-08
PRO_060;groupe_poste_fc27;derive_fc27;https://www.futwiz.com/fc27/player/zhang-yuning/8784;2026-10-08
PRO_060;fc27_url;metadonnee;;2026-10-08
PRO_060;fc27_id_fiche;metadonnee;;2026-10-08
PRO_060;fc27_version_carte;metadonnee;;2026-10-08
PRO_060;playstyles_fc27_observes;fc27_futwiz;https://www.futwiz.com/fc27/player/zhang-yuning/8784;2026-10-08
PRO_060;gardien_vitesse;non_applicable;;2026-10-08
PRO_060;statut_import_fc27;metadonnee;;2026-10-08
PRO_060;provenance_biometrie;metadonnee;;2026-10-08
PRO_060;provenance_pied_fort;metadonnee;;2026-10-08
PRO_060;provenance_attributs;metadonnee;;2026-10-08
PRO_060;provenance_notes_groupes;metadonnee;;2026-10-08
PRO_060;provenance_scenario;metadonnee;;2026-10-08
